SSYUKKA,SYUKKASAKI,SYUKKAKOKU,UKEIRE,HINBAN,NONYUHIBIN,SMAKER,SKOKU,SEBANGO,PLANKANBANSU,SAKUSEITIME,移動工数,高さ,サイズ種類,ストア,納入先,引取済,登録日時,登録者,入車時間,_truck_key,_has_special_hinban,ローカルグループ番号,山通番,グループ番号,グルーピング番号
02N,8482,W,B3,581167801100,2026082101,1000,N,700,1,,313.7402,830,1,C15-A-1,KVC,未,2026-09-10T10:50:22Z,"Kotani, Miki/小谷 美輝",18:46,18:46,False,1.0,1,,
02N,8482,W,B7,581167801100,2026082101,1000,N,700,1,,313.7402,830,1,C15-A-1,KVC,未,2026-09-10T10:50:35Z,"Kotani, Miki/小谷 美輝",06:45,06:45,False,1.0,1,,
02N,8482,W,B7,537214206090,2026082101,1000,N,719,1,,194.1301,515,1,L12-C-5,KVC,未,2026-09-10T10:50:28Z,"Kotani, Miki/小谷 美輝",06:45,06:45,False,1.0,1,,
02N,8482,W,B3,581167801100,2026082401,1000,N,700,1,,313.7402,830,1,C15-A-1,KVC,未,2026-09-10T10:50:22Z,"Kotani, Miki/小谷 美輝",18:46,18:46,False,1.0,2,,
02N,8482,W,B7,581167801100,2026082401,1000,N,700,1,,313.7402,830,1,C15-A-1,KVC,未,2026-09-10T10:50:35Z,"Kotani, Miki/小谷 美輝",06:45,06:45,False,1.0,2,,
02N,8482,W,B7,537224207090,2026082401,1000,N,720,1,,194.1302,515,1,L12-D-8,KVC,未,2026-09-10T10:50:32Z,"Kotani, Miki/小谷 美輝",06:45,06:45,False,1.0,2,,
02N,8482,W,B7,581167801100,2026082402,1000,N,700,1,,313.7402,830,1,C15-A-1,KVC,未,2026-09-10T10:50:35Z,"Kotani, Miki/小谷 美輝",06:45,06:45,False,1.0,3,,
02N,8482,W,B7,537224207090,2026082402,1000,N,720,1,,194.1302,515,1,L12-D-8,KVC,未,2026-09-10T10:50:32Z,"Kotani, Miki/小谷 美輝",06:45,06:45,False,1.0,3,,
02N,8482,W,B7,537214206090,2026082501,1000,N,719,1,,194.1301,515,1,L12-C-5,KVC,未,2026-09-10T10:50:28Z,"Kotani, Miki/小谷 美輝",06:45,06:45,False,2.0,3,,
02N,8482,W,B7,537214206090,2026082402,1000,N,719,1,,194.1301,515,1,L12-C-5,KVC,未,2026-09-10T10:50:28Z,"Kotani, Miki/小谷 美輝",06:45,06:45,False,1.0,3,,
02N,8482,W,B3,581167801100,2026082403,1000,N,700,1,,313.7402,830,1,C15-A-1,KVC,未,2026-09-10T10:50:22Z,"Kotani, Miki/小谷 美輝",22:41,22:41,False,1.0,4,,
02N,8482,W,B7,581167801100,2026082403,1000,N,700,1,,313.7402,830,1,C15-A-1,KVC,未,2026-09-10T10:50:35Z,"Kotani, Miki/小谷 美輝",10:51,10:51,False,1.0,4,,
02N,1000,K,K5,583114214100,2026082701,829,L,730,1,,313.7401,750,1,C15-A-3,高岡,未,2026-09-10T10:50:57Z,"Kotani, Miki/小谷 美輝",22:59,22:59,False,1.0,4,,
02N,8482,W,B3,581167801100,2026082501,1000,N,700,1,,313.7402,830,1,C15-A-1,KVC,未,2026-09-10T10:50:22Z,"Kotani, Miki/小谷 美輝",18:46,18:46,False,1.0,5,,
02N,8482,W,B7,581167801100,2026082501,1000,N,700,1,,313.7402,830,1,C15-A-1,KVC,未,2026-09-10T10:50:35Z,"Kotani, Miki/小谷 美輝",06:45,06:45,False,1.0,5,,
02N,8482,W,B7,537224207090,2026082501,1000,N,720,1,,194.1302,515,1,L12-D-8,KVC,未,2026-09-10T10:50:32Z,"Kotani, Miki/小谷 美輝",06:45,06:45,False,1.0,5,,
02N,8482,W,B3,581167801100,2026082601,1000,N,700,1,,313.7402,830,1,C15-A-1,KVC,未,2026-09-10T10:50:23Z,"Kotani, Miki/小谷 美輝",18:46,18:46,False,1.0,6,,
02N,8482,W,B7,581167801100,2026082601,1000,N,700,1,,313.7402,830,1,C15-A-1,KVC,未,2026-09-10T10:50:35Z,"Kotani, Miki/小谷 美輝",06:45,06:45,False,1.0,6,,
02N,8482,W,B7,537224207090,2026082601,1000,N,720,1,,194.1302,515,1,L12-D-8,KVC,未,2026-09-10T10:50:33Z,"Kotani, Miki/小谷 美輝",06:45,06:45,False,1.0,6,,
02N,1000,K,K5,583114214100,2026082601,829,L,730,1,,313.7401,750,1,C15-A-3,高岡,未,2026-09-10T10:50:57Z,"Kotani, Miki/小谷 美輝",22:59,22:59,False,1.0,7,,
02N,1000,K,K5,537214206000,2026082601,829,L,719,1,,194.1301,515,1,L12-C-5,高岡,未,2026-09-10T10:50:51Z,"Kotani, Miki/小谷 美輝",22:59,22:59,False,1.0,7,,
02N,2982,2,07,631426010000,2026090909,1000,N,443,3,,72.916,1000,1,Q10-A-24,日野,未,2026-09-10T10:51:41Z,"Kotani, Miki/小谷 美輝",07:55,07:55,True,2.0,7,,
02N,8482,W,B7,582114202000,2026082701,1000,N,728,1,,346.5,550,1,C12-B-6,KVC,未,2026-09-10T10:50:37Z,"Kotani, Miki/小谷 美輝",06:45,06:45,False,1.0,8,,
02N,8482,W,B3,581167801100,2026082701,1000,N,700,1,,313.7402,830,1,C15-A-1,KVC,未,2026-09-10T10:50:23Z,"Kotani, Miki/小谷 美輝",18:46,18:46,False,1.0,8,,
02N,8482,W,B7,581167801100,2026082701,1000,N,700,1,,313.7402,830,1,C15-A-1,KVC,未,2026-09-10T10:50:36Z,"Kotani, Miki/小谷 美輝",06:45,06:45,False,1.0,8,,
02N,8482,W,B3,581167801100,2026082801,1000,N,700,1,,313.7402,830,1,C15-A-1,KVC,未,2026-09-10T10:50:23Z,"Kotani, Miki/小谷 美輝",18:46,18:46,False,1.0,9,,
02N,8482,W,B7,581167801100,2026082801,1000,N,700,1,,313.7402,830,1,C15-A-1,KVC,未,2026-09-10T10:50:36Z,"Kotani, Miki/小谷 美輝",06:45,06:45,False,1.0,9,,
02N,8482,W,B7,537224207090,2026082801,1000,N,720,1,,194.1302,515,1,L12-D-8,KVC,未,2026-09-10T10:50:33Z,"Kotani, Miki/小谷 美輝",06:45,06:45,False,1.0,9,,
02N,1000,K,K5,583114214100,2026082801,829,L,730,1,,313.7401,750,1,C15-A-3,高岡,未,2026-09-10T10:50:57Z,"Kotani, Miki/小谷 美輝",22:59,22:59,False,1.0,10,,
02N,1000,K,K5,581164203000,2026082801,829,L,726,1,,313.74,830,1,C15-B-5,高岡,未,2026-09-10T10:50:56Z,"Kotani, Miki/小谷 美輝",22:59,22:59,False,1.0,10,,
02N,1000,K,K5,537214206000,2026082801,829,L,719,1,,194.1301,515,1,L12-C-5,高岡,未,2026-09-10T10:50:51Z,"Kotani, Miki/小谷 美輝",22:59,22:59,False,1.0,10,,
02N,1000,D,2P,631426010000,2026090801,829,L,443,1,,16.6502,1000,1,Q9-A-9,三栄,未,2026-09-10T10:51:02Z,"Kotani, Miki/小谷 美輝",07:10,07:10,True,1.0,11,,
02N,8482,W,B3,581167801100,2026083101,1000,N,700,1,,313.7402,830,1,C15-A-1,KVC,未,2026-09-10T10:50:27Z,"Kotani, Miki/小谷 美輝",18:46,18:46,False,1.0,12,,
02N,8482,W,B7,581167801100,2026083101,1000,N,700,1,,313.7402,830,1,C15-A-1,KVC,未,2026-09-10T10:50:36Z,"Kotani, Miki/小谷 美輝",06:45,06:45,False,1.0,12,,
02N,8482,W,B7,537214206090,2026083101,1000,N,719,1,,194.1301,515,1,L12-C-5,KVC,未,2026-09-10T10:50:29Z,"Kotani, Miki/小谷 美輝",06:45,06:45,False,1.0,12,,
02N,1000,K,K5,583114214100,2026083101,829,L,730,1,,313.7401,750,1,C15-A-3,高岡,未,2026-09-10T10:50:57Z,"Kotani, Miki/小谷 美輝",22:59,22:59,False,1.0,13,,
02N,1000,K,K5,581164203000,2026083101,829,L,726,1,,313.74,830,1,C15-B-5,高岡,未,2026-09-10T10:50:56Z,"Kotani, Miki/小谷 美輝",22:59,22:59,False,1.0,13,,
02N,1000,K,K5,537224207000,2026083101,829,L,720,1,,194.1302,515,1,L12-D-8,高岡,未,2026-09-10T10:50:52Z,"Kotani, Miki/小谷 美輝",22:59,22:59,False,1.0,13,,
02N,8482,W,B3,581167801100,2026082407,1000,N,700,1,,313.7402,830,1,C15-A-1,KVC,未,2026-09-10T10:50:22Z,"Kotani, Miki/小谷 美輝",14:40,14:40,False,1.0,14,,
02N,1000,K,K5,583114214100,2026090201,829,L,730,1,,313.7401,750,1,C15-A-3,高岡,未,2026-09-10T10:50:57Z,"Kotani, Miki/小谷 美輝",22:59,22:59,False,1.0,14,,
02N,1000,K,K5,581164203000,2026090201,829,L,726,1,,313.74,830,1,C15-B-5,高岡,未,2026-09-10T10:50:56Z,"Kotani, Miki/小谷 美輝",22:59,22:59,False,1.0,14,,
02N,1000,K,K5,583114214100,2026090301,829,L,730,1,,313.7401,750,1,C15-A-3,高岡,未,2026-09-10T10:50:58Z,"Kotani, Miki/小谷 美輝",22:59,22:59,False,1.0,15,,
02N,1000,K,K5,537214206000,2026090301,829,L,719,1,,194.1301,515,1,L12-C-5,高岡,未,2026-09-10T10:50:51Z,"Kotani, Miki/小谷 美輝",22:59,22:59,False,1.0,15,,
02N,2982,2,07,631426010000,2026090806,1000,N,443,1,,72.916,1000,1,Q10-A-24,日野,未,2026-09-10T10:51:41Z,"Kotani, Miki/小谷 美輝",23:50,23:50,True,1.0,15,,
02N,8482,W,B3,581167801100,2026082607,1000,N,700,1,,313.7402,830,1,C15-A-1,KVC,未,2026-09-10T10:50:23Z,"Kotani, Miki/小谷 美輝",14:40,14:40,False,1.0,16,,
02N,1000,K,K5,583114214100,2026090401,829,L,730,1,,313.7401,750,1,C15-A-3,高岡,未,2026-09-10T10:50:58Z,"Kotani, Miki/小谷 美輝",22:59,22:59,False,1.0,16,,
02N,1000,K,K5,581164203000,2026090401,829,L,726,1,,313.74,830,1,C15-B-5,高岡,未,2026-09-10T10:50:56Z,"Kotani, Miki/小谷 美輝",22:59,22:59,False,1.0,16,,
02N,2982,2,06,486246006000,2026090701,1000,N,196,1,,72.913,750,1,Q10-A-13,日野,未,2026-09-10T10:51:22Z,"Kotani, Miki/小谷 美輝",17:00,17:00,False,1.0,17,,
02N,2982,2,06,486236006000,2026090701,1000,N,195,1,,72.912,750,1,Q10-A-12,日野,未,2026-09-10T10:51:19Z,"Kotani, Miki/小谷 美輝",17:00,17:00,False,1.0,17,,
02N,2982,2,06,486226006000,2026090701,1000,N,194,1,,72.911,750,1,Q10-A-11,日野,未,2026-09-10T10:51:17Z,"Kotani, Miki/小谷 美輝",17:00,17:00,False,1.0,17,,
02N,8482,W,B7,537214206090,2026083105,1000,N,719,1,,194.1301,515,1,L12-C-5,KVC,未,2026-09-10T10:50:29Z,"Kotani, Miki/小谷 美輝",14:40,14:40,False,1.0,18,,
02N,2982,2,06,486216006000,2026090701,1000,N,193,1,,72.91,750,1,Q10-A-10,日野,未,2026-09-10T10:51:16Z,"Kotani, Miki/小谷 美輝",17:00,17:00,False,2.0,18,,
02N,7371,4,28,582114202000,2026090701,1000,N,728,1,,346.5,550,1,C12-B-6,織機,未,2026-09-10T10:51:11Z,"Kotani, Miki/小谷 美輝",23:35,23:35,False,1.0,19,,
02N,7371,4,28,583114214100,2026090701,1000,N,730,2,,313.7401,750,1,C15-A-3,織機,未,2026-09-10T10:51:11Z,"Kotani, Miki/小谷 美輝",23:35,23:35,False,1.0,19,,
02N,7371,4,28,583114214100,2026090701,1000,N,730,2,,313.7401,750,1,C15-A-3,織機,未,2026-09-10T10:51:11Z,"Kotani, Miki/小谷 美輝",23:35,23:35,False,1.0,19,,
02N,1000,K,K5,581164203000,2026090701,829,L,726,1,,313.74,830,1,C15-B-5,高岡,未,2026-09-10T10:50:57Z,"Kotani, Miki/小谷 美輝",22:59,22:59,False,1.0,20,,
02N,1000,K,K5,537224207000,2026090701,829,L,720,1,,194.1302,515,1,L12-D-8,高岡,未,2026-09-10T10:50:52Z,"Kotani, Miki/小谷 美輝",22:59,22:59,False,1.0,20,,
02N,2982,2,07,631426010000,2026090706,1000,N,443,1,,72.916,1000,1,Q10-A-24,日野,未,2026-09-10T10:51:40Z,"Kotani, Miki/小谷 美輝",23:50,23:50,True,1.0,20,,
02N,1000,H,1W,571111101000,2026090501,829,L,319,1,,168.3905,800,1,N12-A-21,元町,未,2026-09-10T10:50:42Z,"Kotani, Miki/小谷 美輝",22:59,22:59,False,1.0,21,,
02N,1000,D,1P,671466020000,2026090704,829,L,478,2,,62.112,500,21,Q10-E-21,三栄,未,2026-09-10T10:51:02Z,"Kotani, Miki/小谷 美輝",22:00,22:00,False,1.0,21,,
02N,1000,D,1P,671466020000,2026090704,829,L,478,2,,62.112,500,21,Q10-E-21,三栄,未,2026-09-10T10:51:02Z,"Kotani, Miki/小谷 美輝",22:00,22:00,False,1.0,21,,
02N,1000,D,1P,671456020000,2026090704,829,L,477,1,,62.111,500,21,Q10-E-20,三栄,未,2026-09-10T10:51:02Z,"Kotani, Miki/小谷 美輝",22:00,22:00,False,1.0,21,,
02N,7371,4,28,583114214100,2026090707,1000,N,730,2,,313.7401,750,1,C15-A-3,織機,未,2026-09-10T10:51:11Z,"Kotani, Miki/小谷 美輝",18:15,18:15,False,1.0,22,,
02N,7371,4,28,583114214100,2026090707,1000,N,730,2,,313.7401,750,1,C15-A-3,織機,未,2026-09-10T10:51:11Z,"Kotani, Miki/小谷 美輝",18:15,18:15,False,1.0,22,,
02N,2982,2,07,631426010000,2026090801,1000,N,443,1,,72.916,1000,1,Q10-A-24,日野,未,2026-09-10T10:51:41Z,"Kotani, Miki/小谷 美輝",17:00,17:00,True,1.0,22,,
02N,2982,2,07,617426014000,2026090709,1000,N,438,2,,62.19,750,1,Q10-D-23,日野,未,2026-09-10T10:51:35Z,"Kotani, Miki/小谷 美輝",07:55,07:55,False,3.0,23,,
02N,2982,2,07,617426014000,2026090709,1000,N,438,2,,62.19,750,1,Q10-D-23,日野,未,2026-09-10T10:51:35Z,"Kotani, Miki/小谷 美輝",07:55,07:55,False,3.0,23,,
02N,1000,D,2P,631426010000,2026091101,829,L,443,1,,16.6502,1000,1,Q9-A-9,三栄,未,2026-09-10T10:51:02Z,"Kotani, Miki/小谷 美輝",07:10,07:10,True,1.0,23,,
02N,1000,K,K5,583114214100,2026091001,829,L,730,1,,313.7401,750,1,C15-A-3,高岡,未,2026-09-10T10:50:58Z,"Kotani, Miki/小谷 美輝",22:59,22:59,False,1.0,24,,
02N,2982,2,07,616246010000,2026090714,1000,N,432,1,,72.907,500,1,Q10-B-5,日野,未,2026-09-10T10:51:29Z,"Kotani, Miki/小谷 美輝",14:15,14:15,False,3.0,24,,
02N,2982,2,07,617416014000,2026090714,1000,N,437,1,,62.1901,750,1,Q10-D-25,日野,未,2026-09-10T10:51:31Z,"Kotani, Miki/小谷 美輝",14:15,14:15,False,3.0,24,,
02N,8482,W,B7,581167801100,2026090801,1000,N,700,1,,313.7402,830,1,C15-A-1,KVC,未,2026-09-10T10:50:36Z,"Kotani, Miki/小谷 美輝",06:45,06:45,False,1.0,25,,
02N,8482,W,B7,537224207090,2026082701,1000,N,720,1,,194.1302,515,1,L12-D-8,KVC,未,2026-09-10T10:50:33Z,"Kotani, Miki/小谷 美輝",06:45,06:45,False,2.0,25,,
02N,8482,W,B7,537214206090,2026082701,1000,N,719,1,,194.1301,515,1,L12-C-5,KVC,未,2026-09-10T10:50:29Z,"Kotani, Miki/小谷 美輝",06:45,06:45,False,2.0,25,,
02N,8482,W,B7,537214206090,2026090801,1000,N,719,1,,194.1301,515,1,L12-C-5,KVC,未,2026-09-10T10:50:30Z,"Kotani, Miki/小谷 美輝",06:45,06:45,False,1.0,25,,
02N,2982,2,07,631426010000,2026091001,1000,N,443,1,,72.916,1000,1,Q10-A-24,日野,未,2026-09-10T10:51:41Z,"Kotani, Miki/小谷 美輝",17:00,17:00,True,1.0,26,,
02N,2982,2,07,617416014000,2026090801,1000,N,437,1,,62.1901,750,1,Q10-D-25,日野,未,2026-09-10T10:51:31Z,"Kotani, Miki/小谷 美輝",17:00,17:00,False,3.0,26,,
02N,2982,2,07,617426014000,2026090801,1000,N,438,1,,62.19,750,1,Q10-D-23,日野,未,2026-09-10T10:51:35Z,"Kotani, Miki/小谷 美輝",17:00,17:00,False,3.0,26,,
02N,7371,4,28,582114202000,2026090801,1000,N,728,1,,346.5,550,1,C12-B-6,織機,未,2026-09-10T10:51:11Z,"Kotani, Miki/小谷 美輝",23:35,23:35,False,1.0,27,,
02N,7371,4,28,583114214100,2026090801,1000,N,730,2,,313.7401,750,1,C15-A-3,織機,未,2026-09-10T10:51:12Z,"Kotani, Miki/小谷 美輝",23:35,23:35,False,1.0,27,,
02N,7371,4,28,583114214100,2026090801,1000,N,730,2,,313.7401,750,1,C15-A-3,織機,未,2026-09-10T10:51:12Z,"Kotani, Miki/小谷 美輝",23:35,23:35,False,1.0,27,,
02N,1000,K,K5,583114214100,2026090101,829,L,730,1,,313.7401,750,1,C15-A-3,高岡,未,2026-09-10T10:50:57Z,"Kotani, Miki/小谷 美輝",22:59,22:59,False,1.0,28,,
02N,2982,2,W5,671456020000,2026090803,1000,N,477,1,,72.915,500,21,Q10-A-22,日野,未,2026-09-10T10:51:44Z,"Kotani, Miki/小谷 美輝",19:27,19:27,False,1.0,28,,
02N,2982,2,W5,671466020000,2026090803,1000,N,478,1,,72.914,500,21,Q10-A-20,日野,未,2026-09-10T10:51:46Z,"Kotani, Miki/小谷 美輝",19:27,19:27,False,1.0,28,,
02N,2982,2,07,617766003000,2026090803,1000,N,440,1,,72.905,500,21,Q10-B-1,日野,未,2026-09-10T10:51:39Z,"Kotani, Miki/小谷 美輝",19:27,19:27,False,1.0,28,,
02N,8482,W,B7,582114202000,2026091402,1000,N,728,1,,346.5,550,1,C12-B-6,KVC,未,2026-09-10T10:50:38Z,"Kotani, Miki/小谷 美輝",06:45,06:45,False,1.0,29,,
02N,8482,W,B7,581164203000,2026090901,1000,N,726,1,,313.74,830,1,C15-B-5,KVC,未,2026-09-10T10:50:35Z,"Kotani, Miki/小谷 美輝",06:45,06:45,False,1.0,29,,
02N,8482,W,B7,537214206090,2026090901,1000,N,719,1,,194.1301,515,1,L12-C-5,KVC,未,2026-09-10T10:50:30Z,"Kotani, Miki/小谷 美輝",06:45,06:45,False,1.0,29,,
02N,8482,W,B7,537214206090,2026091402,1000,N,719,1,,194.1301,515,1,L12-C-5,KVC,未,2026-09-10T10:50:32Z,"Kotani, Miki/小谷 美輝",06:45,06:45,False,1.0,29,,
02N,1000,D,2P,631426010000,2026090901,829,L,443,2,,16.6502,1000,1,Q9-A-9,三栄,未,2026-09-10T10:51:02Z,"Kotani, Miki/小谷 美輝",07:10,07:10,True,1.0,30,,
02N,1000,D,2P,631426010000,2026090901,829,L,443,2,,16.6502,1000,1,Q9-A-9,三栄,未,2026-09-10T10:51:02Z,"Kotani, Miki/小谷 美輝",07:10,07:10,True,1.0,30,,
02N,2982,2,07,631426011000,2026090901,1000,N,444,1,,72.919,515,1,Q10-A-30,日野,未,2026-09-10T10:51:43Z,"Kotani, Miki/小谷 美輝",17:00,17:00,False,2.0,31,,
02N,2982,2,06,486246006000,2026090901,1000,N,196,1,,72.913,750,1,Q10-A-13,日野,未,2026-09-10T10:51:22Z,"Kotani, Miki/小谷 美輝",17:00,17:00,False,2.0,31,,
02N,2982,2,06,486236006000,2026090901,1000,N,195,1,,72.912,750,1,Q10-A-12,日野,未,2026-09-10T10:51:20Z,"Kotani, Miki/小谷 美輝",17:00,17:00,False,2.0,31,,
02N,2982,2,06,486226006000,2026090901,1000,N,194,1,,72.911,750,1,Q10-A-11,日野,未,2026-09-10T10:51:18Z,"Kotani, Miki/小谷 美輝",17:00,17:00,False,3.0,32,,
02N,2982,2,06,486216006000,2026090901,1000,N,193,1,,72.91,750,1,Q10-A-10,日野,未,2026-09-10T10:51:16Z,"Kotani, Miki/小谷 美輝",17:00,17:00,False,3.0,32,,
02N,2982,2,07,616236014000,2026090901,1000,N,431,1,,72.908,500,1,Q10-B-7,日野,未,2026-09-10T10:51:28Z,"Kotani, Miki/小谷 美輝",17:00,17:00,False,3.0,32,,
02N,2982,2,07,616246010000,2026090901,1000,N,432,1,,72.907,500,1,Q10-B-5,日野,未,2026-09-10T10:51:30Z,"Kotani, Miki/小谷 美輝",17:00,17:00,False,4.0,33,,
02N,2982,2,07,617416014000,2026090901,1000,N,437,1,,62.1901,750,1,Q10-D-25,日野,未,2026-09-10T10:51:32Z,"Kotani, Miki/小谷 美輝",17:00,17:00,False,4.0,33,,
02N,7371,4,28,583114214100,2026090901,1000,N,730,2,,313.7401,750,1,C15-A-3,織機,未,2026-09-10T10:51:12Z,"Kotani, Miki/小谷 美輝",23:35,23:35,False,1.0,34,,
02N,7371,4,28,583114214100,2026090901,1000,N,730,2,,313.7401,750,1,C15-A-3,織機,未,2026-09-10T10:51:12Z,"Kotani, Miki/小谷 美輝",23:35,23:35,False,1.0,34,,
02N,7371,4,61,583114214100,2026090901,1000,N,730,1,,313.7401,750,1,C15-A-3,織機,未,2026-09-10T10:51:15Z,"Kotani, Miki/小谷 美輝",23:35,23:35,False,1.0,34,,
02N,7371,4,61,583114214100,2026090801,1000,N,730,1,,313.7401,750,1,C15-A-3,織機,未,2026-09-10T10:51:14Z,"Kotani, Miki/小谷 美輝",23:35,23:35,False,2.0,35,,
02N,2982,2,W5,671456020000,2026090904,1000,N,477,1,,72.915,500,21,Q10-A-22,日野,未,2026-09-10T10:51:44Z,"Kotani, Miki/小谷 美輝",21:15,21:15,False,1.0,35,,
02N,2982,2,07,617756002000,2026090904,1000,N,439,1,,72.906,500,21,Q10-B-3,日野,未,2026-09-10T10:51:37Z,"Kotani, Miki/小谷 美輝",21:15,21:15,False,1.0,35,,
02N,2982,2,07,617766003000,2026090904,1000,N,440,1,,72.905,500,21,Q10-B-1,日野,未,2026-09-10T10:51:39Z,"Kotani, Miki/小谷 美輝",21:15,21:15,False,1.0,35,,
02N,7371,4,28,583114214100,2026090906,1000,N,730,2,,313.7401,750,1,C15-A-3,織機,未,2026-09-10T10:51:12Z,"Kotani, Miki/小谷 美輝",16:00,16:00,False,1.0,36,,
02N,7371,4,28,583114214100,2026090906,1000,N,730,2,,313.7401,750,1,C15-A-3,織機,未,2026-09-10T10:51:12Z,"Kotani, Miki/小谷 美輝",16:00,16:00,False,1.0,36,,
02N,2982,2,07,631426010000,2026090901,1000,N,443,1,,72.916,1000,1,Q10-A-24,日野,未,2026-09-10T10:51:41Z,"Kotani, Miki/小谷 美輝",17:00,17:00,True,1.0,36,,
02N,8482,W,B3,581167801100,2026091001,1000,N,700,1,,313.7402,830,1,C15-A-1,KVC,未,2026-09-10T10:50:27Z,"Kotani, Miki/小谷 美輝",18:46,18:46,False,1.0,37,,
02N,8482,W,B7,537224207090,2026091001,1000,N,720,1,,194.1302,515,1,L12-D-8,KVC,未,2026-09-10T10:50:34Z,"Kotani, Miki/小谷 美輝",06:45,06:45,False,1.0,37,,
02N,2982,2,W5,671456020000,2026090709,1000,N,477,1,,72.915,500,21,Q10-A-22,日野,未,2026-09-10T10:51:44Z,"Kotani, Miki/小谷 美輝",07:55,07:55,False,1.0,37,,
02N,2982,2,07,617756002000,2026090709,1000,N,439,1,,72.906,500,21,Q10-B-3,日野,未,2026-09-10T10:51:37Z,"Kotani, Miki/小谷 美輝",07:55,07:55,False,1.0,37,,
02N,2982,2,06,486246006000,2026091001,1000,N,196,1,,72.913,750,1,Q10-A-13,日野,未,2026-09-10T10:51:23Z,"Kotani, Miki/小谷 美輝",17:00,17:00,False,2.0,38,,
02N,2982,2,06,486236006000,2026091001,1000,N,195,1,,72.912,750,1,Q10-A-12,日野,未,2026-09-10T10:51:21Z,"Kotani, Miki/小谷 美輝",17:00,17:00,False,2.0,38,,
02N,2982,2,06,486226006000,2026091001,1000,N,194,1,,72.911,750,1,Q10-A-11,日野,未,2026-09-10T10:51:18Z,"Kotani, Miki/小谷 美輝",17:00,17:00,False,2.0,38,,
02N,8482,W,B7,537214206090,2026082801,1000,N,719,1,,194.1301,515,1,L12-C-5,KVC,未,2026-09-10T10:50:29Z,"Kotani, Miki/小谷 美輝",06:45,06:45,False,2.0,39,,
02N,2982,2,06,486216006000,2026091001,1000,N,193,1,,72.91,750,1,Q10-A-10,日野,未,2026-09-10T10:51:17Z,"Kotani, Miki/小谷 美輝",17:00,17:00,False,3.0,39,,
02N,2982,2,07,616236014000,2026091001,1000,N,431,1,,72.908,500,1,Q10-B-7,日野,未,2026-09-10T10:51:28Z,"Kotani, Miki/小谷 美輝",17:00,17:00,False,3.0,39,,
02N,2982,2,07,616246010000,2026091001,1000,N,432,1,,72.907,500,1,Q10-B-5,日野,未,2026-09-10T10:51:30Z,"Kotani, Miki/小谷 美輝",17:00,17:00,False,3.0,39,,
02N,2982,2,07,617416014000,2026091001,1000,N,437,2,,62.1901,750,1,Q10-D-25,日野,未,2026-09-10T10:51:32Z,"Kotani, Miki/小谷 美輝",17:00,17:00,False,4.0,40,,
02N,2982,2,07,617416014000,2026091001,1000,N,437,2,,62.1901,750,1,Q10-D-25,日野,未,2026-09-10T10:51:32Z,"Kotani, Miki/小谷 美輝",17:00,17:00,False,4.0,40,,
02N,2982,2,07,617426014000,2026091001,1000,N,438,1,,62.19,750,1,Q10-D-23,日野,未,2026-09-10T10:51:36Z,"Kotani, Miki/小谷 美輝",17:00,17:00,False,4.0,40,,
02N,7371,4,28,583114214100,2026091001,1000,N,730,2,,313.7401,750,1,C15-A-3,織機,未,2026-09-10T10:51:13Z,"Kotani, Miki/小谷 美輝",23:35,23:35,False,1.0,41,,
02N,7371,4,28,583114214100,2026091001,1000,N,730,2,,313.7401,750,1,C15-A-3,織機,未,2026-09-10T10:51:13Z,"Kotani, Miki/小谷 美輝",23:35,23:35,False,1.0,41,,
02N,2982,2,07,631426010000,2026090703,1000,N,443,1,,72.916,1000,1,Q10-A-24,日野,未,2026-09-10T10:51:40Z,"Kotani, Miki/小谷 美輝",19:27,19:27,True,1.0,41,,
02N,1000,H,1W,571111101000,2026083101,829,L,319,1,,168.3905,800,1,N12-A-21,元町,未,2026-09-10T10:50:42Z,"Kotani, Miki/小谷 美輝",22:59,22:59,False,1.0,42,,
02N,2982,2,W5,671456020000,2026091005,1000,N,477,1,,72.915,500,21,Q10-A-22,日野,未,2026-09-10T10:51:45Z,"Kotani, Miki/小谷 美輝",22:18,22:18,False,1.0,42,,
02N,2982,2,W5,671466020000,2026091005,1000,N,478,1,,72.914,500,21,Q10-A-20,日野,未,2026-09-10T10:51:46Z,"Kotani, Miki/小谷 美輝",22:18,22:18,False,1.0,42,,
02N,2982,2,07,617766003000,2026091005,1000,N,440,1,,72.905,500,21,Q10-B-1,日野,未,2026-09-10T10:51:39Z,"Kotani, Miki/小谷 美輝",22:18,22:18,False,1.0,42,,
02N,8482,W,B3,581167801100,2026091101,1000,N,700,1,,313.7402,830,1,C15-A-1,KVC,未,2026-09-10T10:50:28Z,"Kotani, Miki/小谷 美輝",18:46,18:46,False,1.0,43,,
02N,8482,W,B7,581167801100,2026091101,1000,N,700,1,,313.7402,830,1,C15-A-1,KVC,未,2026-09-10T10:50:37Z,"Kotani, Miki/小谷 美輝",06:45,06:45,False,1.0,43,,
02N,8482,W,B7,537214206090,2026091101,1000,N,719,1,,194.1301,515,1,L12-C-5,KVC,未,2026-09-10T10:50:32Z,"Kotani, Miki/小谷 美輝",06:45,06:45,False,1.0,43,,
02N,2982,2,06,486246006000,2026091101,1000,N,196,1,,72.913,750,1,Q10-A-13,日野,未,2026-09-10T10:51:23Z,"Kotani, Miki/小谷 美輝",17:00,17:00,False,1.0,44,,
02N,2982,2,06,486226006000,2026091101,1000,N,194,1,,72.911,750,1,Q10-A-11,日野,未,2026-09-10T10:51:19Z,"Kotani, Miki/小谷 美輝",17:00,17:00,False,1.0,44,,
02N,2982,2,07,616236014000,2026091101,1000,N,431,1,,72.908,500,1,Q10-B-7,日野,未,2026-09-10T10:51:29Z,"Kotani, Miki/小谷 美輝",17:00,17:00,False,1.0,44,,
02N,2982,2,07,616246010000,2026091101,1000,N,432,1,,72.907,500,1,Q10-B-5,日野,未,2026-09-10T10:51:31Z,"Kotani, Miki/小谷 美輝",17:00,17:00,False,2.0,45,,
02N,2982,2,07,617416014000,2026091101,1000,N,437,1,,62.1901,750,1,Q10-D-25,日野,未,2026-09-10T10:51:32Z,"Kotani, Miki/小谷 美輝",17:00,17:00,False,2.0,45,,
02N,2982,2,07,617426014000,2026091101,1000,N,438,1,,62.19,750,1,Q10-D-23,日野,未,2026-09-10T10:51:36Z,"Kotani, Miki/小谷 美輝",17:00,17:00,False,2.0,45,,
02N,7371,4,28,583114214100,2026091101,1000,N,730,2,,313.7401,750,1,C15-A-3,織機,未,2026-09-10T10:51:13Z,"Kotani, Miki/小谷 美輝",23:35,23:35,False,1.0,46,,
02N,7371,4,28,583114214100,2026091101,1000,N,730,2,,313.7401,750,1,C15-A-3,織機,未,2026-09-10T10:51:13Z,"Kotani, Miki/小谷 美輝",23:35,23:35,False,1.0,46,,
02N,2982,2,07,631426010000,2026091104,1000,N,443,1,,72.916,1000,1,Q10-A-24,日野,未,2026-09-10T10:51:42Z,"Kotani, Miki/小谷 美輝",21:15,21:15,True,1.0,46,,
02N,1000,K,K5,583114214100,2026091101,829,L,730,1,,313.7401,750,1,C15-A-3,高岡,未,2026-09-10T10:50:59Z,"Kotani, Miki/小谷 美輝",22:59,22:59,False,1.0,47,,
02N,1000,K,K5,537224207000,2026091101,829,L,720,1,,194.1302,515,1,L12-D-8,高岡,未,2026-09-10T10:50:52Z,"Kotani, Miki/小谷 美輝",22:59,22:59,False,1.0,47,,
02N,2982,2,W5,671456020000,2026090914,1000,N,477,1,,72.915,500,21,Q10-A-22,日野,未,2026-09-10T10:51:44Z,"Kotani, Miki/小谷 美輝",14:15,14:15,False,1.0,47,,
02N,2982,2,W5,671466020000,2026090914,1000,N,478,1,,72.914,500,21,Q10-A-20,日野,未,2026-09-10T10:51:46Z,"Kotani, Miki/小谷 美輝",14:15,14:15,False,1.0,47,,
02N,8482,W,B7,582114202000,2026091102,1000,N,728,1,,346.5,550,1,C12-B-6,KVC,未,2026-09-10T10:50:38Z,"Kotani, Miki/小谷 美輝",06:45,06:45,False,1.0,48,,
02N,8482,W,B3,581167801100,2026091102,1000,N,700,1,,313.7402,830,1,C15-A-1,KVC,未,2026-09-10T10:50:28Z,"Kotani, Miki/小谷 美輝",18:46,18:46,False,1.0,48,,
02N,8482,W,B7,537224207090,2026091102,1000,N,720,1,,194.1302,515,1,L12-D-8,KVC,未,2026-09-10T10:50:34Z,"Kotani, Miki/小谷 美輝",06:45,06:45,False,1.0,48,,
02N,8482,W,B7,537214206090,2026082401,1000,N,719,1,,194.1301,515,1,L12-C-5,KVC,未,2026-09-10T10:50:28Z,"Kotani, Miki/小谷 美輝",06:45,06:45,False,2.0,48,,
02N,2982,2,07,631426011000,2026091201,1000,N,444,1,,72.919,515,1,Q10-A-30,日野,未,2026-09-10T10:51:43Z,"Kotani, Miki/小谷 美輝",17:00,17:00,False,2.0,49,,
02N,2982,2,06,486246006000,2026091201,1000,N,196,1,,72.913,750,1,Q10-A-13,日野,未,2026-09-10T10:51:23Z,"Kotani, Miki/小谷 美輝",17:00,17:00,False,2.0,49,,
02N,2982,2,06,486236006000,2026091201,1000,N,195,1,,72.912,750,1,Q10-A-12,日野,未,2026-09-10T10:51:21Z,"Kotani, Miki/小谷 美輝",17:00,17:00,False,2.0,49,,
02N,2982,2,06,486226006000,2026091201,1000,N,194,1,,72.911,750,1,Q10-A-11,日野,未,2026-09-10T10:51:19Z,"Kotani, Miki/小谷 美輝",17:00,17:00,False,3.0,50,,
02N,2982,2,06,486216006000,2026091201,1000,N,193,1,,72.91,750,1,Q10-A-10,日野,未,2026-09-10T10:51:17Z,"Kotani, Miki/小谷 美輝",17:00,17:00,False,3.0,50,,
02N,2982,2,07,631436012000,2026091201,1000,N,445,1,,72.909,515,1,Q10-A-7,日野,未,2026-09-10T10:51:43Z,"Kotani, Miki/小谷 美輝",17:00,17:00,False,3.0,50,,
02N,8482,W,B7,537214206090,2026082601,1000,N,719,1,,194.1301,515,1,L12-C-5,KVC,未,2026-09-10T10:50:29Z,"Kotani, Miki/小谷 美輝",06:45,06:45,False,2.0,51,,
02N,2982,2,07,616236014000,2026091201,1000,N,431,1,,72.908,500,1,Q10-B-7,日野,未,2026-09-10T10:51:29Z,"Kotani, Miki/小谷 美輝",17:00,17:00,False,4.0,51,,
02N,2982,2,07,616246010000,2026091201,1000,N,432,1,,72.907,500,1,Q10-B-5,日野,未,2026-09-10T10:51:31Z,"Kotani, Miki/小谷 美輝",17:00,17:00,False,4.0,51,,
02N,2982,2,07,617416014000,2026091201,1000,N,437,2,,62.1901,750,1,Q10-D-25,日野,未,2026-09-10T10:51:34Z,"Kotani, Miki/小谷 美輝",17:00,17:00,False,4.0,51,,
02N,2982,2,07,617416014000,2026091201,1000,N,437,2,,62.1901,750,1,Q10-D-25,日野,未,2026-09-10T10:51:34Z,"Kotani, Miki/小谷 美輝",17:00,17:00,False,5.0,52,,
02N,2982,2,07,617426014000,2026091201,1000,N,438,2,,62.19,750,1,Q10-D-23,日野,未,2026-09-10T10:51:36Z,"Kotani, Miki/小谷 美輝",17:00,17:00,False,5.0,52,,
02N,2982,2,07,617426014000,2026091201,1000,N,438,2,,62.19,750,1,Q10-D-23,日野,未,2026-09-10T10:51:36Z,"Kotani, Miki/小谷 美輝",17:00,17:00,False,5.0,52,,
02N,8482,W,B3,581167801100,2026091401,1000,N,700,1,,313.7402,830,1,C15-A-1,KVC,未,2026-09-10T10:50:28Z,"Kotani, Miki/小谷 美輝",18:46,18:46,False,1.0,53,,
02N,8482,W,B7,581167801100,2026091401,1000,N,700,1,,313.7402,830,1,C15-A-1,KVC,未,2026-09-10T10:50:37Z,"Kotani, Miki/小谷 美輝",06:45,06:45,False,1.0,53,,
02N,8482,W,B7,537224207090,2026091401,1000,N,720,1,,194.1302,515,1,L12-D-8,KVC,未,2026-09-10T10:50:34Z,"Kotani, Miki/小谷 美輝",06:45,06:45,False,1.0,53,,
02N,2982,2,07,631426010000,2026091201,1000,N,443,1,,72.916,1000,1,Q10-A-24,日野,未,2026-09-10T10:51:43Z,"Kotani, Miki/小谷 美輝",17:00,17:00,True,1.0,54,,
02N,2982,2,06,486226006000,2026090801,1000,N,194,1,,72.911,750,1,Q10-A-11,日野,未,2026-09-10T10:51:18Z,"Kotani, Miki/小谷 美輝",17:00,17:00,False,2.0,55,,
02N,2982,2,07,616236014000,2026090801,1000,N,431,1,,72.908,500,1,Q10-B-7,日野,未,2026-09-10T10:51:28Z,"Kotani, Miki/小谷 美輝",17:00,17:00,False,2.0,55,,
02N,2982,2,07,616246010000,2026090801,1000,N,432,1,,72.907,500,1,Q10-B-5,日野,未,2026-09-10T10:51:29Z,"Kotani, Miki/小谷 美輝",17:00,17:00,False,2.0,55,,
02N,2982,2,07,5831160F1000,2026090901,1000,N,248,1,,72.918,600,5,Q10-B-23,日野,未,2026-09-10T10:51:25Z,"Kotani, Miki/小谷 美輝",17:00,17:00,,,56,22.0,
02N,2982,2,07,5831160F1000,2026091001,1000,N,248,1,,72.918,600,5,Q10-B-23,日野,未,2026-09-10T10:51:26Z,"Kotani, Miki/小谷 美輝",17:00,17:00,,,56,22.0,
02N,2982,2,07,5831160F1000,2026091101,1000,N,248,1,,72.918,600,5,Q10-B-23,日野,未,2026-09-10T10:51:26Z,"Kotani, Miki/小谷 美輝",17:00,17:00,,,57,23.0,
02N,2982,2,07,5831160F1000,2026091201,1000,N,248,1,,72.918,600,5,Q10-B-23,日野,未,2026-09-10T10:51:26Z,"Kotani, Miki/小谷 美輝",17:00,17:00,,,57,23.0,
02N,2982,2,07,5831160F4000,2026090801,1000,N,250,1,,72.917,600,5,Q10-A-27,日野,未,2026-09-10T10:51:26Z,"Kotani, Miki/小谷 美輝",17:00,17:00,,,58,24.0,
02N,2982,2,07,5831160F4000,2026091001,1000,N,250,1,,72.917,600,5,Q10-A-27,日野,未,2026-09-10T10:51:27Z,"Kotani, Miki/小谷 美輝",17:00,17:00,,,58,24.0,
02N,2982,2,07,5831160F4000,2026091201,1000,N,250,1,,72.917,600,5,Q10-A-27,日野,未,2026-09-10T10:51:27Z,"Kotani, Miki/小谷 美輝",17:00,17:00,,,59,25.0,
02N,1000,H,1W,572411101000,2026090401,829,L,327,1,,168.3902,800,7,M12-B-17,元町,未,2026-09-10T10:50:43Z,"Kotani, Miki/小谷 美輝",22:59,22:59,,,60,4.0,
02N,1000,D,2P,631496003000,2026090801,829,L,472,3,,119.43,600,11,Q11-C-A,三栄,未,2026-09-10T10:51:02Z,"Kotani, Miki/小谷 美輝",07:10,07:10,,,61,1.0,
02N,1000,D,2P,631496003000,2026090801,829,L,472,3,,119.43,600,11,Q11-C-A,三栄,未,2026-09-10T10:51:02Z,"Kotani, Miki/小谷 美輝",07:10,07:10,,,61,1.0,
02N,1000,D,2P,631496003000,2026090801,829,L,472,3,,119.43,600,11,Q11-C-A,三栄,未,2026-09-10T10:51:02Z,"Kotani, Miki/小谷 美輝",07:10,07:10,,,61,1.0,
02N,1000,D,2P,631486005000,2026090801,829,L,471,3,,26.2802,600,11,Q8-A-A,三栄,未,2026-09-10T10:51:02Z,"Kotani, Miki/小谷 美輝",07:10,07:10,,,61,1.0,
02N,1000,D,2P,631486005000,2026090801,829,L,471,3,,26.2802,600,11,Q8-A-A,三栄,未,2026-09-10T10:51:02Z,"Kotani, Miki/小谷 美輝",07:10,07:10,,,62,2.0,
02N,1000,D,2P,631486005000,2026090801,829,L,471,3,,26.2802,600,11,Q8-A-A,三栄,未,2026-09-10T10:51:02Z,"Kotani, Miki/小谷 美輝",07:10,07:10,,,62,2.0,
02N,2982,2,07,631486005000,2026091201,1000,N,471,1,,72.904,600,11,Q10-A-3,日野,未,2026-09-10T10:51:43Z,"Kotani, Miki/小谷 美輝",17:00,17:00,,,63,4.0,
02N,2982,2,07,631496003000,2026091201,1000,N,472,1,,72.903,600,11,Q10-A-1,日野,未,2026-09-10T10:51:43Z,"Kotani, Miki/小谷 美輝",17:00,17:00,,,63,4.0,
02N,8482,W,B7,551124202000,2026082101,1000,N,716,1,,16.6501,830,17,Q9-A-5,TMK,未,2026-09-10T10:50:34Z,"Kotani, Miki/小谷 美輝",06:45,06:45,,,64,11.0,
02N,8482,W,B7,551124202000,2026082402,1000,N,716,1,,16.6501,830,17,Q9-A-5,TMK,未,2026-09-10T10:50:34Z,"Kotani, Miki/小谷 美輝",06:45,06:45,,,64,11.0,
02N,8482,W,B7,551124202000,2026082502,1000,N,716,1,,16.6501,830,17,Q9-A-5,TMK,未,2026-09-10T10:50:34Z,"Kotani, Miki/小谷 美輝",06:45,06:45,,,65,12.0,
02N,8482,W,B7,551124202000,2026082601,1000,N,716,1,,16.6501,830,17,Q9-A-5,TMK,未,2026-09-10T10:50:35Z,"Kotani, Miki/小谷 美輝",06:45,06:45,,,65,12.0,
02N,1000,H,1W,582111190500,2026090101,829,L,544,1,,346.501,600,17,C12-B-2,元町,未,2026-09-10T10:50:43Z,"Kotani, Miki/小谷 美輝",22:59,22:59,,,66,123.0,
02N,1000,H,1W,551115010000,2026082601,829,L,749,1,,168.3901,600,17,N12-A-8,元町,未,2026-09-10T10:50:42Z,"Kotani, Miki/小谷 美輝",22:59,22:59,,,66,123.0,
02N,1000,K,K5,551124202000,2026082601,829,L,716,1,,16.6501,830,17,Q9-A-5,高岡,未,2026-09-10T10:50:55Z,"Kotani, Miki/小谷 美輝",22:59,22:59,,,66,123.0,
02N,1000,K,K5,551124202000,2026082801,829,L,716,1,,16.6501,830,17,Q9-A-5,高岡,未,2026-09-10T10:50:55Z,"Kotani, Miki/小谷 美輝",22:59,22:59,,,67,124.0,
02N,1000,K,K5,551124202000,2026083101,829,L,716,1,,16.6501,830,17,Q9-A-5,高岡,未,2026-09-10T10:50:55Z,"Kotani, Miki/小谷 美輝",22:59,22:59,,,67,124.0,
02N,1000,K,K5,551124202000,2026090201,829,L,716,1,,16.6501,830,17,Q9-A-5,高岡,未,2026-09-10T10:50:55Z,"Kotani, Miki/小谷 美輝",22:59,22:59,,,68,125.0,
02N,1000,K,K5,551124202000,2026090301,829,L,716,1,,16.6501,830,17,Q9-A-5,高岡,未,2026-09-10T10:50:55Z,"Kotani, Miki/小谷 美輝",22:59,22:59,,,68,125.0,
02N,1000,K,K5,551124202000,2026090501,829,L,716,1,,16.6501,830,17,Q9-A-5,高岡,未,2026-09-10T10:50:55Z,"Kotani, Miki/小谷 美輝",22:59,22:59,,,69,126.0,
02N,1000,K,K5,551124202000,2026090701,829,L,716,1,,16.6501,830,17,Q9-A-5,高岡,未,2026-09-10T10:50:55Z,"Kotani, Miki/小谷 美輝",22:59,22:59,,,69,126.0,
02N,1000,K,K5,551124202000,2026090801,829,L,716,1,,16.6501,830,17,Q9-A-5,高岡,未,2026-09-10T10:50:56Z,"Kotani, Miki/小谷 美輝",22:59,22:59,,,70,127.0,
02N,1000,K,K5,551124202000,2026090901,829,L,716,1,,16.6501,830,17,Q9-A-5,高岡,未,2026-09-10T10:50:56Z,"Kotani, Miki/小谷 美輝",22:59,22:59,,,70,127.0,
02N,1000,K,K5,551124202000,2026091001,829,L,716,1,,16.6501,830,17,Q9-A-5,高岡,未,2026-09-10T10:50:56Z,"Kotani, Miki/小谷 美輝",22:59,22:59,,,71,128.0,
02N,1000,K,K5,551124202000,2026091101,829,L,716,1,,16.6501,830,17,Q9-A-5,高岡,未,2026-09-10T10:50:56Z,"Kotani, Miki/小谷 美輝",22:59,22:59,,,71,128.0,
02N,1000,K,K5,551124201000,2026082601,829,L,715,3,,16.65,830,17,Q9-A-1,高岡,未,2026-09-10T10:50:52Z,"Kotani, Miki/小谷 美輝",22:59,22:59,,,72,129.0,
02N,1000,K,K5,551124201000,2026082601,829,L,715,3,,16.65,830,17,Q9-A-1,高岡,未,2026-09-10T10:50:52Z,"Kotani, Miki/小谷 美輝",22:59,22:59,,,72,129.0,
02N,1000,K,K5,551124201000,2026082601,829,L,715,3,,16.65,830,17,Q9-A-1,高岡,未,2026-09-10T10:50:52Z,"Kotani, Miki/小谷 美輝",22:59,22:59,,,73,130.0,
02N,1000,K,K5,551124201000,2026082701,829,L,715,3,,16.65,830,17,Q9-A-1,高岡,未,2026-09-10T10:50:52Z,"Kotani, Miki/小谷 美輝",22:59,22:59,,,73,130.0,
02N,1000,K,K5,551124201000,2026082701,829,L,715,3,,16.65,830,17,Q9-A-1,高岡,未,2026-09-10T10:50:52Z,"Kotani, Miki/小谷 美輝",22:59,22:59,,,74,131.0,
02N,1000,K,K5,551124201000,2026082701,829,L,715,3,,16.65,830,17,Q9-A-1,高岡,未,2026-09-10T10:50:52Z,"Kotani, Miki/小谷 美輝",22:59,22:59,,,74,131.0,
02N,1000,K,K5,551124201000,2026082801,829,L,715,2,,16.65,830,17,Q9-A-1,高岡,未,2026-09-10T10:50:53Z,"Kotani, Miki/小谷 美輝",22:59,22:59,,,75,132.0,
02N,1000,K,K5,551124201000,2026082801,829,L,715,2,,16.65,830,17,Q9-A-1,高岡,未,2026-09-10T10:50:53Z,"Kotani, Miki/小谷 美輝",22:59,22:59,,,75,132.0,
02N,1000,K,K5,551124201000,2026083101,829,L,715,2,,16.65,830,17,Q9-A-1,高岡,未,2026-09-10T10:50:53Z,"Kotani, Miki/小谷 美輝",22:59,22:59,,,76,133.0,
02N,1000,K,K5,551124201000,2026083101,829,L,715,2,,16.65,830,17,Q9-A-1,高岡,未,2026-09-10T10:50:53Z,"Kotani, Miki/小谷 美輝",22:59,22:59,,,76,133.0,
02N,1000,K,K5,551124201000,2026090101,829,L,715,2,,16.65,830,17,Q9-A-1,高岡,未,2026-09-10T10:50:53Z,"Kotani, Miki/小谷 美輝",22:59,22:59,,,77,134.0,
02N,1000,K,K5,551124201000,2026090101,829,L,715,2,,16.65,830,17,Q9-A-1,高岡,未,2026-09-10T10:50:53Z,"Kotani, Miki/小谷 美輝",22:59,22:59,,,77,134.0,
02N,1000,K,K5,551124201000,2026090201,829,L,715,2,,16.65,830,17,Q9-A-1,高岡,未,2026-09-10T10:50:53Z,"Kotani, Miki/小谷 美輝",22:59,22:59,,,78,135.0,
02N,1000,K,K5,551124201000,2026090201,829,L,715,2,,16.65,830,17,Q9-A-1,高岡,未,2026-09-10T10:50:53Z,"Kotani, Miki/小谷 美輝",22:59,22:59,,,78,135.0,
02N,1000,K,K5,551124201000,2026090301,829,L,715,1,,16.65,830,17,Q9-A-1,高岡,未,2026-09-10T10:50:53Z,"Kotani, Miki/小谷 美輝",22:59,22:59,,,79,136.0,
02N,1000,K,K5,551124201000,2026090401,829,L,715,2,,16.65,830,17,Q9-A-1,高岡,未,2026-09-10T10:50:53Z,"Kotani, Miki/小谷 美輝",22:59,22:59,,,79,136.0,
02N,1000,K,K5,551124201000,2026090401,829,L,715,2,,16.65,830,17,Q9-A-1,高岡,未,2026-09-10T10:50:53Z,"Kotani, Miki/小谷 美輝",22:59,22:59,,,80,137.0,
02N,1000,K,K5,551124201000,2026090501,829,L,715,2,,16.65,830,17,Q9-A-1,高岡,未,2026-09-10T10:50:54Z,"Kotani, Miki/小谷 美輝",22:59,22:59,,,80,137.0,
02N,1000,K,K5,551124201000,2026090501,829,L,715,2,,16.65,830,17,Q9-A-1,高岡,未,2026-09-10T10:50:54Z,"Kotani, Miki/小谷 美輝",22:59,22:59,,,81,138.0,
02N,1000,K,K5,551124201000,2026090701,829,L,715,2,,16.65,830,17,Q9-A-1,高岡,未,2026-09-10T10:50:54Z,"Kotani, Miki/小谷 美輝",22:59,22:59,,,81,138.0,
02N,1000,K,K5,551124201000,2026090701,829,L,715,2,,16.65,830,17,Q9-A-1,高岡,未,2026-09-10T10:50:54Z,"Kotani, Miki/小谷 美輝",22:59,22:59,,,82,139.0,
02N,1000,K,K5,551124201000,2026090801,829,L,715,2,,16.65,830,17,Q9-A-1,高岡,未,2026-09-10T10:50:54Z,"Kotani, Miki/小谷 美輝",22:59,22:59,,,82,139.0,
02N,1000,K,K5,551124201000,2026090801,829,L,715,2,,16.65,830,17,Q9-A-1,高岡,未,2026-09-10T10:50:54Z,"Kotani, Miki/小谷 美輝",22:59,22:59,,,83,140.0,
02N,1000,K,K5,551124201000,2026090901,829,L,715,2,,16.65,830,17,Q9-A-1,高岡,未,2026-09-10T10:50:54Z,"Kotani, Miki/小谷 美輝",22:59,22:59,,,83,140.0,
02N,1000,K,K5,551124201000,2026090901,829,L,715,2,,16.65,830,17,Q9-A-1,高岡,未,2026-09-10T10:50:54Z,"Kotani, Miki/小谷 美輝",22:59,22:59,,,84,141.0,
02N,1000,K,K5,551124201000,2026091001,829,L,715,1,,16.65,830,17,Q9-A-1,高岡,未,2026-09-10T10:50:54Z,"Kotani, Miki/小谷 美輝",22:59,22:59,,,84,141.0,
02N,1000,K,K5,551124201000,2026091101,829,L,715,2,,16.65,830,17,Q9-A-1,高岡,未,2026-09-10T10:50:55Z,"Kotani, Miki/小谷 美輝",22:59,22:59,,,85,142.0,
02N,1000,K,K5,551124201000,2026091101,829,L,715,2,,16.65,830,17,Q9-A-1,高岡,未,2026-09-10T10:50:55Z,"Kotani, Miki/小谷 美輝",22:59,22:59,,,85,142.0,
02N,7371,4,21,551124202000,2026090701,1000,N,716,1,,16.6501,830,17,Q9-A-5,織機,未,2026-09-10T10:51:10Z,"Kotani, Miki/小谷 美輝",23:35,23:35,,,86,143.0,
02N,7371,4,21,551124202000,2026090901,1000,N,716,1,,16.6501,830,17,Q9-A-5,織機,未,2026-09-10T10:51:10Z,"Kotani, Miki/小谷 美輝",23:35,23:35,,,86,143.0,
02N,7371,4,21,551124202000,2026091001,1000,N,716,1,,16.6501,830,17,Q9-A-5,織機,未,2026-09-10T10:51:10Z,"Kotani, Miki/小谷 美輝",23:35,23:35,,,87,144.0,
02N,7371,4,61,551124202000,2026090801,1000,N,716,1,,16.6501,830,17,Q9-A-5,織機,未,2026-09-10T10:51:14Z,"Kotani, Miki/小谷 美輝",23:35,23:35,,,87,144.0,
02N,7371,4,61,551124202000,2026090901,1000,N,716,1,,16.6501,830,17,Q9-A-5,織機,未,2026-09-10T10:51:14Z,"Kotani, Miki/小谷 美輝",23:35,23:35,,,88,145.0,
02N,7371,4,61,551124202000,2026091001,1000,N,716,1,,16.6501,830,17,Q9-A-5,織機,未,2026-09-10T10:51:14Z,"Kotani, Miki/小谷 美輝",23:35,23:35,,,88,145.0,
02N,7371,4,61,551124202000,2026091101,1000,N,716,1,,16.6501,830,17,Q9-A-5,織機,未,2026-09-10T10:51:14Z,"Kotani, Miki/小谷 美輝",23:35,23:35,,,89,146.0,
02N,7371,4,21,551124201000,2026090701,1000,N,715,2,,16.65,830,17,Q9-A-1,織機,未,2026-09-10T10:51:08Z,"Kotani, Miki/小谷 美輝",23:35,23:35,,,89,146.0,
02N,7371,4,21,551124201000,2026090701,1000,N,715,2,,16.65,830,17,Q9-A-1,織機,未,2026-09-10T10:51:08Z,"Kotani, Miki/小谷 美輝",23:35,23:35,,,90,147.0,
02N,7371,4,21,551124201000,2026090801,1000,N,715,2,,16.65,830,17,Q9-A-1,織機,未,2026-09-10T10:51:09Z,"Kotani, Miki/小谷 美輝",23:35,23:35,,,90,147.0,
02N,7371,4,21,551124201000,2026090801,1000,N,715,2,,16.65,830,17,Q9-A-1,織機,未,2026-09-10T10:51:09Z,"Kotani, Miki/小谷 美輝",23:35,23:35,,,91,148.0,
02N,7371,4,21,551124201000,2026090901,1000,N,715,1,,16.65,830,17,Q9-A-1,織機,未,2026-09-10T10:51:09Z,"Kotani, Miki/小谷 美輝",23:35,23:35,,,91,148.0,
02N,7371,4,21,551124201000,2026091001,1000,N,715,2,,16.65,830,17,Q9-A-1,織機,未,2026-09-10T10:51:09Z,"Kotani, Miki/小谷 美輝",23:35,23:35,,,92,149.0,
02N,7371,4,21,551124201000,2026091001,1000,N,715,2,,16.65,830,17,Q9-A-1,織機,未,2026-09-10T10:51:09Z,"Kotani, Miki/小谷 美輝",23:35,23:35,,,92,149.0,
02N,7371,4,21,551124201000,2026091101,1000,N,715,1,,16.65,830,17,Q9-A-1,織機,未,2026-09-10T10:51:10Z,"Kotani, Miki/小谷 美輝",23:35,23:35,,,93,150.0,
02N,7371,4,61,551124201000,2026090901,1000,N,715,1,,16.65,830,17,Q9-A-1,織機,未,2026-09-10T10:51:13Z,"Kotani, Miki/小谷 美輝",23:35,23:35,,,93,150.0,
02N,7371,4,61,551124201000,2026091101,1000,N,715,1,,16.65,830,17,Q9-A-1,織機,未,2026-09-10T10:51:14Z,"Kotani, Miki/小谷 美輝",23:35,23:35,,,94,151.0,
02N,1000,H,9P,538125020000,2026091001,829,L,410,1,,227.701,1050,18,J12-B-16,元町,未,2026-09-10T10:50:44Z,"Kotani, Miki/小谷 美輝",22:59,22:59,,,95,1.0,
02N,1000,H,9P,538115019000,2026091001,829,L,409,1,,227.7,1050,18,J12-B-14,元町,未,2026-09-10T10:50:44Z,"Kotani, Miki/小谷 美輝",22:59,22:59,,,95,1.0,
02N,2982,2,W5,671456020000,2026090801,1000,N,477,1,,72.915,500,21,Q10-A-22,日野,未,2026-09-10T10:51:44Z,"Kotani, Miki/小谷 美輝",17:00,17:00,False,1.0,96,,
02N,2982,2,07,617756002000,2026090801,1000,N,439,1,,72.906,500,21,Q10-B-3,日野,未,2026-09-10T10:51:37Z,"Kotani, Miki/小谷 美輝",17:00,17:00,False,1.0,96,,
02N,2982,2,07,617766003000,2026090801,1000,N,440,1,,72.905,500,21,Q10-B-1,日野,未,2026-09-10T10:51:39Z,"Kotani, Miki/小谷 美輝",17:00,17:00,False,1.0,96,,
02N,2982,2,07,617766004000,2026090801,1000,N,442,1,,72.9,500,21,Q10-B-A,日野,未,2026-09-10T10:51:40Z,"Kotani, Miki/小谷 美輝",17:00,17:00,False,1.0,96,,
02N,2982,2,W5,671456020000,2026090901,1000,N,477,1,,72.915,500,21,Q10-A-22,日野,未,2026-09-10T10:51:44Z,"Kotani, Miki/小谷 美輝",17:00,17:00,False,1.0,97,,
02N,2982,2,W5,671466020000,2026090901,1000,N,478,1,,72.914,500,21,Q10-A-20,日野,未,2026-09-10T10:51:46Z,"Kotani, Miki/小谷 美輝",17:00,17:00,False,1.0,97,,
02N,2982,2,07,617756002000,2026090901,1000,N,439,1,,72.906,500,21,Q10-B-3,日野,未,2026-09-10T10:51:37Z,"Kotani, Miki/小谷 美輝",17:00,17:00,False,1.0,97,,
02N,2982,2,07,617766003000,2026090901,1000,N,440,1,,72.905,500,21,Q10-B-1,日野,未,2026-09-10T10:51:39Z,"Kotani, Miki/小谷 美輝",17:00,17:00,False,1.0,97,,
02N,2982,2,W5,671456020000,2026091001,1000,N,477,1,,72.915,500,21,Q10-A-22,日野,未,2026-09-10T10:51:45Z,"Kotani, Miki/小谷 美輝",17:00,17:00,False,1.0,98,,
02N,2982,2,07,617756002000,2026091001,1000,N,439,1,,72.906,500,21,Q10-B-3,日野,未,2026-09-10T10:51:37Z,"Kotani, Miki/小谷 美輝",17:00,17:00,False,1.0,98,,
02N,2982,2,07,617766003000,2026091001,1000,N,440,1,,72.905,500,21,Q10-B-1,日野,未,2026-09-10T10:51:39Z,"Kotani, Miki/小谷 美輝",17:00,17:00,False,1.0,98,,
02N,2982,2,W5,671456020000,2026091201,1000,N,477,1,,72.915,500,21,Q10-A-22,日野,未,2026-09-10T10:51:45Z,"Kotani, Miki/小谷 美輝",17:00,17:00,False,1.0,99,,
02N,2982,2,W5,671466020000,2026091201,1000,N,478,1,,72.914,500,21,Q10-A-20,日野,未,2026-09-10T10:51:46Z,"Kotani, Miki/小谷 美輝",17:00,17:00,False,1.0,99,,
02N,2982,2,07,617756002000,2026091201,1000,N,439,1,,72.906,500,21,Q10-B-3,日野,未,2026-09-10T10:51:38Z,"Kotani, Miki/小谷 美輝",17:00,17:00,False,1.0,99,,
02N,2982,2,07,617766003000,2026091201,1000,N,440,1,,72.905,500,21,Q10-B-1,日野,未,2026-09-10T10:51:40Z,"Kotani, Miki/小谷 美輝",17:00,17:00,False,1.0,99,,
02N,2982,2,07,617756003000,2026091201,1000,N,441,1,,72.901,500,21,Q10-B-B,日野,未,2026-09-10T10:51:39Z,"Kotani, Miki/小谷 美輝",17:00,17:00,False,2.0,100,,
02N,2982,2,07,617766004000,2026091201,1000,N,442,1,,72.9,500,21,Q10-B-A,日野,未,2026-09-10T10:51:40Z,"Kotani, Miki/小谷 美輝",17:00,17:00,False,2.0,100,,
02N,1000,D,1P,671466020000,2026090701,829,L,478,1,,62.112,500,21,Q10-E-21,三栄,未,2026-09-10T10:51:02Z,"Kotani, Miki/小谷 美輝",07:10,07:10,False,1.0,101,,
02N,1000,D,1P,671456020000,2026090701,829,L,477,2,,62.111,500,21,Q10-E-20,三栄,未,2026-09-10T10:51:02Z,"Kotani, Miki/小谷 美輝",07:10,07:10,False,1.0,101,,
02N,1000,D,1P,671456020000,2026090701,829,L,477,2,,62.111,500,21,Q10-E-20,三栄,未,2026-09-10T10:51:02Z,"Kotani, Miki/小谷 美輝",07:10,07:10,False,1.0,101,,
02N,2982,2,W5,671466020000,2026091101,1000,N,478,1,,72.914,500,21,Q10-A-20,日野,未,2026-09-10T10:51:46Z,"Kotani, Miki/小谷 美輝",17:00,17:00,False,1.0,102,,
02N,2982,2,07,617756002000,2026091101,1000,N,439,1,,72.906,500,21,Q10-B-3,日野,未,2026-09-10T10:51:38Z,"Kotani, Miki/小谷 美輝",17:00,17:00,False,1.0,102,,
02N,8482,W,B3,581167801100,2026082102,1000,N,700,1,,313.7402,830,1,C15-A-1,KVC,未,2026-09-10T10:50:22Z,"Kotani, Miki/小谷 美輝",18:46,18:46,False,1.0,103,,
02N,8482,W,B7,581167801100,2026082102,1000,N,700,1,,313.7402,830,1,C15-A-1,KVC,未,2026-09-10T10:50:35Z,"Kotani, Miki/小谷 美輝",06:45,06:45,False,1.0,103,,
02N,8482,W,B7,537224207090,2026082102,1000,N,720,1,,194.1302,515,1,L12-D-8,KVC,未,2026-09-10T10:50:32Z,"Kotani, Miki/小谷 美輝",06:45,06:45,False,1.0,103,,
02N,8482,W,B3,581167801100,2026082502,1000,N,700,1,,313.7402,830,1,C15-A-1,KVC,未,2026-09-10T10:50:22Z,"Kotani, Miki/小谷 美輝",18:46,18:46,False,1.0,104,,
02N,8482,W,B7,581167801100,2026082502,1000,N,700,1,,313.7402,830,1,C15-A-1,KVC,未,2026-09-10T10:50:35Z,"Kotani, Miki/小谷 美輝",06:45,06:45,False,1.0,104,,
02N,8482,W,B7,537224207090,2026082502,1000,N,720,1,,194.1302,515,1,L12-D-8,KVC,未,2026-09-10T10:50:32Z,"Kotani, Miki/小谷 美輝",06:45,06:45,False,1.0,104,,
02N,8482,W,B7,582114202000,2026082602,1000,N,728,1,,346.5,550,1,C12-B-6,KVC,未,2026-09-10T10:50:37Z,"Kotani, Miki/小谷 美輝",06:45,06:45,False,1.0,105,,
02N,8482,W,B3,581167801100,2026082602,1000,N,700,1,,313.7402,830,1,C15-A-1,KVC,未,2026-09-10T10:50:23Z,"Kotani, Miki/小谷 美輝",18:46,18:46,False,1.0,105,,
02N,8482,W,B7,581167801100,2026082602,1000,N,700,1,,313.7402,830,1,C15-A-1,KVC,未,2026-09-10T10:50:35Z,"Kotani, Miki/小谷 美輝",06:45,06:45,False,1.0,105,,
02N,8482,W,B7,581164203000,2026082602,1000,N,726,1,,313.74,830,1,C15-B-5,KVC,未,2026-09-10T10:50:35Z,"Kotani, Miki/小谷 美輝",06:45,06:45,False,2.0,106,,
02N,8482,W,B7,537214206090,2026082602,1000,N,719,1,,194.1301,515,1,L12-C-5,KVC,未,2026-09-10T10:50:29Z,"Kotani, Miki/小谷 美輝",06:45,06:45,False,2.0,106,,
02N,1000,K,K5,583114214100,2026082602,829,L,730,1,,313.7401,750,1,C15-A-3,高岡,未,2026-09-10T10:50:57Z,"Kotani, Miki/小谷 美輝",06:45,06:45,False,1.0,107,,
02N,1000,K,K5,581164203000,2026082602,829,L,726,1,,313.74,830,1,C15-B-5,高岡,未,2026-09-10T10:50:56Z,"Kotani, Miki/小谷 美輝",06:45,06:45,False,1.0,107,,
02N,1000,K,K5,537224207000,2026082602,829,L,720,1,,194.1302,515,1,L12-D-8,高岡,未,2026-09-10T10:50:52Z,"Kotani, Miki/小谷 美輝",06:45,06:45,False,1.0,107,,
02N,8482,W,B3,581167801100,2026082702,1000,N,700,1,,313.7402,830,1,C15-A-1,KVC,未,2026-09-10T10:50:23Z,"Kotani, Miki/小谷 美輝",18:46,18:46,False,1.0,108,,
02N,8482,W,B7,581167801100,2026082702,1000,N,700,1,,313.7402,830,1,C15-A-1,KVC,未,2026-09-10T10:50:36Z,"Kotani, Miki/小谷 美輝",06:45,06:45,False,1.0,108,,
02N,8482,W,B7,537214206090,2026082702,1000,N,719,1,,194.1301,515,1,L12-C-5,KVC,未,2026-09-10T10:50:29Z,"Kotani, Miki/小谷 美輝",06:45,06:45,False,1.0,108,,
02N,1000,K,K5,583114214100,2026082702,829,L,730,2,,313.7401,750,1,C15-A-3,高岡,未,2026-09-10T10:50:57Z,"Kotani, Miki/小谷 美輝",06:45,06:45,False,1.0,109,,
02N,1000,K,K5,583114214100,2026082702,829,L,730,2,,313.7401,750,1,C15-A-3,高岡,未,2026-09-10T10:50:57Z,"Kotani, Miki/小谷 美輝",06:45,06:45,False,1.0,109,,
02N,1000,K,K5,581164203000,2026082702,829,L,726,1,,313.74,830,1,C15-B-5,高岡,未,2026-09-10T10:50:56Z,"Kotani, Miki/小谷 美輝",06:45,06:45,False,1.0,109,,
02N,8482,W,B3,581167801100,2026082802,1000,N,700,1,,313.7402,830,1,C15-A-1,KVC,未,2026-09-10T10:50:24Z,"Kotani, Miki/小谷 美輝",18:46,18:46,False,1.0,110,,
02N,8482,W,B7,581167801100,2026082802,1000,N,700,1,,313.7402,830,1,C15-A-1,KVC,未,2026-09-10T10:50:36Z,"Kotani, Miki/小谷 美輝",06:45,06:45,False,1.0,110,,
02N,8482,W,B7,537214206090,2026082802,1000,N,719,1,,194.1301,515,1,L12-C-5,KVC,未,2026-09-10T10:50:29Z,"Kotani, Miki/小谷 美輝",06:45,06:45,False,1.0,110,,
02N,1000,K,K5,583114214100,2026082802,829,L,730,1,,313.7401,750,1,C15-A-3,高岡,未,2026-09-10T10:50:57Z,"Kotani, Miki/小谷 美輝",06:45,06:45,False,1.0,111,,
02N,1000,K,K5,537224207000,2026082802,829,L,720,1,,194.1302,515,1,L12-D-8,高岡,未,2026-09-10T10:50:52Z,"Kotani, Miki/小谷 美輝",06:45,06:45,False,1.0,111,,
02N,8482,W,B7,581167801100,2026083102,1000,N,700,1,,313.7402,830,1,C15-A-1,KVC,未,2026-09-10T10:50:36Z,"Kotani, Miki/小谷 美輝",06:45,06:45,False,1.0,112,,
02N,8482,W,B7,537224207090,2026083102,1000,N,720,1,,194.1302,515,1,L12-D-8,KVC,未,2026-09-10T10:50:33Z,"Kotani, Miki/小谷 美輝",06:45,06:45,False,1.0,112,,
02N,1000,K,K5,583114214100,2026083102,829,L,730,1,,313.7401,750,1,C15-A-3,高岡,未,2026-09-10T10:50:57Z,"Kotani, Miki/小谷 美輝",06:45,06:45,False,1.0,113,,
02N,1000,K,K5,581164203000,2026083105,829,L,726,1,,313.74,830,1,C15-B-5,高岡,未,2026-09-10T10:50:56Z,"Kotani, Miki/小谷 美輝",18:46,18:46,False,1.0,114,,
02N,1000,K,K5,537224207000,2026083105,829,L,720,1,,194.1302,515,1,L12-D-8,高岡,未,2026-09-10T10:50:52Z,"Kotani, Miki/小谷 美輝",18:46,18:46,False,1.0,114,,
02N,2982,2,07,631426010000,2026091202,1000,N,443,1,,72.916,1000,1,Q10-A-24,日野,未,2026-09-10T10:51:43Z,"Kotani, Miki/小谷 美輝",18:30,18:30,True,1.0,114,,
02N,1000,K,K5,583114214100,2026090102,829,L,730,1,,313.7401,750,1,C15-A-3,高岡,未,2026-09-10T10:50:57Z,"Kotani, Miki/小谷 美輝",06:45,06:45,False,1.0,115,,
02N,1000,K,K5,583114214100,2026090202,829,L,730,1,,313.7401,750,1,C15-A-3,高岡,未,2026-09-10T10:50:57Z,"Kotani, Miki/小谷 美輝",06:45,06:45,False,1.0,116,,
02N,1000,K,K5,537214206000,2026090202,829,L,719,1,,194.1301,515,1,L12-C-5,高岡,未,2026-09-10T10:50:51Z,"Kotani, Miki/小谷 美輝",06:45,06:45,False,1.0,116,,
02N,1000,K,K5,581164203000,2026090302,829,L,726,1,,313.74,830,1,C15-B-5,高岡,未,2026-09-10T10:50:56Z,"Kotani, Miki/小谷 美輝",06:45,06:45,False,1.0,117,,
02N,1000,K,K5,537224207000,2026090302,829,L,720,1,,194.1302,515,1,L12-D-8,高岡,未,2026-09-10T10:50:52Z,"Kotani, Miki/小谷 美輝",06:45,06:45,False,1.0,117,,
02N,1000,K,K5,583114214100,2026090305,829,L,730,1,,313.7401,750,1,C15-A-3,高岡,未,2026-09-10T10:50:58Z,"Kotani, Miki/小谷 美輝",18:46,18:46,False,1.0,118,,
02N,1000,K,K5,537224207000,2026090305,829,L,720,1,,194.1302,515,1,L12-D-8,高岡,未,2026-09-10T10:50:52Z,"Kotani, Miki/小谷 美輝",18:46,18:46,False,1.0,118,,
02N,2982,2,W5,671456020000,2026091202,1000,N,477,1,,72.915,500,21,Q10-A-22,日野,未,2026-09-10T10:51:45Z,"Kotani, Miki/小谷 美輝",18:30,18:30,False,1.0,118,,
02N,2982,2,W5,671466020000,2026091202,1000,N,478,1,,72.914,500,21,Q10-A-20,日野,未,2026-09-10T10:51:46Z,"Kotani, Miki/小谷 美輝",18:30,18:30,False,1.0,118,,
02N,1000,K,K5,583114214100,2026090502,829,L,730,1,,313.7401,750,1,C15-A-3,高岡,未,2026-09-10T10:50:58Z,"Kotani, Miki/小谷 美輝",06:45,06:45,False,1.0,119,,
02N,1000,H,1W,571121101000,2026090703,829,L,320,1,,168.3904,800,1,N12-A-19,元町,未,2026-09-10T10:50:42Z,"Kotani, Miki/小谷 美輝",12:21,12:21,False,1.0,120,,
02N,1000,D,1P,671466020000,2026090702,829,L,478,2,,62.112,500,21,Q10-E-21,三栄,未,2026-09-10T10:51:02Z,"Kotani, Miki/小谷 美輝",11:25,11:25,False,1.0,120,,
02N,1000,D,1P,671466020000,2026090702,829,L,478,2,,62.112,500,21,Q10-E-21,三栄,未,2026-09-10T10:51:02Z,"Kotani, Miki/小谷 美輝",11:25,11:25,False,1.0,120,,
02N,1000,D,1P,671456020000,2026090702,829,L,477,1,,62.111,500,21,Q10-E-20,三栄,未,2026-09-10T10:51:02Z,"Kotani, Miki/小谷 美輝",11:25,11:25,False,1.0,120,,
02N,2982,2,06,486226006000,2026090702,1000,N,194,1,,72.911,750,1,Q10-A-11,日野,未,2026-09-10T10:51:17Z,"Kotani, Miki/小谷 美輝",18:30,18:30,False,2.0,121,,
02N,2982,2,06,486216006000,2026090702,1000,N,193,1,,72.91,750,1,Q10-A-10,日野,未,2026-09-10T10:51:16Z,"Kotani, Miki/小谷 美輝",18:30,18:30,False,2.0,121,,
02N,2982,2,07,616236014000,2026090702,1000,N,431,1,,72.908,500,1,Q10-B-7,日野,未,2026-09-10T10:51:28Z,"Kotani, Miki/小谷 美輝",18:30,18:30,False,2.0,121,,
02N,2982,2,07,616246010000,2026090702,1000,N,432,1,,72.907,500,1,Q10-B-5,日野,未,2026-09-10T10:51:29Z,"Kotani, Miki/小谷 美輝",18:30,18:30,False,3.0,122,,
02N,2982,2,07,617416014000,2026090702,1000,N,437,2,,62.1901,750,1,Q10-D-25,日野,未,2026-09-10T10:51:31Z,"Kotani, Miki/小谷 美輝",18:30,18:30,False,3.0,122,,
02N,2982,2,07,617416014000,2026090702,1000,N,437,2,,62.1901,750,1,Q10-D-25,日野,未,2026-09-10T10:51:31Z,"Kotani, Miki/小谷 美輝",18:30,18:30,False,3.0,122,,
02N,7371,4,28,583114214100,2026090702,1000,N,730,2,,313.7401,750,1,C15-A-3,織機,未,2026-09-10T10:51:11Z,"Kotani, Miki/小谷 美輝",01:00,01:00,False,1.0,123,,
02N,7371,4,28,583114214100,2026090702,1000,N,730,2,,313.7401,750,1,C15-A-3,織機,未,2026-09-10T10:51:11Z,"Kotani, Miki/小谷 美輝",01:00,01:00,False,1.0,123,,
02N,7371,4,61,583114214100,2026090702,1000,N,730,1,,313.7401,750,1,C15-A-3,織機,未,2026-09-10T10:51:14Z,"Kotani, Miki/小谷 美輝",01:00,01:00,False,1.0,123,,
02N,1000,K,K5,583114214100,2026090702,829,L,730,1,,313.7401,750,1,C15-A-3,高岡,未,2026-09-10T10:50:58Z,"Kotani, Miki/小谷 美輝",06:45,06:45,False,1.0,124,,
02N,1000,K,K5,583114214100,2026090705,829,L,730,1,,313.7401,750,1,C15-A-3,高岡,未,2026-09-10T10:50:58Z,"Kotani, Miki/小谷 美輝",18:46,18:46,False,1.0,125,,
02N,1000,K,K5,537224207000,2026090705,829,L,720,1,,194.1302,515,1,L12-D-8,高岡,未,2026-09-10T10:50:52Z,"Kotani, Miki/小谷 美輝",18:46,18:46,False,1.0,125,,
02N,2982,2,07,631426010000,2026090902,1000,N,443,1,,72.916,1000,1,Q10-A-24,日野,未,2026-09-10T10:51:41Z,"Kotani, Miki/小谷 美輝",18:30,18:30,True,1.0,125,,
02N,8482,W,B7,537214206090,2026082502,1000,N,719,1,,194.1301,515,1,L12-C-5,KVC,未,2026-09-10T10:50:28Z,"Kotani, Miki/小谷 美輝",06:45,06:45,False,2.0,126,,
02N,8482,W,B7,537224207090,2026090802,1000,N,720,1,,194.1302,515,1,L12-D-8,KVC,未,2026-09-10T10:50:33Z,"Kotani, Miki/小谷 美輝",06:45,06:45,False,1.0,127,,
02N,2982,2,06,486246006000,2026090802,1000,N,196,1,,72.913,750,1,Q10-A-13,日野,未,2026-09-10T10:51:22Z,"Kotani, Miki/小谷 美輝",18:30,18:30,False,2.0,128,,
02N,2982,2,06,486236006000,2026090802,1000,N,195,1,,72.912,750,1,Q10-A-12,日野,未,2026-09-10T10:51:20Z,"Kotani, Miki/小谷 美輝",18:30,18:30,False,2.0,128,,
02N,2982,2,06,486216006000,2026090802,1000,N,193,1,,72.91,750,1,Q10-A-10,日野,未,2026-09-10T10:51:16Z,"Kotani, Miki/小谷 美輝",18:30,18:30,False,2.0,128,,
02N,2982,2,07,616246010000,2026090802,1000,N,432,1,,72.907,500,1,Q10-B-5,日野,未,2026-09-10T10:51:29Z,"Kotani, Miki/小谷 美輝",18:30,18:30,False,3.0,129,,
02N,2982,2,07,617416014000,2026090802,1000,N,437,2,,62.1901,750,1,Q10-D-25,日野,未,2026-09-10T10:51:31Z,"Kotani, Miki/小谷 美輝",18:30,18:30,False,3.0,129,,
02N,2982,2,07,617416014000,2026090802,1000,N,437,2,,62.1901,750,1,Q10-D-25,日野,未,2026-09-10T10:51:31Z,"Kotani, Miki/小谷 美輝",18:30,18:30,False,3.0,129,,
02N,2982,2,07,617426014000,2026090802,1000,N,438,1,,62.19,750,1,Q10-D-23,日野,未,2026-09-10T10:51:35Z,"Kotani, Miki/小谷 美輝",18:30,18:30,False,4.0,130,,
02N,2982,2,W5,671466020000,2026090802,1000,N,478,1,,72.914,500,21,Q10-A-20,日野,未,2026-09-10T10:51:46Z,"Kotani, Miki/小谷 美輝",18:30,18:30,False,1.0,130,,
02N,7371,4,28,583114214100,2026090802,1000,N,730,2,,313.7401,750,1,C15-A-3,織機,未,2026-09-10T10:51:12Z,"Kotani, Miki/小谷 美輝",01:00,01:00,False,1.0,131,,
02N,7371,4,28,583114214100,2026090802,1000,N,730,2,,313.7401,750,1,C15-A-3,織機,未,2026-09-10T10:51:12Z,"Kotani, Miki/小谷 美輝",01:00,01:00,False,1.0,131,,
02N,2982,2,07,631426010000,2026091007,1000,N,443,1,,72.916,1000,1,Q10-A-24,日野,未,2026-09-10T10:51:42Z,"Kotani, Miki/小谷 美輝",01:22,01:22,True,1.0,131,,
02N,1000,K,K5,583114214100,2026090802,829,L,730,1,,313.7401,750,1,C15-A-3,高岡,未,2026-09-10T10:50:58Z,"Kotani, Miki/小谷 美輝",06:45,06:45,False,1.0,132,,
02N,1000,K,K5,581164203000,2026090802,829,L,726,1,,313.74,830,1,C15-B-5,高岡,未,2026-09-10T10:50:57Z,"Kotani, Miki/小谷 美輝",06:45,06:45,False,1.0,132,,
02N,8482,W,B3,581167801100,2026090902,1000,N,700,1,,313.7402,830,1,C15-A-1,KVC,未,2026-09-10T10:50:27Z,"Kotani, Miki/小谷 美輝",18:46,18:46,False,1.0,133,,
02N,8482,W,B7,581167801100,2026090902,1000,N,700,1,,313.7402,830,1,C15-A-1,KVC,未,2026-09-10T10:50:36Z,"Kotani, Miki/小谷 美輝",06:45,06:45,False,1.0,133,,
02N,8482,W,B7,537224207090,2026090902,1000,N,720,1,,194.1302,515,1,L12-D-8,KVC,未,2026-09-10T10:50:34Z,"Kotani, Miki/小谷 美輝",06:45,06:45,False,1.0,133,,
02N,2982,2,06,486246006000,2026090902,1000,N,196,1,,72.913,750,1,Q10-A-13,日野,未,2026-09-10T10:51:22Z,"Kotani, Miki/小谷 美輝",18:30,18:30,False,2.0,134,,
02N,2982,2,06,486226006000,2026090902,1000,N,194,1,,72.911,750,1,Q10-A-11,日野,未,2026-09-10T10:51:18Z,"Kotani, Miki/小谷 美輝",18:30,18:30,False,2.0,134,,
02N,2982,2,07,616236014000,2026090902,1000,N,431,1,,72.908,500,1,Q10-B-7,日野,未,2026-09-10T10:51:28Z,"Kotani, Miki/小谷 美輝",18:30,18:30,False,2.0,134,,
02N,2982,2,07,616246010000,2026090902,1000,N,432,1,,72.907,500,1,Q10-B-5,日野,未,2026-09-10T10:51:30Z,"Kotani, Miki/小谷 美輝",18:30,18:30,False,3.0,135,,
02N,2982,2,07,617416014000,2026090902,1000,N,437,1,,62.1901,750,1,Q10-D-25,日野,未,2026-09-10T10:51:32Z,"Kotani, Miki/小谷 美輝",18:30,18:30,False,3.0,135,,
02N,2982,2,07,617426014000,2026090902,1000,N,438,1,,62.19,750,1,Q10-D-23,日野,未,2026-09-10T10:51:35Z,"Kotani, Miki/小谷 美輝",18:30,18:30,False,3.0,135,,
02N,7371,4,28,583114214100,2026090902,1000,N,730,2,,313.7401,750,1,C15-A-3,織機,未,2026-09-10T10:51:12Z,"Kotani, Miki/小谷 美輝",01:00,01:00,False,1.0,136,,
02N,7371,4,28,583114214100,2026090902,1000,N,730,2,,313.7401,750,1,C15-A-3,織機,未,2026-09-10T10:51:12Z,"Kotani, Miki/小谷 美輝",01:00,01:00,False,1.0,136,,
02N,2982,2,07,617426014000,2026091207,1000,N,438,1,,62.19,750,1,Q10-D-23,日野,未,2026-09-10T10:51:37Z,"Kotani, Miki/小谷 美輝",01:22,01:22,False,3.0,136,,
02N,1000,K,K5,583114214100,2026090902,829,L,730,1,,313.7401,750,1,C15-A-3,高岡,未,2026-09-10T10:50:58Z,"Kotani, Miki/小谷 美輝",06:45,06:45,False,1.0,137,,
02N,1000,K,K5,537214206000,2026090902,829,L,719,1,,194.1301,515,1,L12-C-5,高岡,未,2026-09-10T10:50:52Z,"Kotani, Miki/小谷 美輝",06:45,06:45,False,1.0,137,,
02N,8482,W,B7,581167801100,2026091002,1000,N,700,1,,313.7402,830,1,C15-A-1,KVC,未,2026-09-10T10:50:37Z,"Kotani, Miki/小谷 美輝",06:45,06:45,False,1.0,138,,
02N,8482,W,B7,537214206090,2026091002,1000,N,719,1,,194.1301,515,1,L12-C-5,KVC,未,2026-09-10T10:50:32Z,"Kotani, Miki/小谷 美輝",06:45,06:45,False,1.0,138,,
02N,2982,2,06,486236006000,2026091002,1000,N,195,1,,72.912,750,1,Q10-A-12,日野,未,2026-09-10T10:51:21Z,"Kotani, Miki/小谷 美輝",18:30,18:30,False,2.0,139,,
02N,2982,2,06,486216006000,2026091002,1000,N,193,1,,72.91,750,1,Q10-A-10,日野,未,2026-09-10T10:51:17Z,"Kotani, Miki/小谷 美輝",18:30,18:30,False,2.0,139,,
02N,2982,2,07,616236014000,2026091002,1000,N,431,1,,72.908,500,1,Q10-B-7,日野,未,2026-09-10T10:51:28Z,"Kotani, Miki/小谷 美輝",18:30,18:30,False,2.0,139,,
02N,2982,2,07,616246010000,2026091002,1000,N,432,1,,72.907,500,1,Q10-B-5,日野,未,2026-09-10T10:51:30Z,"Kotani, Miki/小谷 美輝",18:30,18:30,False,3.0,140,,
02N,2982,2,07,617416014000,2026091002,1000,N,437,1,,62.1901,750,1,Q10-D-25,日野,未,2026-09-10T10:51:32Z,"Kotani, Miki/小谷 美輝",18:30,18:30,False,3.0,140,,
02N,2982,2,07,617426014000,2026091002,1000,N,438,1,,62.19,750,1,Q10-D-23,日野,未,2026-09-10T10:51:36Z,"Kotani, Miki/小谷 美輝",18:30,18:30,False,3.0,140,,
02N,7371,4,28,583114214100,2026091002,1000,N,730,1,,313.7401,750,1,C15-A-3,織機,未,2026-09-10T10:51:13Z,"Kotani, Miki/小谷 美輝",01:00,01:00,False,1.0,141,,
02N,7371,4,61,583114214100,2026091002,1000,N,730,1,,313.7401,750,1,C15-A-3,織機,未,2026-09-10T10:51:15Z,"Kotani, Miki/小谷 美輝",01:00,01:00,False,1.0,141,,
02N,2982,2,07,631426010000,2026091207,1000,N,443,1,,72.916,1000,1,Q10-A-24,日野,未,2026-09-10T10:51:43Z,"Kotani, Miki/小谷 美輝",01:22,01:22,True,1.0,141,,
02N,1000,K,K5,583114214100,2026091002,829,L,730,1,,313.7401,750,1,C15-A-3,高岡,未,2026-09-10T10:50:59Z,"Kotani, Miki/小谷 美輝",06:45,06:45,False,1.0,142,,
02N,1000,K,K5,581164203000,2026091002,829,L,726,1,,313.74,830,1,C15-B-5,高岡,未,2026-09-10T10:50:57Z,"Kotani, Miki/小谷 美輝",06:45,06:45,False,1.0,142,,
02N,1000,K,K5,537224207000,2026091002,829,L,720,1,,194.1302,515,1,L12-D-8,高岡,未,2026-09-10T10:50:52Z,"Kotani, Miki/小谷 美輝",06:45,06:45,False,1.0,142,,
02N,1000,K,K5,537214206000,2026091002,829,L,719,1,,194.1301,515,1,L12-C-5,高岡,未,2026-09-10T10:50:52Z,"Kotani, Miki/小谷 美輝",06:45,06:45,False,2.0,143,,
02N,1000,K,K5,581164203000,2026091005,829,L,726,1,,313.74,830,1,C15-B-5,高岡,未,2026-09-10T10:50:57Z,"Kotani, Miki/小谷 美輝",18:46,18:46,False,1.0,144,,
02N,1000,K,K5,537214206000,2026091005,829,L,719,1,,194.1301,515,1,L12-C-5,高岡,未,2026-09-10T10:50:52Z,"Kotani, Miki/小谷 美輝",18:46,18:46,False,1.0,144,,
02N,2982,2,07,631426010000,2026091002,1000,N,443,1,,72.916,1000,1,Q10-A-24,日野,未,2026-09-10T10:51:41Z,"Kotani, Miki/小谷 美輝",18:30,18:30,True,1.0,144,,
02N,7371,4,28,583114214100,2026091007,1000,N,730,2,,313.7401,750,1,C15-A-3,織機,未,2026-09-10T10:51:13Z,"Kotani, Miki/小谷 美輝",18:15,18:15,False,1.0,145,,
02N,7371,4,28,583114214100,2026091007,1000,N,730,2,,313.7401,750,1,C15-A-3,織機,未,2026-09-10T10:51:13Z,"Kotani, Miki/小谷 美輝",18:15,18:15,False,1.0,145,,
02N,2982,2,07,631426010000,2026090802,1000,N,443,1,,72.916,1000,1,Q10-A-24,日野,未,2026-09-10T10:51:41Z,"Kotani, Miki/小谷 美輝",18:30,18:30,True,1.0,145,,
02N,2982,2,06,486236006000,2026091102,1000,N,195,1,,72.912,750,1,Q10-A-12,日野,未,2026-09-10T10:51:21Z,"Kotani, Miki/小谷 美輝",18:30,18:30,False,1.0,146,,
02N,2982,2,06,486216006000,2026091102,1000,N,193,1,,72.91,750,1,Q10-A-10,日野,未,2026-09-10T10:51:17Z,"Kotani, Miki/小谷 美輝",18:30,18:30,False,1.0,146,,
02N,2982,2,07,616236014000,2026091102,1000,N,431,1,,72.908,500,1,Q10-B-7,日野,未,2026-09-10T10:51:29Z,"Kotani, Miki/小谷 美輝",18:30,18:30,False,1.0,146,,
02N,2982,2,07,616246010000,2026091102,1000,N,432,1,,72.907,500,1,Q10-B-5,日野,未,2026-09-10T10:51:31Z,"Kotani, Miki/小谷 美輝",18:30,18:30,False,2.0,147,,
02N,2982,2,07,617416014000,2026091102,1000,N,437,1,,62.1901,750,1,Q10-D-25,日野,未,2026-09-10T10:51:32Z,"Kotani, Miki/小谷 美輝",18:30,18:30,False,2.0,147,,
02N,2982,2,07,617426014000,2026091102,1000,N,438,2,,62.19,750,1,Q10-D-23,日野,未,2026-09-10T10:51:36Z,"Kotani, Miki/小谷 美輝",18:30,18:30,False,2.0,147,,
02N,1000,K,K5,583114214100,2026090205,829,L,730,1,,313.7401,750,1,C15-A-3,高岡,未,2026-09-10T10:50:58Z,"Kotani, Miki/小谷 美輝",18:46,18:46,False,1.0,148,,
02N,2982,2,07,617426014000,2026090702,1000,N,438,1,,62.19,750,1,Q10-D-23,日野,未,2026-09-10T10:51:34Z,"Kotani, Miki/小谷 美輝",18:30,18:30,False,4.0,148,,
02N,2982,2,07,617426014000,2026091102,1000,N,438,2,,62.19,750,1,Q10-D-23,日野,未,2026-09-10T10:51:36Z,"Kotani, Miki/小谷 美輝",18:30,18:30,False,3.0,148,,
02N,1000,K,K5,583114214100,2026090105,829,L,730,1,,313.7401,750,1,C15-A-3,高岡,未,2026-09-10T10:50:57Z,"Kotani, Miki/小谷 美輝",18:46,18:46,False,1.0,149,,
02N,2982,2,W5,671456020000,2026091102,1000,N,477,1,,72.915,500,21,Q10-A-22,日野,未,2026-09-10T10:51:45Z,"Kotani, Miki/小谷 美輝",18:30,18:30,False,1.0,149,,
02N,2982,2,W5,671466020000,2026091102,1000,N,478,1,,72.914,500,21,Q10-A-20,日野,未,2026-09-10T10:51:46Z,"Kotani, Miki/小谷 美輝",18:30,18:30,False,1.0,149,,
02N,2982,2,07,617766003000,2026091102,1000,N,440,1,,72.905,500,21,Q10-B-1,日野,未,2026-09-10T10:51:40Z,"Kotani, Miki/小谷 美輝",18:30,18:30,False,1.0,149,,
02N,7371,4,28,583114214100,2026091102,1000,N,730,2,,313.7401,750,1,C15-A-3,織機,未,2026-09-10T10:51:13Z,"Kotani, Miki/小谷 美輝",01:00,01:00,False,1.0,150,,
02N,7371,4,28,583114214100,2026091102,1000,N,730,2,,313.7401,750,1,C15-A-3,織機,未,2026-09-10T10:51:13Z,"Kotani, Miki/小谷 美輝",01:00,01:00,False,1.0,150,,
02N,7371,4,61,583114214100,2026091102,1000,N,730,1,,313.7401,750,1,C15-A-3,織機,未,2026-09-10T10:51:15Z,"Kotani, Miki/小谷 美輝",01:00,01:00,False,1.0,150,,
02N,1000,H,1W,571121101000,2026082702,829,L,320,1,,168.3904,800,1,N12-A-19,元町,未,2026-09-10T10:50:42Z,"Kotani, Miki/小谷 美輝",07:28,07:28,False,1.0,151,,
02N,2982,2,06,486246006000,2026091202,1000,N,196,1,,72.913,750,1,Q10-A-13,日野,未,2026-09-10T10:51:23Z,"Kotani, Miki/小谷 美輝",18:30,18:30,False,2.0,152,,
02N,2982,2,06,486236006000,2026091202,1000,N,195,1,,72.912,750,1,Q10-A-12,日野,未,2026-09-10T10:51:21Z,"Kotani, Miki/小谷 美輝",18:30,18:30,False,2.0,152,,
02N,2982,2,06,486226006000,2026091202,1000,N,194,1,,72.911,750,1,Q10-A-11,日野,未,2026-09-10T10:51:19Z,"Kotani, Miki/小谷 美輝",18:30,18:30,False,2.0,152,,
02N,2982,2,06,486216006000,2026091202,1000,N,193,1,,72.91,750,1,Q10-A-10,日野,未,2026-09-10T10:51:17Z,"Kotani, Miki/小谷 美輝",18:30,18:30,False,3.0,153,,
02N,2982,2,07,616236014000,2026091202,1000,N,431,1,,72.908,500,1,Q10-B-7,日野,未,2026-09-10T10:51:29Z,"Kotani, Miki/小谷 美輝",18:30,18:30,False,3.0,153,,
02N,2982,2,07,616246010000,2026091202,1000,N,432,1,,72.907,500,1,Q10-B-5,日野,未,2026-09-10T10:51:31Z,"Kotani, Miki/小谷 美輝",18:30,18:30,False,3.0,153,,
02N,2982,2,07,631426010000,2026090702,1000,N,443,1,,72.916,1000,1,Q10-A-24,日野,未,2026-09-10T10:51:40Z,"Kotani, Miki/小谷 美輝",18:30,18:30,True,1.0,154,,
02N,2982,2,07,617416014000,2026091202,1000,N,437,1,,62.1901,750,1,Q10-D-25,日野,未,2026-09-10T10:51:34Z,"Kotani, Miki/小谷 美輝",18:30,18:30,False,4.0,154,,
02N,2982,2,07,617426014000,2026091202,1000,N,438,1,,62.19,750,1,Q10-D-23,日野,未,2026-09-10T10:51:36Z,"Kotani, Miki/小谷 美輝",18:30,18:30,False,4.0,154,,
02N,1000,H,1W,537141101000,2026090702,829,L,566,1,,153.54,515,1,N12-B-1,元町,未,2026-09-10T10:50:42Z,"Kotani, Miki/小谷 美輝",07:28,07:28,False,1.0,155,,
02N,1000,H,1W,571121101000,2026091002,829,L,320,1,,168.3904,800,1,N12-A-19,元町,未,2026-09-10T10:50:43Z,"Kotani, Miki/小谷 美輝",07:28,07:28,False,1.0,156,,
02N,1000,H,1W,571121101000,2026090302,829,L,320,1,,168.3904,800,1,N12-A-19,元町,未,2026-09-10T10:50:42Z,"Kotani, Miki/小谷 美輝",07:28,07:28,False,1.0,157,,
02N,2982,2,07,5831160F1000,2026090702,1000,N,248,1,,72.918,600,5,Q10-B-23,日野,未,2026-09-10T10:51:24Z,"Kotani, Miki/小谷 美輝",18:30,18:30,,,158,26.0,
02N,2982,2,07,5831160F1000,2026090802,1000,N,248,1,,72.918,600,5,Q10-B-23,日野,未,2026-09-10T10:51:24Z,"Kotani, Miki/小谷 美輝",18:30,18:30,,,158,26.0,
02N,2982,2,07,5831160F1000,2026091202,1000,N,248,1,,72.918,600,5,Q10-B-23,日野,未,2026-09-10T10:51:26Z,"Kotani, Miki/小谷 美輝",18:30,18:30,,,159,27.0,
02N,2982,2,07,5831160F4000,2026090902,1000,N,250,1,,72.917,600,5,Q10-A-27,日野,未,2026-09-10T10:51:27Z,"Kotani, Miki/小谷 美輝",18:30,18:30,,,159,27.0,
02N,2982,2,07,5831160F4000,2026091102,1000,N,250,1,,72.917,600,5,Q10-A-27,日野,未,2026-09-10T10:51:27Z,"Kotani, Miki/小谷 美輝",18:30,18:30,,,160,28.0,
02N,2982,2,07,5831160F4000,2026091202,1000,N,250,1,,72.917,600,5,Q10-A-27,日野,未,2026-09-10T10:51:27Z,"Kotani, Miki/小谷 美輝",18:30,18:30,,,160,28.0,
02N,2982,2,07,631486005000,2026091102,1000,N,471,1,,72.904,600,11,Q10-A-3,日野,未,2026-09-10T10:51:43Z,"Kotani, Miki/小谷 美輝",18:30,18:30,,,161,5.0,
02N,2982,2,07,631496003000,2026091102,1000,N,472,1,,72.903,600,11,Q10-A-1,日野,未,2026-09-10T10:51:43Z,"Kotani, Miki/小谷 美輝",18:30,18:30,,,161,5.0,
02N,7371,4,21,551124202000,2026090702,1000,N,716,1,,16.6501,830,17,Q9-A-5,織機,未,2026-09-10T10:51:10Z,"Kotani, Miki/小谷 美輝",01:00,01:00,,,162,1.0,
02N,7371,4,21,551124202000,2026090802,1000,N,716,1,,16.6501,830,17,Q9-A-5,織機,未,2026-09-10T10:51:10Z,"Kotani, Miki/小谷 美輝",01:00,01:00,,,162,1.0,
02N,7371,4,21,551124202000,2026090902,1000,N,716,1,,16.6501,830,17,Q9-A-5,織機,未,2026-09-10T10:51:10Z,"Kotani, Miki/小谷 美輝",01:00,01:00,,,163,2.0,
02N,7371,4,21,551124202000,2026091102,1000,N,716,1,,16.6501,830,17,Q9-A-5,織機,未,2026-09-10T10:51:11Z,"Kotani, Miki/小谷 美輝",01:00,01:00,,,163,2.0,
02N,7371,4,61,551124202000,2026090702,1000,N,716,1,,16.6501,830,17,Q9-A-5,織機,未,2026-09-10T10:51:14Z,"Kotani, Miki/小谷 美輝",01:00,01:00,,,164,3.0,
02N,7371,4,21,551124201000,2026090702,1000,N,715,1,,16.65,830,17,Q9-A-1,織機,未,2026-09-10T10:51:08Z,"Kotani, Miki/小谷 美輝",01:00,01:00,,,164,3.0,
02N,7371,4,21,551124201000,2026090802,1000,N,715,1,,16.65,830,17,Q9-A-1,織機,未,2026-09-10T10:51:09Z,"Kotani, Miki/小谷 美輝",01:00,01:00,,,165,4.0,
02N,7371,4,21,551124201000,2026090902,1000,N,715,1,,16.65,830,17,Q9-A-1,織機,未,2026-09-10T10:51:09Z,"Kotani, Miki/小谷 美輝",01:00,01:00,,,165,4.0,
02N,7371,4,21,551124201000,2026091002,1000,N,715,1,,16.65,830,17,Q9-A-1,織機,未,2026-09-10T10:51:09Z,"Kotani, Miki/小谷 美輝",01:00,01:00,,,166,5.0,
02N,7371,4,21,551124201000,2026091102,1000,N,715,1,,16.65,830,17,Q9-A-1,織機,未,2026-09-10T10:51:10Z,"Kotani, Miki/小谷 美輝",01:00,01:00,,,166,5.0,
02N,7371,4,61,551124201000,2026090702,1000,N,715,1,,16.65,830,17,Q9-A-1,織機,未,2026-09-10T10:51:13Z,"Kotani, Miki/小谷 美輝",01:00,01:00,,,167,6.0,
02N,7371,4,61,551124201000,2026090802,1000,N,715,1,,16.65,830,17,Q9-A-1,織機,未,2026-09-10T10:51:13Z,"Kotani, Miki/小谷 美輝",01:00,01:00,,,167,6.0,
02N,7371,4,61,551124201000,2026091002,1000,N,715,1,,16.65,830,17,Q9-A-1,織機,未,2026-09-10T10:51:13Z,"Kotani, Miki/小谷 美輝",01:00,01:00,,,168,7.0,
02N,1000,K,K5,551124202000,2026082602,829,L,716,1,,16.6501,830,17,Q9-A-5,高岡,未,2026-09-10T10:50:55Z,"Kotani, Miki/小谷 美輝",06:45,06:45,,,169,8.0,
02N,1000,K,K5,551124202000,2026082702,829,L,716,1,,16.6501,830,17,Q9-A-5,高岡,未,2026-09-10T10:50:55Z,"Kotani, Miki/小谷 美輝",06:45,06:45,,,169,8.0,
02N,1000,K,K5,551124202000,2026090102,829,L,716,1,,16.6501,830,17,Q9-A-5,高岡,未,2026-09-10T10:50:55Z,"Kotani, Miki/小谷 美輝",06:45,06:45,,,170,9.0,
02N,1000,K,K5,551124202000,2026090402,829,L,716,1,,16.6501,830,17,Q9-A-5,高岡,未,2026-09-10T10:50:55Z,"Kotani, Miki/小谷 美輝",06:45,06:45,,,170,9.0,
02N,1000,K,K5,551124202000,2026090802,829,L,716,1,,16.6501,830,17,Q9-A-5,高岡,未,2026-09-10T10:50:56Z,"Kotani, Miki/小谷 美輝",06:45,06:45,,,171,10.0,
02N,1000,K,K5,551124202000,2026091002,829,L,716,1,,16.6501,830,17,Q9-A-5,高岡,未,2026-09-10T10:50:56Z,"Kotani, Miki/小谷 美輝",06:45,06:45,,,171,10.0,
02N,8482,W,B7,551124202000,2026082702,1000,N,716,1,,16.6501,830,17,Q9-A-5,TMK,未,2026-09-10T10:50:35Z,"Kotani, Miki/小谷 美輝",06:45,06:45,,,172,13.0,
02N,8482,W,B7,551124202000,2026083102,1000,N,716,1,,16.6501,830,17,Q9-A-5,TMK,未,2026-09-10T10:50:35Z,"Kotani, Miki/小谷 美輝",06:45,06:45,,,172,13.0,
02N,1000,K,K5,551124201000,2026082602,829,L,715,2,,16.65,830,17,Q9-A-1,高岡,未,2026-09-10T10:50:52Z,"Kotani, Miki/小谷 美輝",06:45,06:45,,,173,14.0,
02N,1000,K,K5,551124201000,2026082602,829,L,715,2,,16.65,830,17,Q9-A-1,高岡,未,2026-09-10T10:50:52Z,"Kotani, Miki/小谷 美輝",06:45,06:45,,,173,14.0,
02N,1000,K,K5,551124201000,2026082702,829,L,715,2,,16.65,830,17,Q9-A-1,高岡,未,2026-09-10T10:50:52Z,"Kotani, Miki/小谷 美輝",06:45,06:45,,,174,15.0,
02N,1000,K,K5,551124201000,2026082702,829,L,715,2,,16.65,830,17,Q9-A-1,高岡,未,2026-09-10T10:50:52Z,"Kotani, Miki/小谷 美輝",06:45,06:45,,,174,15.0,
02N,1000,K,K5,551124201000,2026082802,829,L,715,2,,16.65,830,17,Q9-A-1,高岡,未,2026-09-10T10:50:53Z,"Kotani, Miki/小谷 美輝",06:45,06:45,,,175,16.0,
02N,1000,K,K5,551124201000,2026082802,829,L,715,2,,16.65,830,17,Q9-A-1,高岡,未,2026-09-10T10:50:53Z,"Kotani, Miki/小谷 美輝",06:45,06:45,,,175,16.0,
02N,1000,K,K5,551124201000,2026083102,829,L,715,1,,16.65,830,17,Q9-A-1,高岡,未,2026-09-10T10:50:53Z,"Kotani, Miki/小谷 美輝",06:45,06:45,,,176,17.0,
02N,1000,K,K5,551124201000,2026090102,829,L,715,2,,16.65,830,17,Q9-A-1,高岡,未,2026-09-10T10:50:53Z,"Kotani, Miki/小谷 美輝",06:45,06:45,,,176,17.0,
02N,1000,K,K5,551124201000,2026090102,829,L,715,2,,16.65,830,17,Q9-A-1,高岡,未,2026-09-10T10:50:53Z,"Kotani, Miki/小谷 美輝",06:45,06:45,,,177,18.0,
02N,1000,K,K5,551124201000,2026090202,829,L,715,1,,16.65,830,17,Q9-A-1,高岡,未,2026-09-10T10:50:53Z,"Kotani, Miki/小谷 美輝",06:45,06:45,,,177,18.0,
02N,1000,K,K5,551124201000,2026090302,829,L,715,2,,16.65,830,17,Q9-A-1,高岡,未,2026-09-10T10:50:53Z,"Kotani, Miki/小谷 美輝",06:45,06:45,,,178,19.0,
02N,1000,K,K5,551124201000,2026090302,829,L,715,2,,16.65,830,17,Q9-A-1,高岡,未,2026-09-10T10:50:53Z,"Kotani, Miki/小谷 美輝",06:45,06:45,,,178,19.0,
02N,1000,K,K5,551124201000,2026090402,829,L,715,2,,16.65,830,17,Q9-A-1,高岡,未,2026-09-10T10:50:53Z,"Kotani, Miki/小谷 美輝",06:45,06:45,,,179,20.0,
02N,1000,K,K5,551124201000,2026090402,829,L,715,2,,16.65,830,17,Q9-A-1,高岡,未,2026-09-10T10:50:53Z,"Kotani, Miki/小谷 美輝",06:45,06:45,,,179,20.0,
02N,1000,K,K5,551124201000,2026090502,829,L,715,1,,16.65,830,17,Q9-A-1,高岡,未,2026-09-10T10:50:54Z,"Kotani, Miki/小谷 美輝",06:45,06:45,,,180,21.0,
02N,1000,K,K5,551124201000,2026090702,829,L,715,2,,16.65,830,17,Q9-A-1,高岡,未,2026-09-10T10:50:54Z,"Kotani, Miki/小谷 美輝",06:45,06:45,,,180,21.0,
02N,1000,K,K5,551124201000,2026090702,829,L,715,2,,16.65,830,17,Q9-A-1,高岡,未,2026-09-10T10:50:54Z,"Kotani, Miki/小谷 美輝",06:45,06:45,,,181,22.0,
02N,1000,K,K5,551124201000,2026090802,829,L,715,1,,16.65,830,17,Q9-A-1,高岡,未,2026-09-10T10:50:54Z,"Kotani, Miki/小谷 美輝",06:45,06:45,,,181,22.0,
02N,1000,K,K5,551124201000,2026090902,829,L,715,2,,16.65,830,17,Q9-A-1,高岡,未,2026-09-10T10:50:54Z,"Kotani, Miki/小谷 美輝",06:45,06:45,,,182,23.0,
02N,1000,K,K5,551124201000,2026090902,829,L,715,2,,16.65,830,17,Q9-A-1,高岡,未,2026-09-10T10:50:54Z,"Kotani, Miki/小谷 美輝",06:45,06:45,,,182,23.0,
02N,1000,K,K5,551124201000,2026091002,829,L,715,2,,16.65,830,17,Q9-A-1,高岡,未,2026-09-10T10:50:54Z,"Kotani, Miki/小谷 美輝",06:45,06:45,,,183,24.0,
02N,1000,K,K5,551124201000,2026091002,829,L,715,2,,16.65,830,17,Q9-A-1,高岡,未,2026-09-10T10:50:54Z,"Kotani, Miki/小谷 美輝",06:45,06:45,,,183,24.0,
02N,1000,H,1W,551115010000,2026090302,829,L,749,1,,168.3901,600,17,N12-A-8,元町,未,2026-09-10T10:50:42Z,"Kotani, Miki/小谷 美輝",07:28,07:28,,,184,25.0,
02N,1000,H,1W,576525091400,2026090702,829,L,613,1,,62.109,670,19,Q10-F-7,元町,未,2026-09-10T10:50:43Z,"Kotani, Miki/小谷 美輝",07:28,07:28,,,185,1.0,
02N,1000,H,1W,616415003000,2026090302,829,L,739,1,,238.6801,600,20,I12-B-5,元町,未,2026-09-10T10:50:43Z,"Kotani, Miki/小谷 美輝",07:28,07:28,,,186,1.0,
02N,1000,H,1W,616455005000,2026090302,829,L,741,1,,238.6801,600,20,I12-B-5,元町,未,2026-09-10T10:50:44Z,"Kotani, Miki/小谷 美輝",07:28,07:28,,,186,1.0,
02N,2982,2,W5,671456020000,2026090702,1000,N,477,2,,72.915,500,21,Q10-A-22,日野,未,2026-09-10T10:51:43Z,"Kotani, Miki/小谷 美輝",18:30,18:30,False,1.0,187,,
02N,2982,2,W5,671456020000,2026090702,1000,N,477,2,,72.915,500,21,Q10-A-22,日野,未,2026-09-10T10:51:43Z,"Kotani, Miki/小谷 美輝",18:30,18:30,False,1.0,187,,
02N,2982,2,W5,671466020000,2026090702,1000,N,478,1,,72.914,500,21,Q10-A-20,日野,未,2026-09-10T10:51:45Z,"Kotani, Miki/小谷 美輝",18:30,18:30,False,1.0,187,,
02N,2982,2,07,617756002000,2026090702,1000,N,439,1,,72.906,500,21,Q10-B-3,日野,未,2026-09-10T10:51:37Z,"Kotani, Miki/小谷 美輝",18:30,18:30,False,1.0,187,,
02N,2982,2,W5,671466020000,2026090902,1000,N,478,1,,72.914,500,21,Q10-A-20,日野,未,2026-09-10T10:51:46Z,"Kotani, Miki/小谷 美輝",18:30,18:30,False,1.0,188,,
02N,2982,2,W5,671466020000,2026091002,1000,N,478,1,,72.914,500,21,Q10-A-20,日野,未,2026-09-10T10:51:46Z,"Kotani, Miki/小谷 美輝",18:30,18:30,False,1.0,188,,
02N,2982,2,07,617766004000,2026090702,1000,N,442,1,,72.9,500,21,Q10-B-A,日野,未,2026-09-10T10:51:40Z,"Kotani, Miki/小谷 美輝",18:30,18:30,False,2.0,188,,
02N,8482,W,B7,581167801100,2026082103,1000,N,700,1,,313.7402,830,1,C15-A-1,KVC,未,2026-09-10T10:50:35Z,"Kotani, Miki/小谷 美輝",10:51,10:51,False,1.0,189,,
02N,8482,W,B7,537224207090,2026082103,1000,N,720,1,,194.1302,515,1,L12-D-8,KVC,未,2026-09-10T10:50:32Z,"Kotani, Miki/小谷 美輝",10:51,10:51,False,1.0,189,,
02N,8482,W,B7,537214206090,2026082703,1000,N,719,1,,194.1301,515,1,L12-C-5,KVC,未,2026-09-10T10:50:29Z,"Kotani, Miki/小谷 美輝",10:51,10:51,False,2.0,189,,
02N,8482,W,B7,537214206090,2026082103,1000,N,719,1,,194.1301,515,1,L12-C-5,KVC,未,2026-09-10T10:50:28Z,"Kotani, Miki/小谷 美輝",10:51,10:51,False,1.0,189,,
02N,8482,W,B7,581164203000,2026082403,1000,N,726,1,,313.74,830,1,C15-B-5,KVC,未,2026-09-10T10:50:35Z,"Kotani, Miki/小谷 美輝",10:51,10:51,False,2.0,190,,
02N,8482,W,B7,537224207090,2026082403,1000,N,720,1,,194.1302,515,1,L12-D-8,KVC,未,2026-09-10T10:50:32Z,"Kotani, Miki/小谷 美輝",10:51,10:51,False,2.0,190,,
02N,8482,W,B7,537214206090,2026082403,1000,N,719,1,,194.1301,515,1,L12-C-5,KVC,未,2026-09-10T10:50:28Z,"Kotani, Miki/小谷 美輝",10:51,10:51,False,2.0,190,,
02N,1000,K,K5,583114214100,2026083103,829,L,730,1,,313.7401,750,1,C15-A-3,高岡,未,2026-09-10T10:50:57Z,"Kotani, Miki/小谷 美輝",10:51,10:51,False,1.0,191,,
02N,8482,W,B7,582114202000,2026082503,1000,N,728,1,,346.5,550,1,C12-B-6,KVC,未,2026-09-10T10:50:37Z,"Kotani, Miki/小谷 美輝",10:51,10:51,False,1.0,192,,
02N,8482,W,B3,581167801100,2026082503,1000,N,700,1,,313.7402,830,1,C15-A-1,KVC,未,2026-09-10T10:50:22Z,"Kotani, Miki/小谷 美輝",22:41,22:41,False,1.0,192,,
02N,8482,W,B7,581167801100,2026082503,1000,N,700,1,,313.7402,830,1,C15-A-1,KVC,未,2026-09-10T10:50:35Z,"Kotani, Miki/小谷 美輝",10:51,10:51,False,1.0,192,,
02N,8482,W,B7,581167801100,2026082603,1000,N,700,1,,313.7402,830,1,C15-A-1,KVC,未,2026-09-10T10:50:36Z,"Kotani, Miki/小谷 美輝",10:51,10:51,False,1.0,193,,
02N,8482,W,B7,537224207090,2026082603,1000,N,720,1,,194.1302,515,1,L12-D-8,KVC,未,2026-09-10T10:50:33Z,"Kotani, Miki/小谷 美輝",10:51,10:51,False,1.0,193,,
02N,8482,W,B3,581167801100,2026082703,1000,N,700,1,,313.7402,830,1,C15-A-1,KVC,未,2026-09-10T10:50:23Z,"Kotani, Miki/小谷 美輝",22:41,22:41,False,1.0,194,,
02N,8482,W,B7,581167801100,2026082703,1000,N,700,1,,313.7402,830,1,C15-A-1,KVC,未,2026-09-10T10:50:36Z,"Kotani, Miki/小谷 美輝",10:51,10:51,False,1.0,194,,
02N,8482,W,B7,537224207090,2026082703,1000,N,720,1,,194.1302,515,1,L12-D-8,KVC,未,2026-09-10T10:50:33Z,"Kotani, Miki/小谷 美輝",10:51,10:51,False,1.0,194,,
02N,1000,K,K5,583114214100,2026082703,829,L,730,1,,313.7401,750,1,C15-A-3,高岡,未,2026-09-10T10:50:57Z,"Kotani, Miki/小谷 美輝",10:51,10:51,False,1.0,195,,
02N,1000,K,K5,537224207000,2026082703,829,L,720,1,,194.1302,515,1,L12-D-8,高岡,未,2026-09-10T10:50:52Z,"Kotani, Miki/小谷 美輝",10:51,10:51,False,1.0,195,,
02N,1000,K,K5,537214206000,2026082703,829,L,719,1,,194.1301,515,1,L12-C-5,高岡,未,2026-09-10T10:50:51Z,"Kotani, Miki/小谷 美輝",10:51,10:51,False,1.0,195,,
02N,8482,W,B3,581167801100,2026082803,1000,N,700,1,,313.7402,830,1,C15-A-1,KVC,未,2026-09-10T10:50:25Z,"Kotani, Miki/小谷 美輝",22:41,22:41,False,1.0,196,,
02N,8482,W,B7,581167801100,2026082803,1000,N,700,1,,313.7402,830,1,C15-A-1,KVC,未,2026-09-10T10:50:36Z,"Kotani, Miki/小谷 美輝",10:51,10:51,False,1.0,196,,
02N,8482,W,B7,537224207090,2026082803,1000,N,720,1,,194.1302,515,1,L12-D-8,KVC,未,2026-09-10T10:50:33Z,"Kotani, Miki/小谷 美輝",10:51,10:51,False,1.0,196,,
02N,8482,W,B3,581167801100,2026083103,1000,N,700,1,,313.7402,830,1,C15-A-1,KVC,未,2026-09-10T10:50:27Z,"Kotani, Miki/小谷 美輝",22:41,22:41,False,1.0,197,,
02N,8482,W,B7,581167801100,2026083103,1000,N,700,1,,313.7402,830,1,C15-A-1,KVC,未,2026-09-10T10:50:36Z,"Kotani, Miki/小谷 美輝",10:51,10:51,False,1.0,197,,
02N,8482,W,B7,537224207090,2026083103,1000,N,720,1,,194.1302,515,1,L12-D-8,KVC,未,2026-09-10T10:50:33Z,"Kotani, Miki/小谷 美輝",10:51,10:51,False,1.0,197,,
02N,1000,H,1W,571165008000,2026090103,829,L,736,1,,204.3,800,1,L12-A-5,元町,未,2026-09-10T10:50:43Z,"Kotani, Miki/小谷 美輝",12:21,12:21,False,1.0,198,,
02N,1000,H,1W,571155008000,2026090103,829,L,735,1,,194.13,800,1,L12-D-1,元町,未,2026-09-10T10:50:43Z,"Kotani, Miki/小谷 美輝",12:21,12:21,False,1.0,198,,
02N,1000,H,1W,537141101000,2026090103,829,L,566,1,,153.54,515,1,N12-B-1,元町,未,2026-09-10T10:50:42Z,"Kotani, Miki/小谷 美輝",12:21,12:21,False,1.0,198,,
02N,1000,K,K5,583114214100,2026090203,829,L,730,1,,313.7401,750,1,C15-A-3,高岡,未,2026-09-10T10:50:58Z,"Kotani, Miki/小谷 美輝",10:51,10:51,False,1.0,199,,
02N,1000,K,K5,537224207000,2026090203,829,L,720,1,,194.1302,515,1,L12-D-8,高岡,未,2026-09-10T10:50:52Z,"Kotani, Miki/小谷 美輝",10:51,10:51,False,1.0,199,,
02N,2982,2,07,631426010000,2026091010,1000,N,443,1,,72.916,1000,1,Q10-A-24,日野,未,2026-09-10T10:51:42Z,"Kotani, Miki/小谷 美輝",09:25,09:25,True,1.0,199,,
02N,1000,K,K5,583114214100,2026090503,829,L,730,1,,313.7401,750,1,C15-A-3,高岡,未,2026-09-10T10:50:58Z,"Kotani, Miki/小谷 美輝",10:51,10:51,False,1.0,200,,
02N,1000,K,K5,537214206000,2026090503,829,L,719,1,,194.1301,515,1,L12-C-5,高岡,未,2026-09-10T10:50:51Z,"Kotani, Miki/小谷 美輝",10:51,10:51,False,1.0,200,,
02N,2982,2,W5,671456020000,2026090909,1000,N,477,1,,72.915,500,21,Q10-A-22,日野,未,2026-09-10T10:51:44Z,"Kotani, Miki/小谷 美輝",07:55,07:55,False,1.0,200,,
02N,2982,2,W5,671466020000,2026090909,1000,N,478,1,,72.914,500,21,Q10-A-20,日野,未,2026-09-10T10:51:46Z,"Kotani, Miki/小谷 美輝",07:55,07:55,False,1.0,200,,
02N,1000,H,1W,571155008000,2026090403,829,L,735,1,,194.13,800,1,L12-D-1,元町,未,2026-09-10T10:50:43Z,"Kotani, Miki/小谷 美輝",12:21,12:21,False,1.0,201,,
02N,1000,D,1P,671466020000,2026090703,829,L,478,1,,62.112,500,21,Q10-E-21,三栄,未,2026-09-10T10:51:02Z,"Kotani, Miki/小谷 美輝",17:30,17:30,False,1.0,201,,
02N,1000,D,1P,671456020000,2026090703,829,L,477,2,,62.111,500,21,Q10-E-20,三栄,未,2026-09-10T10:51:02Z,"Kotani, Miki/小谷 美輝",17:30,17:30,False,1.0,201,,
02N,1000,D,1P,671456020000,2026090703,829,L,477,2,,62.111,500,21,Q10-E-20,三栄,未,2026-09-10T10:51:02Z,"Kotani, Miki/小谷 美輝",17:30,17:30,False,1.0,201,,
02N,2982,2,06,486246006000,2026090703,1000,N,196,1,,72.913,750,1,Q10-A-13,日野,未,2026-09-10T10:51:22Z,"Kotani, Miki/小谷 美輝",19:27,19:27,False,2.0,202,,
02N,2982,2,06,486236006000,2026090703,1000,N,195,1,,72.912,750,1,Q10-A-12,日野,未,2026-09-10T10:51:19Z,"Kotani, Miki/小谷 美輝",19:27,19:27,False,2.0,202,,
02N,2982,2,07,616246010000,2026090703,1000,N,432,1,,72.907,500,1,Q10-B-5,日野,未,2026-09-10T10:51:29Z,"Kotani, Miki/小谷 美輝",19:27,19:27,False,2.0,202,,
02N,7371,4,28,583114214100,2026090703,1000,N,730,1,,313.7401,750,1,C15-A-3,織機,未,2026-09-10T10:51:11Z,"Kotani, Miki/小谷 美輝",08:30,08:30,False,1.0,203,,
02N,8482,W,B7,537214206090,2026082803,1000,N,719,1,,194.1301,515,1,L12-C-5,KVC,未,2026-09-10T10:50:29Z,"Kotani, Miki/小谷 美輝",10:51,10:51,False,2.0,204,,
02N,2982,2,07,617426014000,2026090711,1000,N,438,1,,62.19,750,1,Q10-D-23,日野,未,2026-09-10T10:51:35Z,"Kotani, Miki/小谷 美輝",11:06,11:06,False,4.0,204,,
02N,8482,W,B7,581167801100,2026090803,1000,N,700,1,,313.7402,830,1,C15-A-1,KVC,未,2026-09-10T10:50:36Z,"Kotani, Miki/小谷 美輝",10:51,10:51,False,1.0,205,,
02N,8482,W,B7,537224207090,2026082404,1000,N,720,1,,194.1302,515,1,L12-D-8,KVC,未,2026-09-10T10:50:32Z,"Kotani, Miki/小谷 美輝",10:51,10:51,False,2.0,205,,
02N,8482,W,B7,537214206090,2026082404,1000,N,719,1,,194.1301,515,1,L12-C-5,KVC,未,2026-09-10T10:50:28Z,"Kotani, Miki/小谷 美輝",10:51,10:51,False,2.0,205,,
02N,8482,W,B7,537214206090,2026090803,1000,N,719,1,,194.1301,515,1,L12-C-5,KVC,未,2026-09-10T10:50:30Z,"Kotani, Miki/小谷 美輝",10:51,10:51,False,1.0,205,,
02N,2982,2,07,631426010000,2026090803,1000,N,443,1,,72.916,1000,1,Q10-A-24,日野,未,2026-09-10T10:51:41Z,"Kotani, Miki/小谷 美輝",19:27,19:27,True,1.0,206,,
02N,2982,2,07,617426014000,2026090903,1000,N,438,1,,62.19,750,1,Q10-D-23,日野,未,2026-09-10T10:51:35Z,"Kotani, Miki/小谷 美輝",19:27,19:27,False,2.0,206,,
02N,2982,2,07,617426014000,2026091003,1000,N,438,1,,62.19,750,1,Q10-D-23,日野,未,2026-09-10T10:51:36Z,"Kotani, Miki/小谷 美輝",19:27,19:27,False,2.0,206,,
02N,2982,2,07,631426010000,2026091203,1000,N,443,1,,72.916,1000,1,Q10-A-24,日野,未,2026-09-10T10:51:43Z,"Kotani, Miki/小谷 美輝",19:27,19:27,True,1.0,207,,
02N,2982,2,06,486236006000,2026090803,1000,N,195,1,,72.912,750,1,Q10-A-12,日野,未,2026-09-10T10:51:20Z,"Kotani, Miki/小谷 美輝",19:27,19:27,False,2.0,207,,
02N,2982,2,07,617426014000,2026090803,1000,N,438,1,,62.19,750,1,Q10-D-23,日野,未,2026-09-10T10:51:35Z,"Kotani, Miki/小谷 美輝",19:27,19:27,False,2.0,207,,
02N,7371,4,28,583114214100,2026090803,1000,N,730,2,,313.7401,750,1,C15-A-3,織機,未,2026-09-10T10:51:12Z,"Kotani, Miki/小谷 美輝",08:30,08:30,False,1.0,208,,
02N,7371,4,28,583114214100,2026090803,1000,N,730,2,,313.7401,750,1,C15-A-3,織機,未,2026-09-10T10:51:12Z,"Kotani, Miki/小谷 美輝",08:30,08:30,False,1.0,208,,
02N,7371,4,61,583114214100,2026090803,1000,N,730,1,,313.7401,750,1,C15-A-3,織機,未,2026-09-10T10:51:14Z,"Kotani, Miki/小谷 美輝",08:30,08:30,False,1.0,208,,
02N,1000,K,K5,583114214100,2026090803,829,L,730,1,,313.7401,750,1,C15-A-3,高岡,未,2026-09-10T10:50:58Z,"Kotani, Miki/小谷 美輝",10:51,10:51,False,1.0,209,,
02N,1000,K,K5,537214206000,2026090803,829,L,719,1,,194.1301,515,1,L12-C-5,高岡,未,2026-09-10T10:50:51Z,"Kotani, Miki/小谷 美輝",10:51,10:51,False,1.0,209,,
02N,2982,2,07,631426010000,2026091009,1000,N,443,1,,72.916,1000,1,Q10-A-24,日野,未,2026-09-10T10:51:42Z,"Kotani, Miki/小谷 美輝",07:55,07:55,True,1.0,209,,
02N,8482,W,B3,581167801100,2026090903,1000,N,700,1,,313.7402,830,1,C15-A-1,KVC,未,2026-09-10T10:50:27Z,"Kotani, Miki/小谷 美輝",22:41,22:41,False,1.0,210,,
02N,1000,K,K5,583114214100,2026090703,829,L,730,1,,313.7401,750,1,C15-A-3,高岡,未,2026-09-10T10:50:58Z,"Kotani, Miki/小谷 美輝",10:51,10:51,False,1.0,211,,
02N,1000,K,K5,583114214100,2026091003,829,L,730,1,,313.7401,750,1,C15-A-3,高岡,未,2026-09-10T10:50:59Z,"Kotani, Miki/小谷 美輝",10:51,10:51,False,1.0,211,,
02N,2982,2,07,617426014000,2026090809,1000,N,438,1,,62.19,750,1,Q10-D-23,日野,未,2026-09-10T10:51:35Z,"Kotani, Miki/小谷 美輝",07:55,07:55,False,4.0,211,,
02N,1000,K,K5,583114214100,2026090303,829,L,730,1,,313.7401,750,1,C15-A-3,高岡,未,2026-09-10T10:50:58Z,"Kotani, Miki/小谷 美輝",10:51,10:51,False,1.0,212,,
02N,2982,2,07,631436012000,2026090810,1000,N,445,1,,72.909,515,1,Q10-A-7,日野,未,2026-09-10T10:51:43Z,"Kotani, Miki/小谷 美輝",09:25,09:25,False,2.0,212,,
02N,2982,2,07,617426014000,2026090810,1000,N,438,1,,62.19,750,1,Q10-D-23,日野,未,2026-09-10T10:51:35Z,"Kotani, Miki/小谷 美輝",09:25,09:25,False,2.0,212,,
02N,1000,K,K5,583114214100,2026090403,829,L,730,1,,313.7401,750,1,C15-A-3,高岡,未,2026-09-10T10:50:58Z,"Kotani, Miki/小谷 美輝",10:51,10:51,False,1.0,213,,
02N,2982,2,W5,671456020000,2026090811,1000,N,477,1,,72.915,500,21,Q10-A-22,日野,未,2026-09-10T10:51:44Z,"Kotani, Miki/小谷 美輝",11:06,11:06,False,1.0,213,,
02N,2982,2,W5,671466020000,2026090811,1000,N,478,1,,72.914,500,21,Q10-A-20,日野,未,2026-09-10T10:51:46Z,"Kotani, Miki/小谷 美輝",11:06,11:06,False,1.0,213,,
02N,2982,2,07,617756002000,2026090811,1000,N,439,1,,72.906,500,21,Q10-B-3,日野,未,2026-09-10T10:51:37Z,"Kotani, Miki/小谷 美輝",11:06,11:06,False,1.0,213,,
02N,1000,H,1W,571165008000,2026090903,829,L,736,1,,204.3,800,1,L12-A-5,元町,未,2026-09-10T10:50:43Z,"Kotani, Miki/小谷 美輝",12:21,12:21,False,1.0,214,,
02N,1000,H,1W,571155008000,2026090903,829,L,735,1,,194.13,800,1,L12-D-1,元町,未,2026-09-10T10:50:43Z,"Kotani, Miki/小谷 美輝",12:21,12:21,False,1.0,214,,
02N,1000,H,1W,571111101000,2026090903,829,L,319,1,,168.3905,800,1,N12-A-21,元町,未,2026-09-10T10:50:42Z,"Kotani, Miki/小谷 美輝",12:21,12:21,False,1.0,214,,
02N,2982,2,06,486236006000,2026090903,1000,N,195,1,,72.912,750,1,Q10-A-12,日野,未,2026-09-10T10:51:20Z,"Kotani, Miki/小谷 美輝",19:27,19:27,False,1.0,215,,
02N,2982,2,06,486216006000,2026090903,1000,N,193,1,,72.91,750,1,Q10-A-10,日野,未,2026-09-10T10:51:16Z,"Kotani, Miki/小谷 美輝",19:27,19:27,False,1.0,215,,
02N,2982,2,07,617416014000,2026090903,1000,N,437,1,,62.1901,750,1,Q10-D-25,日野,未,2026-09-10T10:51:32Z,"Kotani, Miki/小谷 美輝",19:27,19:27,False,1.0,215,,
02N,7371,4,28,583114214100,2026090903,1000,N,730,1,,313.7401,750,1,C15-A-3,織機,未,2026-09-10T10:51:12Z,"Kotani, Miki/小谷 美輝",08:30,08:30,False,1.0,216,,
02N,7371,4,61,583114214100,2026090903,1000,N,730,1,,313.7401,750,1,C15-A-3,織機,未,2026-09-10T10:51:15Z,"Kotani, Miki/小谷 美輝",08:30,08:30,False,1.0,216,,
02N,1000,K,K5,583114214100,2026090903,829,L,730,1,,313.7401,750,1,C15-A-3,高岡,未,2026-09-10T10:50:58Z,"Kotani, Miki/小谷 美輝",10:51,10:51,False,1.0,217,,
02N,1000,K,K5,537224207000,2026090903,829,L,720,1,,194.1302,515,1,L12-D-8,高岡,未,2026-09-10T10:50:52Z,"Kotani, Miki/小谷 美輝",10:51,10:51,False,1.0,217,,
02N,8482,W,B3,581167801100,2026090906,1000,N,700,1,,313.7402,830,1,C15-A-1,KVC,未,2026-09-10T10:50:27Z,"Kotani, Miki/小谷 美輝",10:51,10:51,False,1.0,218,,
02N,8482,W,B7,537224207090,2026082503,1000,N,720,1,,194.1302,515,1,L12-D-8,KVC,未,2026-09-10T10:50:32Z,"Kotani, Miki/小谷 美輝",10:51,10:51,False,2.0,218,,
02N,8482,W,B7,537214206090,2026082503,1000,N,719,1,,194.1301,515,1,L12-C-5,KVC,未,2026-09-10T10:50:28Z,"Kotani, Miki/小谷 美輝",10:51,10:51,False,2.0,218,,
02N,8482,W,B7,537214206090,2026090906,1000,N,719,1,,194.1301,515,1,L12-C-5,KVC,未,2026-09-10T10:50:31Z,"Kotani, Miki/小谷 美輝",14:40,14:40,False,1.0,218,,
02N,8482,W,B7,582114202000,2026091003,1000,N,728,1,,346.5,550,1,C12-B-6,KVC,未,2026-09-10T10:50:38Z,"Kotani, Miki/小谷 美輝",10:51,10:51,False,1.0,219,,
02N,8482,W,B3,581167801100,2026091003,1000,N,700,1,,313.7402,830,1,C15-A-1,KVC,未,2026-09-10T10:50:27Z,"Kotani, Miki/小谷 美輝",22:41,22:41,False,1.0,219,,
02N,8482,W,B7,537224207090,2026091003,1000,N,720,1,,194.1302,515,1,L12-D-8,KVC,未,2026-09-10T10:50:34Z,"Kotani, Miki/小谷 美輝",10:51,10:51,False,1.0,219,,
02N,8482,W,B7,537214206090,2026082604,1000,N,719,1,,194.1301,515,1,L12-C-5,KVC,未,2026-09-10T10:50:29Z,"Kotani, Miki/小谷 美輝",10:51,10:51,False,2.0,219,,
02N,2982,2,06,486246006000,2026091003,1000,N,196,1,,72.913,750,1,Q10-A-13,日野,未,2026-09-10T10:51:23Z,"Kotani, Miki/小谷 美輝",19:27,19:27,False,1.0,220,,
02N,2982,2,06,486226006000,2026091003,1000,N,194,1,,72.911,750,1,Q10-A-11,日野,未,2026-09-10T10:51:19Z,"Kotani, Miki/小谷 美輝",19:27,19:27,False,1.0,220,,
02N,2982,2,07,617416014000,2026091003,1000,N,437,1,,62.1901,750,1,Q10-D-25,日野,未,2026-09-10T10:51:32Z,"Kotani, Miki/小谷 美輝",19:27,19:27,False,1.0,220,,
02N,7371,4,28,583114214100,2026091003,1000,N,730,2,,313.7401,750,1,C15-A-3,織機,未,2026-09-10T10:51:13Z,"Kotani, Miki/小谷 美輝",08:30,08:30,False,1.0,221,,
02N,7371,4,28,583114214100,2026091003,1000,N,730,2,,313.7401,750,1,C15-A-3,織機,未,2026-09-10T10:51:13Z,"Kotani, Miki/小谷 美輝",08:30,08:30,False,1.0,221,,
02N,8482,W,B7,537214206090,2026083103,1000,N,719,1,,194.1301,515,1,L12-C-5,KVC,未,2026-09-10T10:50:29Z,"Kotani, Miki/小谷 美輝",10:51,10:51,False,2.0,222,,
02N,1000,H,1W,537131101000,2026090804,829,L,565,1,,153.5401,515,1,N12-B-3,元町,未,2026-09-10T10:50:42Z,"Kotani, Miki/小谷 美輝",17:18,17:18,False,1.0,222,,
02N,8482,W,B7,581167801100,2026091103,1000,N,700,1,,313.7402,830,1,C15-A-1,KVC,未,2026-09-10T10:50:37Z,"Kotani, Miki/小谷 美輝",10:51,10:51,False,1.0,223,,
02N,8482,W,B7,537214206090,2026091103,1000,N,719,1,,194.1301,515,1,L12-C-5,KVC,未,2026-09-10T10:50:32Z,"Kotani, Miki/小谷 美輝",10:51,10:51,False,1.0,223,,
02N,2982,2,07,631426010000,2026091103,1000,N,443,2,,72.916,1000,1,Q10-A-24,日野,未,2026-09-10T10:51:42Z,"Kotani, Miki/小谷 美輝",19:27,19:27,True,1.0,224,,
02N,2982,2,07,631426010000,2026091103,1000,N,443,2,,72.916,1000,1,Q10-A-24,日野,未,2026-09-10T10:51:42Z,"Kotani, Miki/小谷 美輝",19:27,19:27,True,1.0,224,,
02N,2982,2,06,486246006000,2026091103,1000,N,196,1,,72.913,750,1,Q10-A-13,日野,未,2026-09-10T10:51:23Z,"Kotani, Miki/小谷 美輝",19:27,19:27,False,2.0,225,,
02N,2982,2,06,486236006000,2026091103,1000,N,195,1,,72.912,750,1,Q10-A-12,日野,未,2026-09-10T10:51:21Z,"Kotani, Miki/小谷 美輝",19:27,19:27,False,2.0,225,,
02N,2982,2,06,486226006000,2026091103,1000,N,194,1,,72.911,750,1,Q10-A-11,日野,未,2026-09-10T10:51:19Z,"Kotani, Miki/小谷 美輝",19:27,19:27,False,2.0,225,,
02N,2982,2,07,617416014000,2026091103,1000,N,437,1,,62.1901,750,1,Q10-D-25,日野,未,2026-09-10T10:51:33Z,"Kotani, Miki/小谷 美輝",19:27,19:27,False,3.0,226,,
02N,7371,4,28,583114214100,2026090708,1000,N,730,1,,313.7401,750,1,C15-A-3,織機,未,2026-09-10T10:51:11Z,"Kotani, Miki/小谷 美輝",20:35,20:35,False,1.0,227,,
02N,2982,2,W5,671456020000,2026091103,1000,N,477,1,,72.915,500,21,Q10-A-22,日野,未,2026-09-10T10:51:45Z,"Kotani, Miki/小谷 美輝",19:27,19:27,False,1.0,227,,
02N,2982,2,W5,671466020000,2026091103,1000,N,478,1,,72.914,500,21,Q10-A-20,日野,未,2026-09-10T10:51:46Z,"Kotani, Miki/小谷 美輝",19:27,19:27,False,1.0,227,,
02N,2982,2,07,617756002000,2026091103,1000,N,439,1,,72.906,500,21,Q10-B-3,日野,未,2026-09-10T10:51:38Z,"Kotani, Miki/小谷 美輝",19:27,19:27,False,1.0,227,,
02N,8482,W,B7,581167801100,2026091109,1000,N,700,1,,313.7402,830,1,C15-A-1,KVC,未,2026-09-10T10:50:37Z,"Kotani, Miki/小谷 美輝",22:41,22:41,False,1.0,228,,
02N,8482,W,B7,537224207090,2026091109,1000,N,720,1,,194.1302,515,1,L12-D-8,KVC,未,2026-09-10T10:50:34Z,"Kotani, Miki/小谷 美輝",22:41,22:41,False,1.0,228,,
02N,2982,2,W5,671466020000,2026090703,1000,N,478,1,,72.914,500,21,Q10-A-20,日野,未,2026-09-10T10:51:45Z,"Kotani, Miki/小谷 美輝",19:27,19:27,False,1.0,228,,
02N,2982,2,07,617766003000,2026090703,1000,N,440,1,,72.905,500,21,Q10-B-1,日野,未,2026-09-10T10:51:39Z,"Kotani, Miki/小谷 美輝",19:27,19:27,False,1.0,228,,
02N,2982,2,06,486246006000,2026091203,1000,N,196,1,,72.913,750,1,Q10-A-13,日野,未,2026-09-10T10:51:23Z,"Kotani, Miki/小谷 美輝",19:27,19:27,False,2.0,229,,
02N,2982,2,06,486236006000,2026091203,1000,N,195,1,,72.912,750,1,Q10-A-12,日野,未,2026-09-10T10:51:21Z,"Kotani, Miki/小谷 美輝",19:27,19:27,False,2.0,229,,
02N,2982,2,06,486226006000,2026091203,1000,N,194,1,,72.911,750,1,Q10-A-11,日野,未,2026-09-10T10:51:19Z,"Kotani, Miki/小谷 美輝",19:27,19:27,False,2.0,229,,
02N,2982,2,06,486216006000,2026091203,1000,N,193,1,,72.91,750,1,Q10-A-10,日野,未,2026-09-10T10:51:17Z,"Kotani, Miki/小谷 美輝",19:27,19:27,False,3.0,230,,
02N,2982,2,07,617416014000,2026091203,1000,N,437,1,,62.1901,750,1,Q10-D-25,日野,未,2026-09-10T10:51:34Z,"Kotani, Miki/小谷 美輝",19:27,19:27,False,3.0,230,,
02N,2982,2,07,617426014000,2026091203,1000,N,438,1,,62.19,750,1,Q10-D-23,日野,未,2026-09-10T10:51:37Z,"Kotani, Miki/小谷 美輝",19:27,19:27,False,3.0,230,,
02N,8482,W,B3,581167801100,2026091403,1000,N,700,1,,313.7402,830,1,C15-A-1,KVC,未,2026-09-10T10:50:28Z,"Kotani, Miki/小谷 美輝",22:41,22:41,False,1.0,231,,
02N,8482,W,B7,581167801100,2026091403,1000,N,700,1,,313.7402,830,1,C15-A-1,KVC,未,2026-09-10T10:50:37Z,"Kotani, Miki/小谷 美輝",10:51,10:51,False,1.0,231,,
02N,8482,W,B7,537224207090,2026091403,1000,N,720,1,,194.1302,515,1,L12-D-8,KVC,未,2026-09-10T10:50:34Z,"Kotani, Miki/小谷 美輝",10:51,10:51,False,1.0,231,,
02N,1000,H,1W,571165008000,2026082703,829,L,736,1,,204.3,800,1,L12-A-5,元町,未,2026-09-10T10:50:43Z,"Kotani, Miki/小谷 美輝",12:21,12:21,False,1.0,232,,
02N,1000,H,1W,571155008000,2026082703,829,L,735,1,,194.13,800,1,L12-D-1,元町,未,2026-09-10T10:50:43Z,"Kotani, Miki/小谷 美輝",12:21,12:21,False,1.0,232,,
02N,1000,K,K5,583114214100,2026082803,829,L,730,1,,313.7401,750,1,C15-A-3,高岡,未,2026-09-10T10:50:57Z,"Kotani, Miki/小谷 美輝",10:51,10:51,False,1.0,233,,
02N,1000,K,K5,581164203000,2026082803,829,L,726,1,,313.74,830,1,C15-B-5,高岡,未,2026-09-10T10:50:56Z,"Kotani, Miki/小谷 美輝",10:51,10:51,False,1.0,233,,
02N,1000,K,K5,583114214100,2026090103,829,L,730,1,,313.7401,750,1,C15-A-3,高岡,未,2026-09-10T10:50:57Z,"Kotani, Miki/小谷 美輝",10:51,10:51,False,1.0,234,,
02N,1000,K,K5,581164203000,2026090103,829,L,726,1,,313.74,830,1,C15-B-5,高岡,未,2026-09-10T10:50:56Z,"Kotani, Miki/小谷 美輝",10:51,10:51,False,1.0,234,,
02N,1000,K,K5,583114214100,2026082603,829,L,730,1,,313.7401,750,1,C15-A-3,高岡,未,2026-09-10T10:50:57Z,"Kotani, Miki/小谷 美輝",10:51,10:51,False,1.0,235,,
02N,2982,2,07,5831160F1000,2026091003,1000,N,248,1,,72.918,600,5,Q10-B-23,日野,未,2026-09-10T10:51:26Z,"Kotani, Miki/小谷 美輝",19:27,19:27,,,236,29.0,
02N,2982,2,07,5831160F1000,2026091103,1000,N,248,1,,72.918,600,5,Q10-B-23,日野,未,2026-09-10T10:51:26Z,"Kotani, Miki/小谷 美輝",19:27,19:27,,,236,29.0,
02N,2982,2,07,5831160F4000,2026090703,1000,N,250,1,,72.917,600,5,Q10-A-27,日野,未,2026-09-10T10:51:26Z,"Kotani, Miki/小谷 美輝",19:27,19:27,,,237,30.0,
02N,2982,2,07,5831160F4000,2026090803,1000,N,250,1,,72.917,600,5,Q10-A-27,日野,未,2026-09-10T10:51:26Z,"Kotani, Miki/小谷 美輝",19:27,19:27,,,237,30.0,
02N,2982,2,07,5831160F4000,2026091003,1000,N,250,1,,72.917,600,5,Q10-A-27,日野,未,2026-09-10T10:51:27Z,"Kotani, Miki/小谷 美輝",19:27,19:27,,,238,31.0,
02N,1000,H,1W,572421101000,2026090103,829,L,328,1,,182.97,800,7,L12-B-26,元町,未,2026-09-10T10:50:43Z,"Kotani, Miki/小谷 美輝",12:21,12:21,,,239,1.0,
02N,1000,H,1W,572425003000,2026082703,829,L,330,1,,168.3903,800,7,M12-B-21,元町,未,2026-09-10T10:50:43Z,"Kotani, Miki/小谷 美輝",12:21,12:21,,,239,1.0,
02N,1000,H,1W,572411101000,2026082703,829,L,327,1,,168.3902,800,7,M12-B-17,元町,未,2026-09-10T10:50:43Z,"Kotani, Miki/小谷 美輝",12:21,12:21,,,239,1.0,
02N,1000,H,1W,572411101000,2026091003,829,L,327,1,,168.3902,800,7,M12-B-17,元町,未,2026-09-10T10:50:43Z,"Kotani, Miki/小谷 美輝",12:21,12:21,,,240,2.0,
02N,7371,4,21,551124202000,2026090803,1000,N,716,1,,16.6501,830,17,Q9-A-5,織機,未,2026-09-10T10:51:10Z,"Kotani, Miki/小谷 美輝",08:30,08:30,,,241,26.0,
02N,7371,4,21,551124202000,2026091003,1000,N,716,1,,16.6501,830,17,Q9-A-5,織機,未,2026-09-10T10:51:11Z,"Kotani, Miki/小谷 美輝",08:30,08:30,,,241,26.0,
02N,7371,4,21,551124202000,2026091103,1000,N,716,1,,16.6501,830,17,Q9-A-5,織機,未,2026-09-10T10:51:11Z,"Kotani, Miki/小谷 美輝",08:30,08:30,,,242,27.0,
02N,7371,4,61,551124202000,2026090803,1000,N,716,1,,16.6501,830,17,Q9-A-5,織機,未,2026-09-10T10:51:14Z,"Kotani, Miki/小谷 美輝",08:30,08:30,,,242,27.0,
02N,7371,4,61,551124202000,2026090903,1000,N,716,1,,16.6501,830,17,Q9-A-5,織機,未,2026-09-10T10:51:14Z,"Kotani, Miki/小谷 美輝",08:30,08:30,,,243,28.0,
02N,7371,4,61,551124202000,2026091003,1000,N,716,1,,16.6501,830,17,Q9-A-5,織機,未,2026-09-10T10:51:14Z,"Kotani, Miki/小谷 美輝",08:30,08:30,,,243,28.0,
02N,7371,4,21,551124201000,2026090703,1000,N,715,1,,16.65,830,17,Q9-A-1,織機,未,2026-09-10T10:51:08Z,"Kotani, Miki/小谷 美輝",08:30,08:30,,,244,29.0,
02N,7371,4,21,551124201000,2026090803,1000,N,715,1,,16.65,830,17,Q9-A-1,織機,未,2026-09-10T10:51:09Z,"Kotani, Miki/小谷 美輝",08:30,08:30,,,244,29.0,
02N,7371,4,21,551124201000,2026090903,1000,N,715,2,,16.65,830,17,Q9-A-1,織機,未,2026-09-10T10:51:09Z,"Kotani, Miki/小谷 美輝",08:30,08:30,,,245,30.0,
02N,7371,4,21,551124201000,2026090903,1000,N,715,2,,16.65,830,17,Q9-A-1,織機,未,2026-09-10T10:51:09Z,"Kotani, Miki/小谷 美輝",08:30,08:30,,,245,30.0,
02N,7371,4,21,551124201000,2026091003,1000,N,715,1,,16.65,830,17,Q9-A-1,織機,未,2026-09-10T10:51:09Z,"Kotani, Miki/小谷 美輝",08:30,08:30,,,246,31.0,
02N,7371,4,21,551124201000,2026091103,1000,N,715,2,,16.65,830,17,Q9-A-1,織機,未,2026-09-10T10:51:10Z,"Kotani, Miki/小谷 美輝",08:30,08:30,,,246,31.0,
02N,7371,4,21,551124201000,2026091103,1000,N,715,2,,16.65,830,17,Q9-A-1,織機,未,2026-09-10T10:51:10Z,"Kotani, Miki/小谷 美輝",08:30,08:30,,,247,32.0,
02N,7371,4,61,551124201000,2026090803,1000,N,715,1,,16.65,830,17,Q9-A-1,織機,未,2026-09-10T10:51:13Z,"Kotani, Miki/小谷 美輝",08:30,08:30,,,247,32.0,
02N,7371,4,61,551124201000,2026090903,1000,N,715,1,,16.65,830,17,Q9-A-1,織機,未,2026-09-10T10:51:13Z,"Kotani, Miki/小谷 美輝",08:30,08:30,,,248,33.0,
02N,1000,K,K5,551124202000,2026082603,829,L,716,1,,16.6501,830,17,Q9-A-5,高岡,未,2026-09-10T10:50:55Z,"Kotani, Miki/小谷 美輝",10:51,10:51,,,249,40.0,
02N,1000,K,K5,551124202000,2026082703,829,L,716,1,,16.6501,830,17,Q9-A-5,高岡,未,2026-09-10T10:50:55Z,"Kotani, Miki/小谷 美輝",10:51,10:51,,,249,40.0,
02N,1000,K,K5,551124202000,2026082803,829,L,716,1,,16.6501,830,17,Q9-A-5,高岡,未,2026-09-10T10:50:55Z,"Kotani, Miki/小谷 美輝",10:51,10:51,,,250,41.0,
02N,1000,K,K5,551124202000,2026083103,829,L,716,1,,16.6501,830,17,Q9-A-5,高岡,未,2026-09-10T10:50:55Z,"Kotani, Miki/小谷 美輝",10:51,10:51,,,250,41.0,
02N,1000,K,K5,551124202000,2026090203,829,L,716,1,,16.6501,830,17,Q9-A-5,高岡,未,2026-09-10T10:50:55Z,"Kotani, Miki/小谷 美輝",10:51,10:51,,,251,42.0,
02N,1000,K,K5,551124202000,2026090303,829,L,716,1,,16.6501,830,17,Q9-A-5,高岡,未,2026-09-10T10:50:55Z,"Kotani, Miki/小谷 美輝",10:51,10:51,,,251,42.0,
02N,1000,K,K5,551124202000,2026090703,829,L,716,1,,16.6501,830,17,Q9-A-5,高岡,未,2026-09-10T10:50:56Z,"Kotani, Miki/小谷 美輝",10:51,10:51,,,252,43.0,
02N,1000,K,K5,551124202000,2026090803,829,L,716,1,,16.6501,830,17,Q9-A-5,高岡,未,2026-09-10T10:50:56Z,"Kotani, Miki/小谷 美輝",10:51,10:51,,,252,43.0,
02N,1000,K,K5,551124202000,2026090903,829,L,716,1,,16.6501,830,17,Q9-A-5,高岡,未,2026-09-10T10:50:56Z,"Kotani, Miki/小谷 美輝",10:51,10:51,,,253,44.0,
02N,1000,K,K5,551124202000,2026091003,829,L,716,1,,16.6501,830,17,Q9-A-5,高岡,未,2026-09-10T10:50:56Z,"Kotani, Miki/小谷 美輝",10:51,10:51,,,253,44.0,
02N,8482,W,B7,551124202000,2026082103,1000,N,716,1,,16.6501,830,17,Q9-A-5,TMK,未,2026-09-10T10:50:34Z,"Kotani, Miki/小谷 美輝",10:51,10:51,,,254,45.0,
02N,8482,W,B7,551124202000,2026082404,1000,N,716,1,,16.6501,830,17,Q9-A-5,TMK,未,2026-09-10T10:50:34Z,"Kotani, Miki/小谷 美輝",10:51,10:51,,,254,45.0,
02N,8482,W,B7,551124202000,2026082603,1000,N,716,1,,16.6501,830,17,Q9-A-5,TMK,未,2026-09-10T10:50:35Z,"Kotani, Miki/小谷 美輝",10:51,10:51,,,255,46.0,
02N,8482,W,B7,551124202000,2026082704,1000,N,716,1,,16.6501,830,17,Q9-A-5,TMK,未,2026-09-10T10:50:35Z,"Kotani, Miki/小谷 美輝",10:51,10:51,,,255,46.0,
02N,8482,W,B7,551124202000,2026082803,1000,N,716,1,,16.6501,830,17,Q9-A-5,TMK,未,2026-09-10T10:50:35Z,"Kotani, Miki/小谷 美輝",10:51,10:51,,,256,47.0,
02N,8482,W,B7,551124202000,2026090804,1000,N,716,1,,16.6501,830,17,Q9-A-5,TMK,未,2026-09-10T10:50:35Z,"Kotani, Miki/小谷 美輝",10:51,10:51,,,256,47.0,
02N,8482,W,B7,551124202000,2026091104,1000,N,716,1,,16.6501,830,17,Q9-A-5,TMK,未,2026-09-10T10:50:35Z,"Kotani, Miki/小谷 美輝",10:51,10:51,,,257,49.0,
02N,1000,K,K5,551124201000,2026082603,829,L,715,2,,16.65,830,17,Q9-A-1,高岡,未,2026-09-10T10:50:52Z,"Kotani, Miki/小谷 美輝",10:51,10:51,,,257,49.0,
02N,1000,K,K5,551124201000,2026082603,829,L,715,2,,16.65,830,17,Q9-A-1,高岡,未,2026-09-10T10:50:52Z,"Kotani, Miki/小谷 美輝",10:51,10:51,,,258,50.0,
02N,1000,K,K5,551124201000,2026082703,829,L,715,2,,16.65,830,17,Q9-A-1,高岡,未,2026-09-10T10:50:52Z,"Kotani, Miki/小谷 美輝",10:51,10:51,,,258,50.0,
02N,1000,K,K5,551124201000,2026082703,829,L,715,2,,16.65,830,17,Q9-A-1,高岡,未,2026-09-10T10:50:52Z,"Kotani, Miki/小谷 美輝",10:51,10:51,,,259,51.0,
02N,1000,K,K5,551124201000,2026082803,829,L,715,3,,16.65,830,17,Q9-A-1,高岡,未,2026-09-10T10:50:53Z,"Kotani, Miki/小谷 美輝",10:51,10:51,,,259,51.0,
02N,1000,K,K5,551124201000,2026082803,829,L,715,3,,16.65,830,17,Q9-A-1,高岡,未,2026-09-10T10:50:53Z,"Kotani, Miki/小谷 美輝",10:51,10:51,,,260,52.0,
02N,1000,K,K5,551124201000,2026082803,829,L,715,3,,16.65,830,17,Q9-A-1,高岡,未,2026-09-10T10:50:53Z,"Kotani, Miki/小谷 美輝",10:51,10:51,,,260,52.0,
02N,1000,K,K5,551124201000,2026083103,829,L,715,2,,16.65,830,17,Q9-A-1,高岡,未,2026-09-10T10:50:53Z,"Kotani, Miki/小谷 美輝",10:51,10:51,,,261,53.0,
02N,1000,K,K5,551124201000,2026083103,829,L,715,2,,16.65,830,17,Q9-A-1,高岡,未,2026-09-10T10:50:53Z,"Kotani, Miki/小谷 美輝",10:51,10:51,,,261,53.0,
02N,1000,K,K5,551124201000,2026090103,829,L,715,2,,16.65,830,17,Q9-A-1,高岡,未,2026-09-10T10:50:53Z,"Kotani, Miki/小谷 美輝",10:51,10:51,,,262,54.0,
02N,1000,K,K5,551124201000,2026090103,829,L,715,2,,16.65,830,17,Q9-A-1,高岡,未,2026-09-10T10:50:53Z,"Kotani, Miki/小谷 美輝",10:51,10:51,,,262,54.0,
02N,1000,K,K5,551124201000,2026090203,829,L,715,2,,16.65,830,17,Q9-A-1,高岡,未,2026-09-10T10:50:53Z,"Kotani, Miki/小谷 美輝",10:51,10:51,,,263,55.0,
02N,1000,K,K5,551124201000,2026090203,829,L,715,2,,16.65,830,17,Q9-A-1,高岡,未,2026-09-10T10:50:53Z,"Kotani, Miki/小谷 美輝",10:51,10:51,,,263,55.0,
02N,1000,K,K5,551124201000,2026090303,829,L,715,2,,16.65,830,17,Q9-A-1,高岡,未,2026-09-10T10:50:53Z,"Kotani, Miki/小谷 美輝",10:51,10:51,,,264,56.0,
02N,1000,K,K5,551124201000,2026090303,829,L,715,2,,16.65,830,17,Q9-A-1,高岡,未,2026-09-10T10:50:53Z,"Kotani, Miki/小谷 美輝",10:51,10:51,,,264,56.0,
02N,1000,K,K5,551124201000,2026090403,829,L,715,1,,16.65,830,17,Q9-A-1,高岡,未,2026-09-10T10:50:54Z,"Kotani, Miki/小谷 美輝",10:51,10:51,,,265,57.0,
02N,1000,K,K5,551124201000,2026090503,829,L,715,1,,16.65,830,17,Q9-A-1,高岡,未,2026-09-10T10:50:54Z,"Kotani, Miki/小谷 美輝",10:51,10:51,,,265,57.0,
02N,1000,K,K5,551124201000,2026090703,829,L,715,2,,16.65,830,17,Q9-A-1,高岡,未,2026-09-10T10:50:54Z,"Kotani, Miki/小谷 美輝",10:51,10:51,,,266,58.0,
02N,1000,K,K5,551124201000,2026090703,829,L,715,2,,16.65,830,17,Q9-A-1,高岡,未,2026-09-10T10:50:54Z,"Kotani, Miki/小谷 美輝",10:51,10:51,,,266,58.0,
02N,1000,K,K5,551124201000,2026090803,829,L,715,2,,16.65,830,17,Q9-A-1,高岡,未,2026-09-10T10:50:54Z,"Kotani, Miki/小谷 美輝",10:51,10:51,,,267,59.0,
02N,1000,K,K5,551124201000,2026090803,829,L,715,2,,16.65,830,17,Q9-A-1,高岡,未,2026-09-10T10:50:54Z,"Kotani, Miki/小谷 美輝",10:51,10:51,,,267,59.0,
02N,1000,K,K5,551124201000,2026090903,829,L,715,1,,16.65,830,17,Q9-A-1,高岡,未,2026-09-10T10:50:54Z,"Kotani, Miki/小谷 美輝",10:51,10:51,,,268,60.0,
02N,1000,K,K5,551124201000,2026091003,829,L,715,2,,16.65,830,17,Q9-A-1,高岡,未,2026-09-10T10:50:55Z,"Kotani, Miki/小谷 美輝",10:51,10:51,,,268,60.0,
02N,1000,K,K5,551124201000,2026091003,829,L,715,2,,16.65,830,17,Q9-A-1,高岡,未,2026-09-10T10:50:55Z,"Kotani, Miki/小谷 美輝",10:51,10:51,,,269,61.0,
02N,1000,H,1W,582111190500,2026090403,829,L,544,1,,346.501,600,17,C12-B-2,元町,未,2026-09-10T10:50:43Z,"Kotani, Miki/小谷 美輝",12:21,12:21,,,270,62.0,
02N,1000,H,1W,582111190500,2026090903,829,L,544,1,,346.501,600,17,C12-B-2,元町,未,2026-09-10T10:50:43Z,"Kotani, Miki/小谷 美輝",12:21,12:21,,,270,62.0,
02N,1000,H,1W,551115009000,2026082603,829,L,748,1,,168.39,600,17,N12-A-6,元町,未,2026-09-10T10:50:42Z,"Kotani, Miki/小谷 美輝",12:21,12:21,,,270,62.0,
02N,1000,H,1W,616415003000,2026082603,829,L,739,1,,238.6801,600,20,I12-B-5,元町,未,2026-09-10T10:50:43Z,"Kotani, Miki/小谷 美輝",12:21,12:21,,,271,2.0,
02N,1000,H,1W,616455005000,2026082603,829,L,741,1,,238.6801,600,20,I12-B-5,元町,未,2026-09-10T10:50:43Z,"Kotani, Miki/小谷 美輝",12:21,12:21,,,271,2.0,
02N,1000,H,1W,616425003000,2026090303,829,L,740,1,,238.68,600,20,I12-B-3,元町,未,2026-09-10T10:50:43Z,"Kotani, Miki/小谷 美輝",12:21,12:21,,,271,2.0,
02N,1000,H,1W,616465005000,2026090303,829,L,742,1,,238.68,600,20,I12-B-3,元町,未,2026-09-10T10:50:44Z,"Kotani, Miki/小谷 美輝",12:21,12:21,,,271,2.0,
02N,2982,2,W5,671456020000,2026090903,1000,N,477,1,,72.915,500,21,Q10-A-22,日野,未,2026-09-10T10:51:44Z,"Kotani, Miki/小谷 美輝",19:27,19:27,False,1.0,272,,
02N,2982,2,W5,671466020000,2026090903,1000,N,478,1,,72.914,500,21,Q10-A-20,日野,未,2026-09-10T10:51:46Z,"Kotani, Miki/小谷 美輝",19:27,19:27,False,1.0,272,,
02N,2982,2,W5,671456020000,2026091003,1000,N,477,1,,72.915,500,21,Q10-A-22,日野,未,2026-09-10T10:51:45Z,"Kotani, Miki/小谷 美輝",19:27,19:27,False,1.0,273,,
02N,2982,2,W5,671466020000,2026091003,1000,N,478,1,,72.914,500,21,Q10-A-20,日野,未,2026-09-10T10:51:46Z,"Kotani, Miki/小谷 美輝",19:27,19:27,False,1.0,273,,
02N,2982,2,07,617756002000,2026091003,1000,N,439,1,,72.906,500,21,Q10-B-3,日野,未,2026-09-10T10:51:37Z,"Kotani, Miki/小谷 美輝",19:27,19:27,False,1.0,273,,
02N,2982,2,07,617766003000,2026091003,1000,N,440,1,,72.905,500,21,Q10-B-1,日野,未,2026-09-10T10:51:39Z,"Kotani, Miki/小谷 美輝",19:27,19:27,False,1.0,273,,
02N,2982,2,W5,671456020000,2026091203,1000,N,477,1,,72.915,500,21,Q10-A-22,日野,未,2026-09-10T10:51:45Z,"Kotani, Miki/小谷 美輝",19:27,19:27,False,1.0,274,,
02N,2982,2,W5,671466020000,2026091203,1000,N,478,1,,72.914,500,21,Q10-A-20,日野,未,2026-09-10T10:51:46Z,"Kotani, Miki/小谷 美輝",19:27,19:27,False,1.0,274,,
02N,2982,2,07,617756002000,2026091203,1000,N,439,1,,72.906,500,21,Q10-B-3,日野,未,2026-09-10T10:51:38Z,"Kotani, Miki/小谷 美輝",19:27,19:27,False,1.0,274,,
02N,2982,2,07,617766003000,2026091203,1000,N,440,1,,72.905,500,21,Q10-B-1,日野,未,2026-09-10T10:51:40Z,"Kotani, Miki/小谷 美輝",19:27,19:27,False,1.0,274,,
02N,8482,W,B3,581167801100,2026082104,1000,N,700,1,,313.7402,830,1,C15-A-1,KVC,未,2026-09-10T10:50:22Z,"Kotani, Miki/小谷 美輝",06:45,06:45,False,1.0,275,,
02N,8482,W,B7,581167801100,2026082104,1000,N,700,1,,313.7402,830,1,C15-A-1,KVC,未,2026-09-10T10:50:35Z,"Kotani, Miki/小谷 美輝",10:51,10:51,False,1.0,275,,
02N,8482,W,B7,537224207090,2026082104,1000,N,720,1,,194.1302,515,1,L12-D-8,KVC,未,2026-09-10T10:50:32Z,"Kotani, Miki/小谷 美輝",10:51,10:51,False,1.0,275,,
02N,8482,W,B7,582114202000,2026082404,1000,N,728,1,,346.5,550,1,C12-B-6,KVC,未,2026-09-10T10:50:37Z,"Kotani, Miki/小谷 美輝",10:51,10:51,False,1.0,276,,
02N,8482,W,B3,581167801100,2026082404,1000,N,700,1,,313.7402,830,1,C15-A-1,KVC,未,2026-09-10T10:50:22Z,"Kotani, Miki/小谷 美輝",06:45,06:45,False,1.0,276,,
02N,8482,W,B7,581167801100,2026082404,1000,N,700,1,,313.7402,830,1,C15-A-1,KVC,未,2026-09-10T10:50:35Z,"Kotani, Miki/小谷 美輝",10:51,10:51,False,1.0,276,,
02N,8482,W,B7,581167801100,2026082504,1000,N,700,1,,313.7402,830,1,C15-A-1,KVC,未,2026-09-10T10:50:35Z,"Kotani, Miki/小谷 美輝",10:51,10:51,False,1.0,277,,
02N,8482,W,B7,537224207090,2026082504,1000,N,720,1,,194.1302,515,1,L12-D-8,KVC,未,2026-09-10T10:50:33Z,"Kotani, Miki/小谷 美輝",10:51,10:51,False,1.0,277,,
02N,8482,W,B7,537224207090,2026082704,1000,N,720,1,,194.1302,515,1,L12-D-8,KVC,未,2026-09-10T10:50:33Z,"Kotani, Miki/小谷 美輝",10:51,10:51,False,1.0,277,,
02N,8482,W,B7,537214206090,2026082504,1000,N,719,1,,194.1301,515,1,L12-C-5,KVC,未,2026-09-10T10:50:29Z,"Kotani, Miki/小谷 美輝",10:51,10:51,False,1.0,277,,
02N,8482,W,B3,581167801100,2026082604,1000,N,700,1,,313.7402,830,1,C15-A-1,KVC,未,2026-09-10T10:50:23Z,"Kotani, Miki/小谷 美輝",06:45,06:45,False,1.0,278,,
02N,8482,W,B7,581167801100,2026082604,1000,N,700,1,,313.7402,830,1,C15-A-1,KVC,未,2026-09-10T10:50:36Z,"Kotani, Miki/小谷 美輝",10:51,10:51,False,1.0,278,,
02N,8482,W,B7,537224207090,2026082604,1000,N,720,1,,194.1302,515,1,L12-D-8,KVC,未,2026-09-10T10:50:33Z,"Kotani, Miki/小谷 美輝",10:51,10:51,False,1.0,278,,
02N,1000,H,1W,571111101000,2026082604,829,L,319,1,,168.3905,800,1,N12-A-21,元町,未,2026-09-10T10:50:42Z,"Kotani, Miki/小谷 美輝",17:18,17:18,False,1.0,279,,
02N,1000,H,1W,537141101000,2026082604,829,L,566,1,,153.54,515,1,N12-B-1,元町,未,2026-09-10T10:50:42Z,"Kotani, Miki/小谷 美輝",17:18,17:18,False,1.0,279,,
02N,2982,2,07,631426010000,2026091013,1000,N,443,1,,72.916,1000,1,Q10-A-24,日野,未,2026-09-10T10:51:42Z,"Kotani, Miki/小谷 美輝",13:21,13:21,True,1.0,279,,
02N,1000,K,K5,583114214100,2026082604,829,L,730,1,,313.7401,750,1,C15-A-3,高岡,未,2026-09-10T10:50:57Z,"Kotani, Miki/小谷 美輝",14:40,14:40,False,1.0,280,,
02N,1000,K,K5,581164203000,2026082604,829,L,726,1,,313.74,830,1,C15-B-5,高岡,未,2026-09-10T10:50:56Z,"Kotani, Miki/小谷 美輝",14:40,14:40,False,1.0,280,,
02N,1000,K,K5,537224207000,2026082604,829,L,720,1,,194.1302,515,1,L12-D-8,高岡,未,2026-09-10T10:50:52Z,"Kotani, Miki/小谷 美輝",14:40,14:40,False,1.0,280,,
02N,8482,W,B7,581167801100,2026082605,1000,N,700,1,,313.7402,830,1,C15-A-1,KVC,未,2026-09-10T10:50:36Z,"Kotani, Miki/小谷 美輝",14:40,14:40,False,1.0,281,,
02N,8482,W,B7,537224207090,2026082605,1000,N,720,1,,194.1302,515,1,L12-D-8,KVC,未,2026-09-10T10:50:33Z,"Kotani, Miki/小谷 美輝",14:40,14:40,False,1.0,281,,
02N,8482,W,B7,537214206090,2026082605,1000,N,719,1,,194.1301,515,1,L12-C-5,KVC,未,2026-09-10T10:50:29Z,"Kotani, Miki/小谷 美輝",14:40,14:40,False,1.0,281,,
02N,1000,K,K5,537214206000,2026082604,829,L,719,1,,194.1301,515,1,L12-C-5,高岡,未,2026-09-10T10:50:51Z,"Kotani, Miki/小谷 美輝",14:40,14:40,False,2.0,281,,
02N,1000,K,K5,583114214100,2026082804,829,L,730,1,,313.7401,750,1,C15-A-3,高岡,未,2026-09-10T10:50:57Z,"Kotani, Miki/小谷 美輝",14:40,14:40,False,1.0,282,,
02N,1000,K,K5,537214206000,2026082804,829,L,719,1,,194.1301,515,1,L12-C-5,高岡,未,2026-09-10T10:50:51Z,"Kotani, Miki/小谷 美輝",14:40,14:40,False,1.0,282,,
02N,2982,2,07,631426010000,2026090912,1000,N,443,1,,72.916,1000,1,Q10-A-24,日野,未,2026-09-10T10:51:41Z,"Kotani, Miki/小谷 美輝",12:05,12:05,True,1.0,282,,
02N,8482,W,B7,582114202000,2026083104,1000,N,728,1,,346.5,550,1,C12-B-6,KVC,未,2026-09-10T10:50:38Z,"Kotani, Miki/小谷 美輝",10:51,10:51,False,1.0,283,,
02N,8482,W,B3,581167801100,2026083104,1000,N,700,1,,313.7402,830,1,C15-A-1,KVC,未,2026-09-10T10:50:27Z,"Kotani, Miki/小谷 美輝",06:45,06:45,False,1.0,283,,
02N,8482,W,B7,581167801100,2026083104,1000,N,700,1,,313.7402,830,1,C15-A-1,KVC,未,2026-09-10T10:50:36Z,"Kotani, Miki/小谷 美輝",10:51,10:51,False,1.0,283,,
02N,1000,K,K5,583114214100,2026083104,829,L,730,1,,313.7401,750,1,C15-A-3,高岡,未,2026-09-10T10:50:57Z,"Kotani, Miki/小谷 美輝",14:40,14:40,False,1.0,284,,
02N,1000,K,K5,583114214100,2026090204,829,L,730,1,,313.7401,750,1,C15-A-3,高岡,未,2026-09-10T10:50:58Z,"Kotani, Miki/小谷 美輝",14:40,14:40,False,1.0,284,,
02N,1000,K,K5,537214206000,2026083104,829,L,719,1,,194.1301,515,1,L12-C-5,高岡,未,2026-09-10T10:50:51Z,"Kotani, Miki/小谷 美輝",14:40,14:40,False,1.0,284,,
02N,1000,H,1W,571111101000,2026090204,829,L,319,1,,168.3905,800,1,N12-A-21,元町,未,2026-09-10T10:50:42Z,"Kotani, Miki/小谷 美輝",17:18,17:18,False,1.0,285,,
02N,1000,H,1W,537131101000,2026090204,829,L,565,1,,153.5401,515,1,N12-B-3,元町,未,2026-09-10T10:50:42Z,"Kotani, Miki/小谷 美輝",17:18,17:18,False,1.0,285,,
02N,2982,2,07,631426010000,2026091014,1000,N,443,1,,72.916,1000,1,Q10-A-24,日野,未,2026-09-10T10:51:42Z,"Kotani, Miki/小谷 美輝",14:15,14:15,True,1.0,285,,
02N,1000,K,K5,583114214100,2026090304,829,L,730,1,,313.7401,750,1,C15-A-3,高岡,未,2026-09-10T10:50:58Z,"Kotani, Miki/小谷 美輝",14:40,14:40,False,1.0,286,,
02N,1000,K,K5,537214206000,2026090304,829,L,719,1,,194.1301,515,1,L12-C-5,高岡,未,2026-09-10T10:50:51Z,"Kotani, Miki/小谷 美輝",14:40,14:40,False,1.0,286,,
02N,2982,2,W5,671456020000,2026090814,1000,N,477,1,,72.915,500,21,Q10-A-22,日野,未,2026-09-10T10:51:44Z,"Kotani, Miki/小谷 美輝",14:15,14:15,False,1.0,286,,
02N,2982,2,07,617756003000,2026090814,1000,N,441,1,,72.901,500,21,Q10-B-B,日野,未,2026-09-10T10:51:38Z,"Kotani, Miki/小谷 美輝",14:15,14:15,False,1.0,286,,
02N,1000,K,K5,583114214100,2026090404,829,L,730,1,,313.7401,750,1,C15-A-3,高岡,未,2026-09-10T10:50:58Z,"Kotani, Miki/小谷 美輝",14:40,14:40,False,1.0,287,,
02N,1000,K,K5,537214206000,2026090404,829,L,719,1,,194.1301,515,1,L12-C-5,高岡,未,2026-09-10T10:50:51Z,"Kotani, Miki/小谷 美輝",14:40,14:40,False,1.0,287,,
02N,2982,2,W5,671466020000,2026090912,1000,N,478,1,,72.914,500,21,Q10-A-20,日野,未,2026-09-10T10:51:46Z,"Kotani, Miki/小谷 美輝",12:05,12:05,False,1.0,287,,
02N,2982,2,07,617766004000,2026090912,1000,N,442,1,,72.9,500,21,Q10-B-A,日野,未,2026-09-10T10:51:40Z,"Kotani, Miki/小谷 美輝",12:05,12:05,False,1.0,287,,
02N,2982,2,06,486246006000,2026090704,1000,N,196,1,,72.913,750,1,Q10-A-13,日野,未,2026-09-10T10:51:22Z,"Kotani, Miki/小谷 美輝",21:15,21:15,False,1.0,288,,
02N,2982,2,06,486226006000,2026090704,1000,N,194,1,,72.911,750,1,Q10-A-11,日野,未,2026-09-10T10:51:17Z,"Kotani, Miki/小谷 美輝",21:15,21:15,False,1.0,288,,
02N,2982,2,06,486216006000,2026090704,1000,N,193,1,,72.91,750,1,Q10-A-10,日野,未,2026-09-10T10:51:16Z,"Kotani, Miki/小谷 美輝",21:15,21:15,False,1.0,288,,
02N,2982,2,07,631426010000,2026090804,1000,N,443,1,,72.916,1000,1,Q10-A-24,日野,未,2026-09-10T10:51:41Z,"Kotani, Miki/小谷 美輝",21:15,21:15,True,1.0,289,,
02N,2982,2,07,617416014000,2026090704,1000,N,437,1,,62.1901,750,1,Q10-D-25,日野,未,2026-09-10T10:51:31Z,"Kotani, Miki/小谷 美輝",21:15,21:15,False,2.0,289,,
02N,2982,2,07,617426014000,2026090704,1000,N,438,1,,62.19,750,1,Q10-D-23,日野,未,2026-09-10T10:51:35Z,"Kotani, Miki/小谷 美輝",21:15,21:15,False,2.0,289,,
02N,7371,4,28,583114214100,2026090704,1000,N,730,2,,313.7401,750,1,C15-A-3,織機,未,2026-09-10T10:51:11Z,"Kotani, Miki/小谷 美輝",10:30,10:30,False,1.0,290,,
02N,7371,4,28,583114214100,2026090704,1000,N,730,2,,313.7401,750,1,C15-A-3,織機,未,2026-09-10T10:51:11Z,"Kotani, Miki/小谷 美輝",10:30,10:30,False,1.0,290,,
02N,7371,4,61,583114214100,2026090704,1000,N,730,1,,313.7401,750,1,C15-A-3,織機,未,2026-09-10T10:51:14Z,"Kotani, Miki/小谷 美輝",10:30,10:30,False,1.0,290,,
02N,1000,K,K5,583114214100,2026090704,829,L,730,1,,313.7401,750,1,C15-A-3,高岡,未,2026-09-10T10:50:58Z,"Kotani, Miki/小谷 美輝",14:40,14:40,False,1.0,291,,
02N,1000,K,K5,581164203000,2026090704,829,L,726,1,,313.74,830,1,C15-B-5,高岡,未,2026-09-10T10:50:57Z,"Kotani, Miki/小谷 美輝",14:40,14:40,False,1.0,291,,
02N,1000,K,K5,537214206000,2026090704,829,L,719,1,,194.1301,515,1,L12-C-5,高岡,未,2026-09-10T10:50:51Z,"Kotani, Miki/小谷 美輝",14:40,14:40,False,1.0,291,,
02N,1000,H,1W,571121101000,2026083104,829,L,320,1,,168.3904,800,1,N12-A-19,元町,未,2026-09-10T10:50:42Z,"Kotani, Miki/小谷 美輝",17:18,17:18,False,1.0,292,,
02N,8482,W,B7,581167801100,2026090804,1000,N,700,1,,313.7402,830,1,C15-A-1,KVC,未,2026-09-10T10:50:36Z,"Kotani, Miki/小谷 美輝",10:51,10:51,False,1.0,293,,
02N,8482,W,B7,537224207090,2026083104,1000,N,720,1,,194.1302,515,1,L12-D-8,KVC,未,2026-09-10T10:50:33Z,"Kotani, Miki/小谷 美輝",10:51,10:51,False,2.0,293,,
02N,8482,W,B7,537224207090,2026090804,1000,N,720,1,,194.1302,515,1,L12-D-8,KVC,未,2026-09-10T10:50:33Z,"Kotani, Miki/小谷 美輝",10:51,10:51,False,1.0,293,,
02N,8482,W,B7,537214206090,2026083104,1000,N,719,1,,194.1301,515,1,L12-C-5,KVC,未,2026-09-10T10:50:29Z,"Kotani, Miki/小谷 美輝",10:51,10:51,False,2.0,293,,
02N,2982,2,06,486246006000,2026090804,1000,N,196,1,,72.913,750,1,Q10-A-13,日野,未,2026-09-10T10:51:22Z,"Kotani, Miki/小谷 美輝",21:15,21:15,False,2.0,294,,
02N,2982,2,06,486236006000,2026090804,1000,N,195,1,,72.912,750,1,Q10-A-12,日野,未,2026-09-10T10:51:20Z,"Kotani, Miki/小谷 美輝",21:15,21:15,False,2.0,294,,
02N,2982,2,06,486226006000,2026090804,1000,N,194,1,,72.911,750,1,Q10-A-11,日野,未,2026-09-10T10:51:18Z,"Kotani, Miki/小谷 美輝",21:15,21:15,False,2.0,294,,
02N,2982,2,06,486216006000,2026090804,1000,N,193,1,,72.91,750,1,Q10-A-10,日野,未,2026-09-10T10:51:16Z,"Kotani, Miki/小谷 美輝",21:15,21:15,False,3.0,295,,
02N,2982,2,07,617416014000,2026090804,1000,N,437,1,,62.1901,750,1,Q10-D-25,日野,未,2026-09-10T10:51:31Z,"Kotani, Miki/小谷 美輝",21:15,21:15,False,3.0,295,,
02N,2982,2,07,617426014000,2026090804,1000,N,438,1,,62.19,750,1,Q10-D-23,日野,未,2026-09-10T10:51:35Z,"Kotani, Miki/小谷 美輝",21:15,21:15,False,3.0,295,,
02N,8482,W,B7,581167801100,2026091009,1000,N,700,1,,313.7402,830,1,C15-A-1,KVC,未,2026-09-10T10:50:37Z,"Kotani, Miki/小谷 美輝",22:41,22:41,False,1.0,296,,
02N,2982,2,W5,671456020000,2026090804,1000,N,477,1,,72.915,500,21,Q10-A-22,日野,未,2026-09-10T10:51:44Z,"Kotani, Miki/小谷 美輝",21:15,21:15,False,1.0,296,,
02N,2982,2,W5,671466020000,2026090804,1000,N,478,1,,72.914,500,21,Q10-A-20,日野,未,2026-09-10T10:51:46Z,"Kotani, Miki/小谷 美輝",21:15,21:15,False,1.0,296,,
02N,2982,2,07,617756002000,2026090804,1000,N,439,1,,72.906,500,21,Q10-B-3,日野,未,2026-09-10T10:51:37Z,"Kotani, Miki/小谷 美輝",21:15,21:15,False,1.0,296,,
02N,7371,4,28,583114214100,2026090804,1000,N,730,2,,313.7401,750,1,C15-A-3,織機,未,2026-09-10T10:51:12Z,"Kotani, Miki/小谷 美輝",10:30,10:30,False,1.0,297,,
02N,7371,4,28,583114214100,2026090804,1000,N,730,2,,313.7401,750,1,C15-A-3,織機,未,2026-09-10T10:51:12Z,"Kotani, Miki/小谷 美輝",10:30,10:30,False,1.0,297,,
02N,2982,2,07,631426010000,2026090911,1000,N,443,1,,72.916,1000,1,Q10-A-24,日野,未,2026-09-10T10:51:41Z,"Kotani, Miki/小谷 美輝",11:06,11:06,True,1.0,297,,
02N,1000,K,K5,583114214100,2026090804,829,L,730,1,,313.7401,750,1,C15-A-3,高岡,未,2026-09-10T10:50:58Z,"Kotani, Miki/小谷 美輝",14:40,14:40,False,1.0,298,,
02N,1000,K,K5,537224207000,2026090804,829,L,720,1,,194.1302,515,1,L12-D-8,高岡,未,2026-09-10T10:50:52Z,"Kotani, Miki/小谷 美輝",14:40,14:40,False,1.0,298,,
02N,2982,2,07,631426010000,2026090814,1000,N,443,1,,72.916,1000,1,Q10-A-24,日野,未,2026-09-10T10:51:41Z,"Kotani, Miki/小谷 美輝",14:15,14:15,True,1.0,298,,
02N,1000,K,K5,583114214100,2026091004,829,L,730,1,,313.7401,750,1,C15-A-3,高岡,未,2026-09-10T10:50:59Z,"Kotani, Miki/小谷 美輝",14:40,14:40,False,1.0,299,,
02N,7371,4,61,583114214100,2026090805,1000,N,730,1,,313.7401,750,1,C15-A-3,織機,未,2026-09-10T10:51:14Z,"Kotani, Miki/小谷 美輝",12:30,12:30,False,2.0,299,,
02N,2982,2,07,617426014000,2026090812,1000,N,438,1,,62.19,750,1,Q10-D-23,日野,未,2026-09-10T10:51:35Z,"Kotani, Miki/小谷 美輝",12:05,12:05,False,4.0,299,,
02N,1000,K,K5,583114214100,2026082704,829,L,730,1,,313.7401,750,1,C15-A-3,高岡,未,2026-09-10T10:50:57Z,"Kotani, Miki/小谷 美輝",14:40,14:40,False,1.0,300,,
02N,2982,2,W5,671456020000,2026090812,1000,N,477,1,,72.915,500,21,Q10-A-22,日野,未,2026-09-10T10:51:44Z,"Kotani, Miki/小谷 美輝",12:05,12:05,False,1.0,300,,
02N,2982,2,W5,671466020000,2026090812,1000,N,478,1,,72.914,500,21,Q10-A-20,日野,未,2026-09-10T10:51:46Z,"Kotani, Miki/小谷 美輝",12:05,12:05,False,1.0,300,,
02N,2982,2,07,617766003000,2026090812,1000,N,440,1,,72.905,500,21,Q10-B-1,日野,未,2026-09-10T10:51:39Z,"Kotani, Miki/小谷 美輝",12:05,12:05,False,1.0,300,,
02N,8482,W,B7,582114202000,2026090904,1000,N,728,1,,346.5,550,1,C12-B-6,KVC,未,2026-09-10T10:50:38Z,"Kotani, Miki/小谷 美輝",10:51,10:51,False,1.0,301,,
02N,8482,W,B7,581167801100,2026090904,1000,N,700,1,,313.7402,830,1,C15-A-1,KVC,未,2026-09-10T10:50:36Z,"Kotani, Miki/小谷 美輝",10:51,10:51,False,1.0,301,,
02N,8482,W,B7,537214206090,2026082104,1000,N,719,1,,194.1301,515,1,L12-C-5,KVC,未,2026-09-10T10:50:28Z,"Kotani, Miki/小谷 美輝",10:51,10:51,False,2.0,301,,
02N,8482,W,B7,537214206090,2026090904,1000,N,719,1,,194.1301,515,1,L12-C-5,KVC,未,2026-09-10T10:50:30Z,"Kotani, Miki/小谷 美輝",10:51,10:51,False,1.0,301,,
02N,2982,2,06,486246006000,2026090904,1000,N,196,1,,72.913,750,1,Q10-A-13,日野,未,2026-09-10T10:51:22Z,"Kotani, Miki/小谷 美輝",21:15,21:15,False,2.0,302,,
02N,2982,2,06,486236006000,2026090904,1000,N,195,1,,72.912,750,1,Q10-A-12,日野,未,2026-09-10T10:51:20Z,"Kotani, Miki/小谷 美輝",21:15,21:15,False,2.0,302,,
02N,2982,2,06,486226006000,2026090904,1000,N,194,1,,72.911,750,1,Q10-A-11,日野,未,2026-09-10T10:51:18Z,"Kotani, Miki/小谷 美輝",21:15,21:15,False,2.0,302,,
02N,2982,2,06,486216006000,2026090904,1000,N,193,1,,72.91,750,1,Q10-A-10,日野,未,2026-09-10T10:51:16Z,"Kotani, Miki/小谷 美輝",21:15,21:15,False,3.0,303,,
02N,2982,2,07,616246010000,2026090904,1000,N,432,1,,72.907,500,1,Q10-B-5,日野,未,2026-09-10T10:51:30Z,"Kotani, Miki/小谷 美輝",21:15,21:15,False,3.0,303,,
02N,2982,2,07,617416014000,2026090904,1000,N,437,1,,62.1901,750,1,Q10-D-25,日野,未,2026-09-10T10:51:32Z,"Kotani, Miki/小谷 美輝",21:15,21:15,False,3.0,303,,
02N,7371,4,28,582114202000,2026090904,1000,N,728,1,,346.5,550,1,C12-B-6,織機,未,2026-09-10T10:51:11Z,"Kotani, Miki/小谷 美輝",10:30,10:30,False,1.0,304,,
02N,7371,4,28,583114214100,2026090904,1000,N,730,2,,313.7401,750,1,C15-A-3,織機,未,2026-09-10T10:51:12Z,"Kotani, Miki/小谷 美輝",10:30,10:30,False,1.0,304,,
02N,7371,4,28,583114214100,2026090904,1000,N,730,2,,313.7401,750,1,C15-A-3,織機,未,2026-09-10T10:51:12Z,"Kotani, Miki/小谷 美輝",10:30,10:30,False,1.0,304,,
02N,1000,K,K5,583114214100,2026090904,829,L,730,1,,313.7401,750,1,C15-A-3,高岡,未,2026-09-10T10:50:58Z,"Kotani, Miki/小谷 美輝",14:40,14:40,False,1.0,305,,
02N,1000,K,K5,581164203000,2026090904,829,L,726,1,,313.74,830,1,C15-B-5,高岡,未,2026-09-10T10:50:57Z,"Kotani, Miki/小谷 美輝",14:40,14:40,False,1.0,305,,
02N,8482,W,B3,581167801100,2026091004,1000,N,700,1,,313.7402,830,1,C15-A-1,KVC,未,2026-09-10T10:50:27Z,"Kotani, Miki/小谷 美輝",06:45,06:45,False,1.0,306,,
02N,8482,W,B7,581167801100,2026091004,1000,N,700,1,,313.7402,830,1,C15-A-1,KVC,未,2026-09-10T10:50:37Z,"Kotani, Miki/小谷 美輝",10:51,10:51,False,1.0,306,,
02N,8482,W,B7,537214206090,2026091004,1000,N,719,1,,194.1301,515,1,L12-C-5,KVC,未,2026-09-10T10:50:32Z,"Kotani, Miki/小谷 美輝",10:51,10:51,False,1.0,306,,
02N,2982,2,07,631426010000,2026091004,1000,N,443,1,,72.916,1000,1,Q10-A-24,日野,未,2026-09-10T10:51:41Z,"Kotani, Miki/小谷 美輝",21:15,21:15,True,1.0,307,,
02N,2982,2,06,486246006000,2026091004,1000,N,196,1,,72.913,750,1,Q10-A-13,日野,未,2026-09-10T10:51:23Z,"Kotani, Miki/小谷 美輝",21:15,21:15,False,2.0,307,,
02N,2982,2,06,486236006000,2026091004,1000,N,195,1,,72.912,750,1,Q10-A-12,日野,未,2026-09-10T10:51:21Z,"Kotani, Miki/小谷 美輝",21:15,21:15,False,2.0,307,,
02N,7371,4,28,582114202000,2026091004,1000,N,728,1,,346.5,550,1,C12-B-6,織機,未,2026-09-10T10:51:11Z,"Kotani, Miki/小谷 美輝",10:30,10:30,False,1.0,308,,
02N,7371,4,28,583114214100,2026091004,1000,N,730,2,,313.7401,750,1,C15-A-3,織機,未,2026-09-10T10:51:13Z,"Kotani, Miki/小谷 美輝",10:30,10:30,False,1.0,308,,
02N,7371,4,28,583114214100,2026091004,1000,N,730,2,,313.7401,750,1,C15-A-3,織機,未,2026-09-10T10:51:13Z,"Kotani, Miki/小谷 美輝",10:30,10:30,False,1.0,308,,
02N,1000,H,1W,571165008000,2026090404,829,L,736,1,,204.3,800,1,L12-A-5,元町,未,2026-09-10T10:50:43Z,"Kotani, Miki/小谷 美輝",17:18,17:18,False,1.0,309,,
02N,2982,2,W5,671456020000,2026091013,1000,N,477,1,,72.915,500,21,Q10-A-22,日野,未,2026-09-10T10:51:45Z,"Kotani, Miki/小谷 美輝",13:21,13:21,False,1.0,309,,
02N,2982,2,W5,671466020000,2026091013,1000,N,478,1,,72.914,500,21,Q10-A-20,日野,未,2026-09-10T10:51:46Z,"Kotani, Miki/小谷 美輝",13:21,13:21,False,1.0,309,,
02N,2982,2,07,617756002000,2026091013,1000,N,439,1,,72.906,500,21,Q10-B-3,日野,未,2026-09-10T10:51:37Z,"Kotani, Miki/小谷 美輝",13:21,13:21,False,1.0,309,,
02N,2982,2,06,486246006000,2026091104,1000,N,196,1,,72.913,750,1,Q10-A-13,日野,未,2026-09-10T10:51:23Z,"Kotani, Miki/小谷 美輝",21:15,21:15,False,2.0,310,,
02N,2982,2,06,486216006000,2026091104,1000,N,193,1,,72.91,750,1,Q10-A-10,日野,未,2026-09-10T10:51:17Z,"Kotani, Miki/小谷 美輝",21:15,21:15,False,2.0,310,,
02N,2982,2,07,616246010000,2026091104,1000,N,432,1,,72.907,500,1,Q10-B-5,日野,未,2026-09-10T10:51:31Z,"Kotani, Miki/小谷 美輝",21:15,21:15,False,2.0,310,,
02N,2982,2,07,631426010000,2026090904,1000,N,443,1,,72.916,1000,1,Q10-A-24,日野,未,2026-09-10T10:51:41Z,"Kotani, Miki/小谷 美輝",21:15,21:15,True,1.0,311,,
02N,2982,2,07,617416014000,2026091104,1000,N,437,1,,62.1901,750,1,Q10-D-25,日野,未,2026-09-10T10:51:33Z,"Kotani, Miki/小谷 美輝",21:15,21:15,False,3.0,311,,
02N,2982,2,07,617426014000,2026091104,1000,N,438,1,,62.19,750,1,Q10-D-23,日野,未,2026-09-10T10:51:36Z,"Kotani, Miki/小谷 美輝",21:15,21:15,False,3.0,311,,
02N,7371,4,61,583114214100,2026091008,1000,N,730,1,,313.7401,750,1,C15-A-3,織機,未,2026-09-10T10:51:15Z,"Kotani, Miki/小谷 美輝",20:35,20:35,False,2.0,312,,
02N,2982,2,07,631426010000,2026091204,1000,N,443,1,,72.916,1000,1,Q10-A-24,日野,未,2026-09-10T10:51:43Z,"Kotani, Miki/小谷 美輝",21:15,21:15,True,1.0,312,,
02N,2982,2,07,617426014000,2026090904,1000,N,438,1,,62.19,750,1,Q10-D-23,日野,未,2026-09-10T10:51:35Z,"Kotani, Miki/小谷 美輝",21:15,21:15,False,4.0,312,,
02N,2982,2,07,617426014000,2026091204,1000,N,438,1,,62.19,750,1,Q10-D-23,日野,未,2026-09-10T10:51:37Z,"Kotani, Miki/小谷 美輝",21:15,21:15,False,3.0,313,,
02N,2982,2,W5,671456020000,2026091204,1000,N,477,1,,72.915,500,21,Q10-A-22,日野,未,2026-09-10T10:51:45Z,"Kotani, Miki/小谷 美輝",21:15,21:15,False,1.0,313,,
02N,2982,2,W5,671466020000,2026091204,1000,N,478,1,,72.914,500,21,Q10-A-20,日野,未,2026-09-10T10:51:46Z,"Kotani, Miki/小谷 美輝",21:15,21:15,False,1.0,313,,
02N,1000,H,1W,537131101000,2026082704,829,L,565,1,,153.5401,515,1,N12-B-3,元町,未,2026-09-10T10:50:42Z,"Kotani, Miki/小谷 美輝",17:18,17:18,False,1.0,314,,
02N,8482,W,B7,581167801100,2026082804,1000,N,700,1,,313.7402,830,1,C15-A-1,KVC,未,2026-09-10T10:50:36Z,"Kotani, Miki/小谷 美輝",10:51,10:51,False,1.0,315,,
02N,8482,W,B7,537224207090,2026082804,1000,N,720,1,,194.1302,515,1,L12-D-8,KVC,未,2026-09-10T10:50:33Z,"Kotani, Miki/小谷 美輝",10:51,10:51,False,1.0,315,,
02N,7371,4,61,583114214100,2026091004,1000,N,730,1,,313.7401,750,1,C15-A-3,織機,未,2026-09-10T10:51:15Z,"Kotani, Miki/小谷 美輝",10:30,10:30,False,2.0,316,,
02N,1000,K,K5,537224207000,2026090104,829,L,720,1,,194.1302,515,1,L12-D-8,高岡,未,2026-09-10T10:50:52Z,"Kotani, Miki/小谷 美輝",14:40,14:40,False,1.0,317,,
02N,1000,K,K5,537214206000,2026090104,829,L,719,1,,194.1301,515,1,L12-C-5,高岡,未,2026-09-10T10:50:51Z,"Kotani, Miki/小谷 美輝",14:40,14:40,False,1.0,317,,
02N,8482,W,B3,581167801100,2026091104,1000,N,700,1,,313.7402,830,1,C15-A-1,KVC,未,2026-09-10T10:50:28Z,"Kotani, Miki/小谷 美輝",06:45,06:45,False,1.0,318,,
02N,8482,W,B7,537224207090,2026091104,1000,N,720,1,,194.1302,515,1,L12-D-8,KVC,未,2026-09-10T10:50:34Z,"Kotani, Miki/小谷 美輝",10:51,10:51,False,1.0,318,,
02N,2982,2,07,616236014000,2026091204,1000,N,431,1,,72.908,500,1,Q10-B-7,日野,未,2026-09-10T10:51:29Z,"Kotani, Miki/小谷 美輝",21:15,21:15,False,2.0,319,,
02N,2982,2,07,616246010000,2026091204,1000,N,432,1,,72.907,500,1,Q10-B-5,日野,未,2026-09-10T10:51:31Z,"Kotani, Miki/小谷 美輝",21:15,21:15,False,2.0,319,,
02N,2982,2,07,617416014000,2026091204,1000,N,437,1,,62.1901,750,1,Q10-D-25,日野,未,2026-09-10T10:51:34Z,"Kotani, Miki/小谷 美輝",21:15,21:15,False,2.0,319,,
02N,8482,W,B7,537214206090,2026091404,1000,N,719,1,,194.1301,515,1,L12-C-5,KVC,未,2026-09-10T10:50:32Z,"Kotani, Miki/小谷 美輝",10:51,10:51,False,1.0,320,,
02N,2982,2,07,5831160F1000,2026090904,1000,N,248,1,,72.918,600,5,Q10-B-23,日野,未,2026-09-10T10:51:25Z,"Kotani, Miki/小谷 美輝",21:15,21:15,,,321,32.0,
02N,2982,2,07,5831160F1000,2026091204,1000,N,248,1,,72.918,600,5,Q10-B-23,日野,未,2026-09-10T10:51:26Z,"Kotani, Miki/小谷 美輝",21:15,21:15,,,321,32.0,
02N,2982,2,07,5831160F4000,2026090904,1000,N,250,1,,72.917,600,5,Q10-A-27,日野,未,2026-09-10T10:51:27Z,"Kotani, Miki/小谷 美輝",21:15,21:15,,,322,33.0,
02N,2982,2,07,5831160F4000,2026091104,1000,N,250,1,,72.917,600,5,Q10-A-27,日野,未,2026-09-10T10:51:27Z,"Kotani, Miki/小谷 美輝",21:15,21:15,,,322,33.0,
02N,2982,2,07,5831160F4000,2026091204,1000,N,250,1,,72.917,600,5,Q10-A-27,日野,未,2026-09-10T10:51:27Z,"Kotani, Miki/小谷 美輝",21:15,21:15,,,323,34.0,
02N,1000,H,1W,572421101000,2026090804,829,L,328,1,,182.97,800,7,L12-B-26,元町,未,2026-09-10T10:50:43Z,"Kotani, Miki/小谷 美輝",17:18,17:18,,,324,3.0,
02N,7371,4,21,551124202000,2026090704,1000,N,716,1,,16.6501,830,17,Q9-A-5,織機,未,2026-09-10T10:51:10Z,"Kotani, Miki/小谷 美輝",10:30,10:30,,,325,34.0,
02N,7371,4,21,551124202000,2026090904,1000,N,716,1,,16.6501,830,17,Q9-A-5,織機,未,2026-09-10T10:51:10Z,"Kotani, Miki/小谷 美輝",10:30,10:30,,,325,34.0,
02N,7371,4,21,551124202000,2026091004,1000,N,716,1,,16.6501,830,17,Q9-A-5,織機,未,2026-09-10T10:51:11Z,"Kotani, Miki/小谷 美輝",10:30,10:30,,,326,35.0,
02N,7371,4,61,551124202000,2026090704,1000,N,716,1,,16.6501,830,17,Q9-A-5,織機,未,2026-09-10T10:51:14Z,"Kotani, Miki/小谷 美輝",10:30,10:30,,,326,35.0,
02N,7371,4,21,551124201000,2026090704,1000,N,715,1,,16.65,830,17,Q9-A-1,織機,未,2026-09-10T10:51:09Z,"Kotani, Miki/小谷 美輝",10:30,10:30,,,327,36.0,
02N,7371,4,21,551124201000,2026090804,1000,N,715,1,,16.65,830,17,Q9-A-1,織機,未,2026-09-10T10:51:09Z,"Kotani, Miki/小谷 美輝",10:30,10:30,,,327,36.0,
02N,7371,4,21,551124201000,2026090904,1000,N,715,1,,16.65,830,17,Q9-A-1,織機,未,2026-09-10T10:51:09Z,"Kotani, Miki/小谷 美輝",10:30,10:30,,,328,37.0,
02N,7371,4,21,551124201000,2026091004,1000,N,715,1,,16.65,830,17,Q9-A-1,織機,未,2026-09-10T10:51:09Z,"Kotani, Miki/小谷 美輝",10:30,10:30,,,328,37.0,
02N,7371,4,21,551124201000,2026091104,1000,N,715,1,,16.65,830,17,Q9-A-1,織機,未,2026-09-10T10:51:10Z,"Kotani, Miki/小谷 美輝",10:30,10:30,,,329,38.0,
02N,7371,4,61,551124201000,2026090704,1000,N,715,1,,16.65,830,17,Q9-A-1,織機,未,2026-09-10T10:51:13Z,"Kotani, Miki/小谷 美輝",10:30,10:30,,,329,38.0,
02N,7371,4,61,551124201000,2026091004,1000,N,715,1,,16.65,830,17,Q9-A-1,織機,未,2026-09-10T10:51:13Z,"Kotani, Miki/小谷 美輝",10:30,10:30,,,330,39.0,
02N,8482,W,B7,551124202000,2026090904,1000,N,716,1,,16.6501,830,17,Q9-A-5,TMK,未,2026-09-10T10:50:35Z,"Kotani, Miki/小谷 美輝",10:51,10:51,,,331,48.0,
02N,8482,W,B7,551124202000,2026091004,1000,N,716,1,,16.6501,830,17,Q9-A-5,TMK,未,2026-09-10T10:50:35Z,"Kotani, Miki/小谷 美輝",10:51,10:51,,,331,48.0,
02N,1000,K,K5,551124202000,2026082604,829,L,716,1,,16.6501,830,17,Q9-A-5,高岡,未,2026-09-10T10:50:55Z,"Kotani, Miki/小谷 美輝",14:40,14:40,,,332,71.0,
02N,1000,K,K5,551124202000,2026082704,829,L,716,1,,16.6501,830,17,Q9-A-5,高岡,未,2026-09-10T10:50:55Z,"Kotani, Miki/小谷 美輝",14:40,14:40,,,332,71.0,
02N,1000,K,K5,551124202000,2026082804,829,L,716,1,,16.6501,830,17,Q9-A-5,高岡,未,2026-09-10T10:50:55Z,"Kotani, Miki/小谷 美輝",14:40,14:40,,,333,72.0,
02N,1000,K,K5,551124202000,2026090104,829,L,716,1,,16.6501,830,17,Q9-A-5,高岡,未,2026-09-10T10:50:55Z,"Kotani, Miki/小谷 美輝",14:40,14:40,,,333,72.0,
02N,1000,K,K5,551124202000,2026090404,829,L,716,1,,16.6501,830,17,Q9-A-5,高岡,未,2026-09-10T10:50:55Z,"Kotani, Miki/小谷 美輝",14:40,14:40,,,334,73.0,
02N,1000,K,K5,551124202000,2026090704,829,L,716,1,,16.6501,830,17,Q9-A-5,高岡,未,2026-09-10T10:50:56Z,"Kotani, Miki/小谷 美輝",14:40,14:40,,,334,73.0,
02N,8482,W,B7,551124202000,2026082105,1000,N,716,1,,16.6501,830,17,Q9-A-5,TMK,未,2026-09-10T10:50:34Z,"Kotani, Miki/小谷 美輝",14:40,14:40,,,335,74.0,
02N,1000,K,K5,551124202000,2026090904,829,L,716,1,,16.6501,830,17,Q9-A-5,高岡,未,2026-09-10T10:50:56Z,"Kotani, Miki/小谷 美輝",14:40,14:40,,,335,74.0,
02N,8482,W,B7,551124202000,2026091405,1000,N,716,1,,16.6501,830,17,Q9-A-5,TMK,未,2026-09-10T10:50:35Z,"Kotani, Miki/小谷 美輝",14:40,14:40,,,336,78.0,
02N,1000,K,K5,551124201000,2026082604,829,L,715,2,,16.65,830,17,Q9-A-1,高岡,未,2026-09-10T10:50:52Z,"Kotani, Miki/小谷 美輝",14:40,14:40,,,336,78.0,
02N,1000,K,K5,551124201000,2026082604,829,L,715,2,,16.65,830,17,Q9-A-1,高岡,未,2026-09-10T10:50:52Z,"Kotani, Miki/小谷 美輝",14:40,14:40,,,337,79.0,
02N,1000,K,K5,551124201000,2026082704,829,L,715,2,,16.65,830,17,Q9-A-1,高岡,未,2026-09-10T10:50:52Z,"Kotani, Miki/小谷 美輝",14:40,14:40,,,337,79.0,
02N,1000,K,K5,551124201000,2026082704,829,L,715,2,,16.65,830,17,Q9-A-1,高岡,未,2026-09-10T10:50:52Z,"Kotani, Miki/小谷 美輝",14:40,14:40,,,338,80.0,
02N,1000,K,K5,551124201000,2026082804,829,L,715,2,,16.65,830,17,Q9-A-1,高岡,未,2026-09-10T10:50:53Z,"Kotani, Miki/小谷 美輝",14:40,14:40,,,338,80.0,
02N,1000,K,K5,551124201000,2026082804,829,L,715,2,,16.65,830,17,Q9-A-1,高岡,未,2026-09-10T10:50:53Z,"Kotani, Miki/小谷 美輝",14:40,14:40,,,339,81.0,
02N,1000,K,K5,551124201000,2026083104,829,L,715,2,,16.65,830,17,Q9-A-1,高岡,未,2026-09-10T10:50:53Z,"Kotani, Miki/小谷 美輝",14:40,14:40,,,339,81.0,
02N,1000,K,K5,551124201000,2026083104,829,L,715,2,,16.65,830,17,Q9-A-1,高岡,未,2026-09-10T10:50:53Z,"Kotani, Miki/小谷 美輝",14:40,14:40,,,340,82.0,
02N,1000,K,K5,551124201000,2026090104,829,L,715,2,,16.65,830,17,Q9-A-1,高岡,未,2026-09-10T10:50:53Z,"Kotani, Miki/小谷 美輝",14:40,14:40,,,340,82.0,
02N,1000,K,K5,551124201000,2026090104,829,L,715,2,,16.65,830,17,Q9-A-1,高岡,未,2026-09-10T10:50:53Z,"Kotani, Miki/小谷 美輝",14:40,14:40,,,341,83.0,
02N,1000,K,K5,551124201000,2026090204,829,L,715,2,,16.65,830,17,Q9-A-1,高岡,未,2026-09-10T10:50:53Z,"Kotani, Miki/小谷 美輝",14:40,14:40,,,341,83.0,
02N,1000,K,K5,551124201000,2026090204,829,L,715,2,,16.65,830,17,Q9-A-1,高岡,未,2026-09-10T10:50:53Z,"Kotani, Miki/小谷 美輝",14:40,14:40,,,342,84.0,
02N,1000,K,K5,551124201000,2026090304,829,L,715,2,,16.65,830,17,Q9-A-1,高岡,未,2026-09-10T10:50:53Z,"Kotani, Miki/小谷 美輝",14:40,14:40,,,342,84.0,
02N,1000,K,K5,551124201000,2026090304,829,L,715,2,,16.65,830,17,Q9-A-1,高岡,未,2026-09-10T10:50:53Z,"Kotani, Miki/小谷 美輝",14:40,14:40,,,343,85.0,
02N,1000,K,K5,551124201000,2026090404,829,L,715,2,,16.65,830,17,Q9-A-1,高岡,未,2026-09-10T10:50:54Z,"Kotani, Miki/小谷 美輝",14:40,14:40,,,343,85.0,
02N,1000,K,K5,551124201000,2026090404,829,L,715,2,,16.65,830,17,Q9-A-1,高岡,未,2026-09-10T10:50:54Z,"Kotani, Miki/小谷 美輝",14:40,14:40,,,344,86.0,
02N,1000,K,K5,551124201000,2026090704,829,L,715,2,,16.65,830,17,Q9-A-1,高岡,未,2026-09-10T10:50:54Z,"Kotani, Miki/小谷 美輝",14:40,14:40,,,344,86.0,
02N,1000,K,K5,551124201000,2026090704,829,L,715,2,,16.65,830,17,Q9-A-1,高岡,未,2026-09-10T10:50:54Z,"Kotani, Miki/小谷 美輝",14:40,14:40,,,345,87.0,
02N,1000,K,K5,551124201000,2026090804,829,L,715,2,,16.65,830,17,Q9-A-1,高岡,未,2026-09-10T10:50:54Z,"Kotani, Miki/小谷 美輝",14:40,14:40,,,345,87.0,
02N,1000,K,K5,551124201000,2026090804,829,L,715,2,,16.65,830,17,Q9-A-1,高岡,未,2026-09-10T10:50:54Z,"Kotani, Miki/小谷 美輝",14:40,14:40,,,346,88.0,
02N,1000,K,K5,551124201000,2026090904,829,L,715,2,,16.65,830,17,Q9-A-1,高岡,未,2026-09-10T10:50:54Z,"Kotani, Miki/小谷 美輝",14:40,14:40,,,346,88.0,
02N,1000,K,K5,551124201000,2026090904,829,L,715,2,,16.65,830,17,Q9-A-1,高岡,未,2026-09-10T10:50:54Z,"Kotani, Miki/小谷 美輝",14:40,14:40,,,347,89.0,
02N,1000,K,K5,551124201000,2026091004,829,L,715,1,,16.65,830,17,Q9-A-1,高岡,未,2026-09-10T10:50:55Z,"Kotani, Miki/小谷 美輝",14:40,14:40,,,347,89.0,
02N,1000,H,1W,582111190500,2026082604,829,L,544,1,,346.501,600,17,C12-B-2,元町,未,2026-09-10T10:50:43Z,"Kotani, Miki/小谷 美輝",17:18,17:18,,,348,96.0,
02N,1000,H,1W,551115009000,2026091004,829,L,748,1,,168.39,600,17,N12-A-6,元町,未,2026-09-10T10:50:42Z,"Kotani, Miki/小谷 美輝",17:18,17:18,,,348,96.0,
02N,1000,H,1W,576525091400,2026082604,829,L,613,1,,62.109,670,19,Q10-F-7,元町,未,2026-09-10T10:50:43Z,"Kotani, Miki/小谷 美輝",17:18,17:18,,,349,2.0,
02N,1000,H,1W,616425003000,2026082604,829,L,740,1,,238.68,600,20,I12-B-3,元町,未,2026-09-10T10:50:43Z,"Kotani, Miki/小谷 美輝",17:18,17:18,,,350,3.0,
02N,1000,H,1W,616465005000,2026082604,829,L,742,1,,238.68,600,20,I12-B-3,元町,未,2026-09-10T10:50:44Z,"Kotani, Miki/小谷 美輝",17:18,17:18,,,350,3.0,
02N,2982,2,W5,671456020000,2026091104,1000,N,477,1,,72.915,500,21,Q10-A-22,日野,未,2026-09-10T10:51:45Z,"Kotani, Miki/小谷 美輝",21:15,21:15,False,1.0,351,,
02N,2982,2,07,617756002000,2026090704,1000,N,439,1,,72.906,500,21,Q10-B-3,日野,未,2026-09-10T10:51:37Z,"Kotani, Miki/小谷 美輝",21:15,21:15,False,1.0,351,,
02N,8482,W,B7,582114202000,2026082105,1000,N,728,1,,346.5,550,1,C12-B-6,KVC,未,2026-09-10T10:50:37Z,"Kotani, Miki/小谷 美輝",14:40,14:40,False,1.0,352,,
02N,8482,W,B3,581167801100,2026082105,1000,N,700,1,,313.7402,830,1,C15-A-1,KVC,未,2026-09-10T10:50:22Z,"Kotani, Miki/小谷 美輝",06:45,06:45,False,1.0,352,,
02N,8482,W,B7,581167801100,2026082105,1000,N,700,1,,313.7402,830,1,C15-A-1,KVC,未,2026-09-10T10:50:35Z,"Kotani, Miki/小谷 美輝",14:40,14:40,False,1.0,352,,
02N,8482,W,B3,581167801100,2026082505,1000,N,700,1,,313.7402,830,1,C15-A-1,KVC,未,2026-09-10T10:50:22Z,"Kotani, Miki/小谷 美輝",06:45,06:45,False,1.0,353,,
02N,8482,W,B7,581167801100,2026082505,1000,N,700,1,,313.7402,830,1,C15-A-1,KVC,未,2026-09-10T10:50:35Z,"Kotani, Miki/小谷 美輝",14:40,14:40,False,1.0,353,,
02N,8482,W,B7,537224207090,2026082505,1000,N,720,1,,194.1302,515,1,L12-D-8,KVC,未,2026-09-10T10:50:33Z,"Kotani, Miki/小谷 美輝",14:40,14:40,False,1.0,353,,
02N,8482,W,B3,581167801100,2026082705,1000,N,700,1,,313.7402,830,1,C15-A-1,KVC,未,2026-09-10T10:50:23Z,"Kotani, Miki/小谷 美輝",06:45,06:45,False,1.0,354,,
02N,8482,W,B7,581167801100,2026082705,1000,N,700,1,,313.7402,830,1,C15-A-1,KVC,未,2026-09-10T10:50:36Z,"Kotani, Miki/小谷 美輝",14:40,14:40,False,1.0,354,,
02N,8482,W,B7,537224207090,2026082705,1000,N,720,1,,194.1302,515,1,L12-D-8,KVC,未,2026-09-10T10:50:33Z,"Kotani, Miki/小谷 美輝",14:40,14:40,False,1.0,354,,
02N,8482,W,B7,581164203000,2026082706,1000,N,726,1,,313.74,830,1,C15-B-5,KVC,未,2026-09-10T10:50:35Z,"Kotani, Miki/小谷 美輝",14:40,14:40,False,2.0,355,,
02N,8482,W,B7,537224207090,2026082706,1000,N,720,1,,194.1302,515,1,L12-D-8,KVC,未,2026-09-10T10:50:33Z,"Kotani, Miki/小谷 美輝",14:40,14:40,False,2.0,355,,
02N,8482,W,B7,537214206090,2026082505,1000,N,719,1,,194.1301,515,1,L12-C-5,KVC,未,2026-09-10T10:50:29Z,"Kotani, Miki/小谷 美輝",14:40,14:40,False,2.0,355,,
02N,8482,W,B7,537214206090,2026082706,1000,N,719,1,,194.1301,515,1,L12-C-5,KVC,未,2026-09-10T10:50:29Z,"Kotani, Miki/小谷 美輝",14:40,14:40,False,2.0,355,,
02N,8482,W,B7,582114202000,2026082805,1000,N,728,1,,346.5,550,1,C12-B-6,KVC,未,2026-09-10T10:50:38Z,"Kotani, Miki/小谷 美輝",14:40,14:40,False,1.0,356,,
02N,8482,W,B3,581167801100,2026082805,1000,N,700,1,,313.7402,830,1,C15-A-1,KVC,未,2026-09-10T10:50:26Z,"Kotani, Miki/小谷 美輝",06:45,06:45,False,1.0,356,,
02N,8482,W,B7,581167801100,2026082805,1000,N,700,1,,313.7402,830,1,C15-A-1,KVC,未,2026-09-10T10:50:36Z,"Kotani, Miki/小谷 美輝",14:40,14:40,False,1.0,356,,
02N,1000,K,K5,583114214100,2026090405,829,L,730,1,,313.7401,750,1,C15-A-3,高岡,未,2026-09-10T10:50:58Z,"Kotani, Miki/小谷 美輝",18:46,18:46,False,1.0,357,,
02N,1000,K,K5,581164203000,2026090405,829,L,726,1,,313.74,830,1,C15-B-5,高岡,未,2026-09-10T10:50:56Z,"Kotani, Miki/小谷 美輝",18:46,18:46,False,1.0,357,,
02N,1000,K,K5,537224207000,2026090405,829,L,720,1,,194.1302,515,1,L12-D-8,高岡,未,2026-09-10T10:50:52Z,"Kotani, Miki/小谷 美輝",18:46,18:46,False,1.0,357,,
02N,2982,2,07,631426010000,2026090705,1000,N,443,2,,72.916,1000,1,Q10-A-24,日野,未,2026-09-10T10:51:40Z,"Kotani, Miki/小谷 美輝",22:18,22:18,True,1.0,358,,
02N,2982,2,07,631426010000,2026090705,1000,N,443,2,,72.916,1000,1,Q10-A-24,日野,未,2026-09-10T10:51:40Z,"Kotani, Miki/小谷 美輝",22:18,22:18,True,1.0,358,,
02N,2982,2,06,486236006000,2026090705,1000,N,195,1,,72.912,750,1,Q10-A-12,日野,未,2026-09-10T10:51:19Z,"Kotani, Miki/小谷 美輝",22:18,22:18,False,2.0,359,,
02N,2982,2,06,486226006000,2026090705,1000,N,194,1,,72.911,750,1,Q10-A-11,日野,未,2026-09-10T10:51:18Z,"Kotani, Miki/小谷 美輝",22:18,22:18,False,2.0,359,,
02N,2982,2,06,486216006000,2026090705,1000,N,193,1,,72.91,750,1,Q10-A-10,日野,未,2026-09-10T10:51:16Z,"Kotani, Miki/小谷 美輝",22:18,22:18,False,2.0,359,,
02N,7371,4,28,582114202000,2026090705,1000,N,728,1,,346.5,550,1,C12-B-6,織機,未,2026-09-10T10:51:11Z,"Kotani, Miki/小谷 美輝",12:30,12:30,False,1.0,360,,
02N,7371,4,28,583114214100,2026090705,1000,N,730,2,,313.7401,750,1,C15-A-3,織機,未,2026-09-10T10:51:11Z,"Kotani, Miki/小谷 美輝",12:30,12:30,False,1.0,360,,
02N,7371,4,28,583114214100,2026090705,1000,N,730,2,,313.7401,750,1,C15-A-3,織機,未,2026-09-10T10:51:11Z,"Kotani, Miki/小谷 美輝",12:30,12:30,False,1.0,360,,
02N,2982,2,06,486246006000,2026090805,1000,N,196,1,,72.913,750,1,Q10-A-13,日野,未,2026-09-10T10:51:22Z,"Kotani, Miki/小谷 美輝",22:18,22:18,False,2.0,361,,
02N,2982,2,06,486226006000,2026090805,1000,N,194,1,,72.911,750,1,Q10-A-11,日野,未,2026-09-10T10:51:18Z,"Kotani, Miki/小谷 美輝",22:18,22:18,False,2.0,361,,
02N,2982,2,07,616236014000,2026090805,1000,N,431,1,,72.908,500,1,Q10-B-7,日野,未,2026-09-10T10:51:28Z,"Kotani, Miki/小谷 美輝",22:18,22:18,False,2.0,361,,
02N,2982,2,07,617416014000,2026090805,1000,N,437,2,,62.1901,750,1,Q10-D-25,日野,未,2026-09-10T10:51:31Z,"Kotani, Miki/小谷 美輝",22:18,22:18,False,3.0,362,,
02N,2982,2,07,617416014000,2026090805,1000,N,437,2,,62.1901,750,1,Q10-D-25,日野,未,2026-09-10T10:51:31Z,"Kotani, Miki/小谷 美輝",22:18,22:18,False,3.0,362,,
02N,2982,2,07,617426014000,2026090805,1000,N,438,1,,62.19,750,1,Q10-D-23,日野,未,2026-09-10T10:51:35Z,"Kotani, Miki/小谷 美輝",22:18,22:18,False,3.0,362,,
02N,7371,4,28,582114202000,2026090805,1000,N,728,1,,346.5,550,1,C12-B-6,織機,未,2026-09-10T10:51:11Z,"Kotani, Miki/小谷 美輝",12:30,12:30,False,1.0,363,,
02N,7371,4,28,583114214100,2026090805,1000,N,730,2,,313.7401,750,1,C15-A-3,織機,未,2026-09-10T10:51:12Z,"Kotani, Miki/小谷 美輝",12:30,12:30,False,1.0,363,,
02N,7371,4,28,583114214100,2026090805,1000,N,730,2,,313.7401,750,1,C15-A-3,織機,未,2026-09-10T10:51:12Z,"Kotani, Miki/小谷 美輝",12:30,12:30,False,1.0,363,,
02N,8482,W,B7,537214206090,2026082705,1000,N,719,1,,194.1301,515,1,L12-C-5,KVC,未,2026-09-10T10:50:29Z,"Kotani, Miki/小谷 美輝",14:40,14:40,False,2.0,364,,
02N,2982,2,07,616236014000,2026090809,1000,N,431,1,,72.908,500,1,Q10-B-7,日野,未,2026-09-10T10:51:28Z,"Kotani, Miki/小谷 美輝",07:55,07:55,False,3.0,364,,
02N,2982,2,07,616246010000,2026090809,1000,N,432,1,,72.907,500,1,Q10-B-5,日野,未,2026-09-10T10:51:29Z,"Kotani, Miki/小谷 美輝",07:55,07:55,False,3.0,364,,
02N,2982,2,07,617416014000,2026090809,1000,N,437,1,,62.1901,750,1,Q10-D-25,日野,未,2026-09-10T10:51:31Z,"Kotani, Miki/小谷 美輝",07:55,07:55,False,3.0,364,,
02N,8482,W,B3,581167801100,2026090905,1000,N,700,1,,313.7402,830,1,C15-A-1,KVC,未,2026-09-10T10:50:27Z,"Kotani, Miki/小谷 美輝",06:45,06:45,False,1.0,365,,
02N,8482,W,B7,581167801100,2026090905,1000,N,700,1,,313.7402,830,1,C15-A-1,KVC,未,2026-09-10T10:50:37Z,"Kotani, Miki/小谷 美輝",14:40,14:40,False,1.0,365,,
02N,8482,W,B7,537224207090,2026090905,1000,N,720,1,,194.1302,515,1,L12-D-8,KVC,未,2026-09-10T10:50:34Z,"Kotani, Miki/小谷 美輝",14:40,14:40,False,1.0,365,,
02N,2982,2,07,631426010000,2026090905,1000,N,443,2,,72.916,1000,1,Q10-A-24,日野,未,2026-09-10T10:51:41Z,"Kotani, Miki/小谷 美輝",22:18,22:18,True,1.0,366,,
02N,2982,2,07,631426010000,2026090905,1000,N,443,2,,72.916,1000,1,Q10-A-24,日野,未,2026-09-10T10:51:41Z,"Kotani, Miki/小谷 美輝",22:18,22:18,True,1.0,366,,
02N,2982,2,06,486246006000,2026090905,1000,N,196,1,,72.913,750,1,Q10-A-13,日野,未,2026-09-10T10:51:22Z,"Kotani, Miki/小谷 美輝",22:18,22:18,False,2.0,367,,
02N,2982,2,06,486236006000,2026090905,1000,N,195,1,,72.912,750,1,Q10-A-12,日野,未,2026-09-10T10:51:21Z,"Kotani, Miki/小谷 美輝",22:18,22:18,False,2.0,367,,
02N,2982,2,06,486216006000,2026090905,1000,N,193,1,,72.91,750,1,Q10-A-10,日野,未,2026-09-10T10:51:16Z,"Kotani, Miki/小谷 美輝",22:18,22:18,False,2.0,367,,
02N,2982,2,07,616236014000,2026090905,1000,N,431,1,,72.908,500,1,Q10-B-7,日野,未,2026-09-10T10:51:28Z,"Kotani, Miki/小谷 美輝",22:18,22:18,False,3.0,368,,
02N,2982,2,07,617416014000,2026090905,1000,N,437,1,,62.1901,750,1,Q10-D-25,日野,未,2026-09-10T10:51:32Z,"Kotani, Miki/小谷 美輝",22:18,22:18,False,3.0,368,,
02N,2982,2,07,617426014000,2026090905,1000,N,438,1,,62.19,750,1,Q10-D-23,日野,未,2026-09-10T10:51:35Z,"Kotani, Miki/小谷 美輝",22:18,22:18,False,3.0,368,,
02N,7371,4,28,583114214100,2026090905,1000,N,730,2,,313.7401,750,1,C15-A-3,織機,未,2026-09-10T10:51:12Z,"Kotani, Miki/小谷 美輝",12:30,12:30,False,1.0,369,,
02N,7371,4,28,583114214100,2026090905,1000,N,730,2,,313.7401,750,1,C15-A-3,織機,未,2026-09-10T10:51:12Z,"Kotani, Miki/小谷 美輝",12:30,12:30,False,1.0,369,,
02N,7371,4,61,583114214100,2026090905,1000,N,730,1,,313.7401,750,1,C15-A-3,織機,未,2026-09-10T10:51:15Z,"Kotani, Miki/小谷 美輝",12:30,12:30,False,1.0,369,,
02N,8482,W,B3,581167801100,2026090908,1000,N,700,1,,313.7402,830,1,C15-A-1,KVC,未,2026-09-10T10:50:27Z,"Kotani, Miki/小谷 美輝",14:40,14:40,False,1.0,370,,
02N,8482,W,B7,537224207090,2026082105,1000,N,720,1,,194.1302,515,1,L12-D-8,KVC,未,2026-09-10T10:50:32Z,"Kotani, Miki/小谷 美輝",14:40,14:40,False,2.0,370,,
02N,8482,W,B7,537214206090,2026082105,1000,N,719,1,,194.1301,515,1,L12-C-5,KVC,未,2026-09-10T10:50:28Z,"Kotani, Miki/小谷 美輝",14:40,14:40,False,2.0,370,,
02N,8482,W,B7,537214206090,2026090908,1000,N,719,1,,194.1301,515,1,L12-C-5,KVC,未,2026-09-10T10:50:32Z,"Kotani, Miki/小谷 美輝",18:46,18:46,False,1.0,370,,
02N,2982,2,06,486236006000,2026091005,1000,N,195,1,,72.912,750,1,Q10-A-12,日野,未,2026-09-10T10:51:21Z,"Kotani, Miki/小谷 美輝",22:18,22:18,False,2.0,371,,
02N,2982,2,06,486216006000,2026091005,1000,N,193,1,,72.91,750,1,Q10-A-10,日野,未,2026-09-10T10:51:17Z,"Kotani, Miki/小谷 美輝",22:18,22:18,False,2.0,371,,
02N,2982,2,07,616236014000,2026091005,1000,N,431,1,,72.908,500,1,Q10-B-7,日野,未,2026-09-10T10:51:29Z,"Kotani, Miki/小谷 美輝",22:18,22:18,False,2.0,371,,
02N,2982,2,07,616246010000,2026091005,1000,N,432,1,,72.907,500,1,Q10-B-5,日野,未,2026-09-10T10:51:30Z,"Kotani, Miki/小谷 美輝",22:18,22:18,False,3.0,372,,
02N,2982,2,07,617416014000,2026091005,1000,N,437,1,,62.1901,750,1,Q10-D-25,日野,未,2026-09-10T10:51:32Z,"Kotani, Miki/小谷 美輝",22:18,22:18,False,3.0,372,,
02N,2982,2,07,617426014000,2026091005,1000,N,438,2,,62.19,750,1,Q10-D-23,日野,未,2026-09-10T10:51:36Z,"Kotani, Miki/小谷 美輝",22:18,22:18,False,3.0,372,,
02N,7371,4,28,583114214100,2026091005,1000,N,730,2,,313.7401,750,1,C15-A-3,織機,未,2026-09-10T10:51:13Z,"Kotani, Miki/小谷 美輝",12:30,12:30,False,1.0,373,,
02N,7371,4,28,583114214100,2026091005,1000,N,730,2,,313.7401,750,1,C15-A-3,織機,未,2026-09-10T10:51:13Z,"Kotani, Miki/小谷 美輝",12:30,12:30,False,1.0,373,,
02N,2982,2,07,631426010000,2026090711,1000,N,443,1,,72.916,1000,1,Q10-A-24,日野,未,2026-09-10T10:51:41Z,"Kotani, Miki/小谷 美輝",11:06,11:06,True,1.0,373,,
02N,8482,W,B7,537224207090,2026091005,1000,N,720,1,,194.1302,515,1,L12-D-8,KVC,未,2026-09-10T10:50:34Z,"Kotani, Miki/小谷 美輝",14:40,14:40,False,1.0,374,,
02N,8482,W,B7,537214206090,2026090805,1000,N,719,1,,194.1301,515,1,L12-C-5,KVC,未,2026-09-10T10:50:30Z,"Kotani, Miki/小谷 美輝",14:40,14:40,False,1.0,374,,
02N,2982,2,07,617426014000,2026091012,1000,N,438,2,,62.19,750,1,Q10-D-23,日野,未,2026-09-10T10:51:36Z,"Kotani, Miki/小谷 美輝",12:05,12:05,False,4.0,374,,
02N,8482,W,B3,581167801100,2026091105,1000,N,700,1,,313.7402,830,1,C15-A-1,KVC,未,2026-09-10T10:50:28Z,"Kotani, Miki/小谷 美輝",06:45,06:45,False,1.0,375,,
02N,8482,W,B7,581167801100,2026091105,1000,N,700,1,,313.7402,830,1,C15-A-1,KVC,未,2026-09-10T10:50:37Z,"Kotani, Miki/小谷 美輝",14:40,14:40,False,1.0,375,,
02N,8482,W,B7,537214206090,2026091105,1000,N,719,1,,194.1301,515,1,L12-C-5,KVC,未,2026-09-10T10:50:32Z,"Kotani, Miki/小谷 美輝",14:40,14:40,False,1.0,375,,
02N,2982,2,07,631426010000,2026091005,1000,N,443,1,,72.916,1000,1,Q10-A-24,日野,未,2026-09-10T10:51:42Z,"Kotani, Miki/小谷 美輝",22:18,22:18,True,1.0,376,,
02N,2982,2,07,631426010000,2026091105,1000,N,443,1,,72.916,1000,1,Q10-A-24,日野,未,2026-09-10T10:51:42Z,"Kotani, Miki/小谷 美輝",22:18,22:18,True,1.0,376,,
02N,2982,2,06,486236006000,2026091105,1000,N,195,1,,72.912,750,1,Q10-A-12,日野,未,2026-09-10T10:51:21Z,"Kotani, Miki/小谷 美輝",22:18,22:18,False,2.0,377,,
02N,2982,2,06,486226006000,2026091105,1000,N,194,1,,72.911,750,1,Q10-A-11,日野,未,2026-09-10T10:51:19Z,"Kotani, Miki/小谷 美輝",22:18,22:18,False,2.0,377,,
02N,2982,2,07,616236014000,2026091105,1000,N,431,1,,72.908,500,1,Q10-B-7,日野,未,2026-09-10T10:51:29Z,"Kotani, Miki/小谷 美輝",22:18,22:18,False,2.0,377,,
02N,2982,2,07,616246010000,2026091105,1000,N,432,1,,72.907,500,1,Q10-B-5,日野,未,2026-09-10T10:51:31Z,"Kotani, Miki/小谷 美輝",22:18,22:18,False,3.0,378,,
02N,2982,2,07,617416014000,2026091105,1000,N,437,1,,62.1901,750,1,Q10-D-25,日野,未,2026-09-10T10:51:34Z,"Kotani, Miki/小谷 美輝",22:18,22:18,False,3.0,378,,
02N,2982,2,07,617426014000,2026091105,1000,N,438,2,,62.19,750,1,Q10-D-23,日野,未,2026-09-10T10:51:36Z,"Kotani, Miki/小谷 美輝",22:18,22:18,False,3.0,378,,
02N,2982,2,07,617426014000,2026091105,1000,N,438,2,,62.19,750,1,Q10-D-23,日野,未,2026-09-10T10:51:36Z,"Kotani, Miki/小谷 美輝",22:18,22:18,False,4.0,379,,
02N,2982,2,07,617766004000,2026091105,1000,N,442,1,,72.9,500,21,Q10-B-A,日野,未,2026-09-10T10:51:40Z,"Kotani, Miki/小谷 美輝",22:18,22:18,False,2.0,379,,
02N,8482,W,B3,581167801100,2026091108,1000,N,700,1,,313.7402,830,1,C15-A-1,KVC,未,2026-09-10T10:50:28Z,"Kotani, Miki/小谷 美輝",14:40,14:40,False,1.0,380,,
02N,8482,W,B7,537224207090,2026082405,1000,N,720,1,,194.1302,515,1,L12-D-8,KVC,未,2026-09-10T10:50:32Z,"Kotani, Miki/小谷 美輝",14:40,14:40,False,1.0,380,,
02N,8482,W,B7,537214206090,2026091108,1000,N,719,1,,194.1301,515,1,L12-C-5,KVC,未,2026-09-10T10:50:32Z,"Kotani, Miki/小谷 美輝",18:46,18:46,False,1.0,380,,
02N,8482,W,B7,537214206090,2026082405,1000,N,719,1,,194.1301,515,1,L12-C-5,KVC,未,2026-09-10T10:50:28Z,"Kotani, Miki/小谷 美輝",14:40,14:40,False,1.0,380,,
02N,2982,2,07,631426010000,2026091205,1000,N,443,1,,72.916,1000,1,Q10-A-24,日野,未,2026-09-10T10:51:43Z,"Kotani, Miki/小谷 美輝",22:18,22:18,True,1.0,381,,
02N,2982,2,07,617426014000,2026090705,1000,N,438,1,,62.19,750,1,Q10-D-23,日野,未,2026-09-10T10:51:35Z,"Kotani, Miki/小谷 美輝",22:18,22:18,False,4.0,381,,
02N,2982,2,07,617426014000,2026091005,1000,N,438,2,,62.19,750,1,Q10-D-23,日野,未,2026-09-10T10:51:36Z,"Kotani, Miki/小谷 美輝",22:18,22:18,False,4.0,381,,
02N,2982,2,06,486246006000,2026091205,1000,N,196,1,,72.913,750,1,Q10-A-13,日野,未,2026-09-10T10:51:23Z,"Kotani, Miki/小谷 美輝",22:18,22:18,False,2.0,382,,
02N,2982,2,06,486236006000,2026091205,1000,N,195,1,,72.912,750,1,Q10-A-12,日野,未,2026-09-10T10:51:21Z,"Kotani, Miki/小谷 美輝",22:18,22:18,False,2.0,382,,
02N,2982,2,06,486226006000,2026091205,1000,N,194,1,,72.911,750,1,Q10-A-11,日野,未,2026-09-10T10:51:19Z,"Kotani, Miki/小谷 美輝",22:18,22:18,False,2.0,382,,
02N,8482,W,B7,537214206090,2026090809,1000,N,719,1,,194.1301,515,1,L12-C-5,KVC,未,2026-09-10T10:50:30Z,"Kotani, Miki/小谷 美輝",22:41,22:41,False,1.0,383,,
02N,2982,2,06,486216006000,2026091205,1000,N,193,1,,72.91,750,1,Q10-A-10,日野,未,2026-09-10T10:51:17Z,"Kotani, Miki/小谷 美輝",22:18,22:18,False,3.0,383,,
02N,2982,2,07,616236014000,2026091205,1000,N,431,1,,72.908,500,1,Q10-B-7,日野,未,2026-09-10T10:51:29Z,"Kotani, Miki/小谷 美輝",22:18,22:18,False,3.0,383,,
02N,2982,2,07,616246010000,2026091205,1000,N,432,1,,72.907,500,1,Q10-B-5,日野,未,2026-09-10T10:51:31Z,"Kotani, Miki/小谷 美輝",22:18,22:18,False,3.0,383,,
02N,2982,2,07,631426010000,2026090805,1000,N,443,1,,72.916,1000,1,Q10-A-24,日野,未,2026-09-10T10:51:41Z,"Kotani, Miki/小谷 美輝",22:18,22:18,True,1.0,384,,
02N,2982,2,07,617416014000,2026091205,1000,N,437,1,,62.1901,750,1,Q10-D-25,日野,未,2026-09-10T10:51:34Z,"Kotani, Miki/小谷 美輝",22:18,22:18,False,4.0,384,,
02N,2982,2,07,617426014000,2026091205,1000,N,438,1,,62.19,750,1,Q10-D-23,日野,未,2026-09-10T10:51:37Z,"Kotani, Miki/小谷 美輝",22:18,22:18,False,4.0,384,,
02N,8482,W,B3,581167801100,2026091405,1000,N,700,1,,313.7402,830,1,C15-A-1,KVC,未,2026-09-10T10:50:28Z,"Kotani, Miki/小谷 美輝",06:45,06:45,False,1.0,385,,
02N,8482,W,B7,581167801100,2026091405,1000,N,700,1,,313.7402,830,1,C15-A-1,KVC,未,2026-09-10T10:50:37Z,"Kotani, Miki/小谷 美輝",14:40,14:40,False,1.0,385,,
02N,8482,W,B7,537224207090,2026091405,1000,N,720,1,,194.1302,515,1,L12-D-8,KVC,未,2026-09-10T10:50:34Z,"Kotani, Miki/小谷 美輝",14:40,14:40,False,1.0,385,,
02N,8482,W,B7,581167801100,2026091406,1000,N,700,1,,313.7402,830,1,C15-A-1,KVC,未,2026-09-10T10:50:37Z,"Kotani, Miki/小谷 美輝",14:40,14:40,False,1.0,386,,
02N,8482,W,B7,537224207090,2026082805,1000,N,720,1,,194.1302,515,1,L12-D-8,KVC,未,2026-09-10T10:50:33Z,"Kotani, Miki/小谷 美輝",14:40,14:40,False,2.0,386,,
02N,8482,W,B7,537214206090,2026082805,1000,N,719,1,,194.1301,515,1,L12-C-5,KVC,未,2026-09-10T10:50:29Z,"Kotani, Miki/小谷 美輝",14:40,14:40,False,2.0,386,,
02N,8482,W,B7,537214206090,2026091406,1000,N,719,1,,194.1301,515,1,L12-C-5,KVC,未,2026-09-10T10:50:32Z,"Kotani, Miki/小谷 美輝",14:40,14:40,False,1.0,386,,
02N,2982,2,07,616236014000,2026090705,1000,N,431,1,,72.908,500,1,Q10-B-7,日野,未,2026-09-10T10:51:28Z,"Kotani, Miki/小谷 美輝",22:18,22:18,False,3.0,387,,
02N,2982,2,07,616246010000,2026090705,1000,N,432,1,,72.907,500,1,Q10-B-5,日野,未,2026-09-10T10:51:29Z,"Kotani, Miki/小谷 美輝",22:18,22:18,False,3.0,387,,
02N,2982,2,07,617416014000,2026090705,1000,N,437,1,,62.1901,750,1,Q10-D-25,日野,未,2026-09-10T10:51:31Z,"Kotani, Miki/小谷 美輝",22:18,22:18,False,3.0,387,,
02N,1000,K,K5,583114214100,2026090805,829,L,730,1,,313.7401,750,1,C15-A-3,高岡,未,2026-09-10T10:50:58Z,"Kotani, Miki/小谷 美輝",18:46,18:46,False,1.0,388,,
02N,1000,K,K5,581164203000,2026090805,829,L,726,1,,313.74,830,1,C15-B-5,高岡,未,2026-09-10T10:50:57Z,"Kotani, Miki/小谷 美輝",18:46,18:46,False,1.0,388,,
02N,2982,2,07,5831160F1000,2026090705,1000,N,248,1,,72.918,600,5,Q10-B-23,日野,未,2026-09-10T10:51:24Z,"Kotani, Miki/小谷 美輝",22:18,22:18,,,389,35.0,
02N,2982,2,07,5831160F1000,2026090805,1000,N,248,1,,72.918,600,5,Q10-B-23,日野,未,2026-09-10T10:51:24Z,"Kotani, Miki/小谷 美輝",22:18,22:18,,,389,35.0,
02N,2982,2,07,5831160F1000,2026090905,1000,N,248,1,,72.918,600,5,Q10-B-23,日野,未,2026-09-10T10:51:25Z,"Kotani, Miki/小谷 美輝",22:18,22:18,,,390,36.0,
02N,2982,2,07,5831160F1000,2026091105,1000,N,248,1,,72.918,600,5,Q10-B-23,日野,未,2026-09-10T10:51:26Z,"Kotani, Miki/小谷 美輝",22:18,22:18,,,390,36.0,
02N,2982,2,07,5831160F4000,2026090705,1000,N,250,1,,72.917,600,5,Q10-A-27,日野,未,2026-09-10T10:51:26Z,"Kotani, Miki/小谷 美輝",22:18,22:18,,,391,37.0,
02N,2982,2,07,5831160F4000,2026090805,1000,N,250,1,,72.917,600,5,Q10-A-27,日野,未,2026-09-10T10:51:27Z,"Kotani, Miki/小谷 美輝",22:18,22:18,,,391,37.0,
02N,7371,4,21,551124202000,2026090705,1000,N,716,1,,16.6501,830,17,Q9-A-5,織機,未,2026-09-10T10:51:10Z,"Kotani, Miki/小谷 美輝",12:30,12:30,,,392,63.0,
02N,7371,4,21,551124202000,2026090805,1000,N,716,1,,16.6501,830,17,Q9-A-5,織機,未,2026-09-10T10:51:10Z,"Kotani, Miki/小谷 美輝",12:30,12:30,,,392,63.0,
02N,7371,4,21,551124202000,2026090905,1000,N,716,1,,16.6501,830,17,Q9-A-5,織機,未,2026-09-10T10:51:10Z,"Kotani, Miki/小谷 美輝",12:30,12:30,,,393,64.0,
02N,7371,4,21,551124202000,2026091105,1000,N,716,1,,16.6501,830,17,Q9-A-5,織機,未,2026-09-10T10:51:11Z,"Kotani, Miki/小谷 美輝",12:30,12:30,,,393,64.0,
02N,7371,4,61,551124202000,2026090805,1000,N,716,1,,16.6501,830,17,Q9-A-5,織機,未,2026-09-10T10:51:14Z,"Kotani, Miki/小谷 美輝",12:30,12:30,,,394,65.0,
02N,7371,4,61,551124202000,2026090905,1000,N,716,1,,16.6501,830,17,Q9-A-5,織機,未,2026-09-10T10:51:14Z,"Kotani, Miki/小谷 美輝",12:30,12:30,,,394,65.0,
02N,7371,4,61,551124202000,2026091005,1000,N,716,1,,16.6501,830,17,Q9-A-5,織機,未,2026-09-10T10:51:14Z,"Kotani, Miki/小谷 美輝",12:30,12:30,,,395,66.0,
02N,7371,4,21,551124201000,2026090705,1000,N,715,1,,16.65,830,17,Q9-A-1,織機,未,2026-09-10T10:51:09Z,"Kotani, Miki/小谷 美輝",12:30,12:30,,,395,66.0,
02N,7371,4,21,551124201000,2026090805,1000,N,715,2,,16.65,830,17,Q9-A-1,織機,未,2026-09-10T10:51:09Z,"Kotani, Miki/小谷 美輝",12:30,12:30,,,396,67.0,
02N,7371,4,21,551124201000,2026090805,1000,N,715,2,,16.65,830,17,Q9-A-1,織機,未,2026-09-10T10:51:09Z,"Kotani, Miki/小谷 美輝",12:30,12:30,,,396,67.0,
02N,7371,4,21,551124201000,2026090905,1000,N,715,1,,16.65,830,17,Q9-A-1,織機,未,2026-09-10T10:51:09Z,"Kotani, Miki/小谷 美輝",12:30,12:30,,,397,68.0,
02N,7371,4,21,551124201000,2026091005,1000,N,715,1,,16.65,830,17,Q9-A-1,織機,未,2026-09-10T10:51:09Z,"Kotani, Miki/小谷 美輝",12:30,12:30,,,397,68.0,
02N,7371,4,21,551124201000,2026091105,1000,N,715,1,,16.65,830,17,Q9-A-1,織機,未,2026-09-10T10:51:10Z,"Kotani, Miki/小谷 美輝",12:30,12:30,,,398,69.0,
02N,7371,4,61,551124201000,2026090805,1000,N,715,1,,16.65,830,17,Q9-A-1,織機,未,2026-09-10T10:51:13Z,"Kotani, Miki/小谷 美輝",12:30,12:30,,,398,69.0,
02N,7371,4,61,551124201000,2026090905,1000,N,715,1,,16.65,830,17,Q9-A-1,織機,未,2026-09-10T10:51:13Z,"Kotani, Miki/小谷 美輝",12:30,12:30,,,399,70.0,
02N,8482,W,B7,551124202000,2026082406,1000,N,716,1,,16.6501,830,17,Q9-A-5,TMK,未,2026-09-10T10:50:34Z,"Kotani, Miki/小谷 美輝",14:40,14:40,,,400,75.0,
02N,8482,W,B7,551124202000,2026082505,1000,N,716,1,,16.6501,830,17,Q9-A-5,TMK,未,2026-09-10T10:50:35Z,"Kotani, Miki/小谷 美輝",14:40,14:40,,,400,75.0,
02N,8482,W,B7,551124202000,2026082605,1000,N,716,1,,16.6501,830,17,Q9-A-5,TMK,未,2026-09-10T10:50:35Z,"Kotani, Miki/小谷 美輝",14:40,14:40,,,401,76.0,
02N,8482,W,B7,551124202000,2026082706,1000,N,716,1,,16.6501,830,17,Q9-A-5,TMK,未,2026-09-10T10:50:35Z,"Kotani, Miki/小谷 美輝",14:40,14:40,,,401,76.0,
02N,8482,W,B7,551124202000,2026082805,1000,N,716,1,,16.6501,830,17,Q9-A-5,TMK,未,2026-09-10T10:50:35Z,"Kotani, Miki/小谷 美輝",14:40,14:40,,,402,77.0,
02N,8482,W,B7,551124202000,2026083105,1000,N,716,1,,16.6501,830,17,Q9-A-5,TMK,未,2026-09-10T10:50:35Z,"Kotani, Miki/小谷 美輝",14:40,14:40,,,402,77.0,
02N,1000,K,K5,551124202000,2026083105,829,L,716,1,,16.6501,830,17,Q9-A-5,高岡,未,2026-09-10T10:50:55Z,"Kotani, Miki/小谷 美輝",18:46,18:46,,,403,105.0,
02N,1000,K,K5,551124202000,2026090205,829,L,716,1,,16.6501,830,17,Q9-A-5,高岡,未,2026-09-10T10:50:55Z,"Kotani, Miki/小谷 美輝",18:46,18:46,,,403,105.0,
02N,1000,K,K5,551124202000,2026090305,829,L,716,1,,16.6501,830,17,Q9-A-5,高岡,未,2026-09-10T10:50:55Z,"Kotani, Miki/小谷 美輝",18:46,18:46,,,404,106.0,
02N,1000,K,K5,551124202000,2026090805,829,L,716,1,,16.6501,830,17,Q9-A-5,高岡,未,2026-09-10T10:50:56Z,"Kotani, Miki/小谷 美輝",18:46,18:46,,,404,106.0,
02N,1000,K,K5,551124202000,2026091005,829,L,716,1,,16.6501,830,17,Q9-A-5,高岡,未,2026-09-10T10:50:56Z,"Kotani, Miki/小谷 美輝",18:46,18:46,,,405,107.0,
02N,1000,K,K5,551124201000,2026083105,829,L,715,1,,16.65,830,17,Q9-A-1,高岡,未,2026-09-10T10:50:53Z,"Kotani, Miki/小谷 美輝",18:46,18:46,,,405,107.0,
02N,1000,K,K5,551124201000,2026090105,829,L,715,2,,16.65,830,17,Q9-A-1,高岡,未,2026-09-10T10:50:53Z,"Kotani, Miki/小谷 美輝",18:46,18:46,,,406,108.0,
02N,1000,K,K5,551124201000,2026090105,829,L,715,2,,16.65,830,17,Q9-A-1,高岡,未,2026-09-10T10:50:53Z,"Kotani, Miki/小谷 美輝",18:46,18:46,,,406,108.0,
02N,1000,K,K5,551124201000,2026090205,829,L,715,2,,16.65,830,17,Q9-A-1,高岡,未,2026-09-10T10:50:53Z,"Kotani, Miki/小谷 美輝",18:46,18:46,,,407,109.0,
02N,1000,K,K5,551124201000,2026090205,829,L,715,2,,16.65,830,17,Q9-A-1,高岡,未,2026-09-10T10:50:53Z,"Kotani, Miki/小谷 美輝",18:46,18:46,,,407,109.0,
02N,1000,K,K5,551124201000,2026090305,829,L,715,2,,16.65,830,17,Q9-A-1,高岡,未,2026-09-10T10:50:53Z,"Kotani, Miki/小谷 美輝",18:46,18:46,,,408,110.0,
02N,1000,K,K5,551124201000,2026090305,829,L,715,2,,16.65,830,17,Q9-A-1,高岡,未,2026-09-10T10:50:53Z,"Kotani, Miki/小谷 美輝",18:46,18:46,,,408,110.0,
02N,1000,K,K5,551124201000,2026090405,829,L,715,2,,16.65,830,17,Q9-A-1,高岡,未,2026-09-10T10:50:54Z,"Kotani, Miki/小谷 美輝",18:46,18:46,,,409,111.0,
02N,1000,K,K5,551124201000,2026090405,829,L,715,2,,16.65,830,17,Q9-A-1,高岡,未,2026-09-10T10:50:54Z,"Kotani, Miki/小谷 美輝",18:46,18:46,,,409,111.0,
02N,1000,K,K5,551124201000,2026090705,829,L,715,2,,16.65,830,17,Q9-A-1,高岡,未,2026-09-10T10:50:54Z,"Kotani, Miki/小谷 美輝",18:46,18:46,,,410,112.0,
02N,1000,K,K5,551124201000,2026090705,829,L,715,2,,16.65,830,17,Q9-A-1,高岡,未,2026-09-10T10:50:54Z,"Kotani, Miki/小谷 美輝",18:46,18:46,,,410,112.0,
02N,1000,K,K5,551124201000,2026090805,829,L,715,1,,16.65,830,17,Q9-A-1,高岡,未,2026-09-10T10:50:54Z,"Kotani, Miki/小谷 美輝",18:46,18:46,,,411,113.0,
02N,1000,K,K5,551124201000,2026090905,829,L,715,2,,16.65,830,17,Q9-A-1,高岡,未,2026-09-10T10:50:54Z,"Kotani, Miki/小谷 美輝",18:46,18:46,,,411,113.0,
02N,1000,K,K5,551124201000,2026090905,829,L,715,2,,16.65,830,17,Q9-A-1,高岡,未,2026-09-10T10:50:54Z,"Kotani, Miki/小谷 美輝",18:46,18:46,,,412,114.0,
02N,1000,K,K5,551124201000,2026091005,829,L,715,2,,16.65,830,17,Q9-A-1,高岡,未,2026-09-10T10:50:55Z,"Kotani, Miki/小谷 美輝",18:46,18:46,,,412,114.0,
02N,1000,K,K5,551124201000,2026091005,829,L,715,2,,16.65,830,17,Q9-A-1,高岡,未,2026-09-10T10:50:55Z,"Kotani, Miki/小谷 美輝",18:46,18:46,,,413,115.0,
02N,2982,2,W5,671456020000,2026090805,1000,N,477,1,,72.915,500,21,Q10-A-22,日野,未,2026-09-10T10:51:44Z,"Kotani, Miki/小谷 美輝",22:18,22:18,False,1.0,414,,
02N,2982,2,W5,671466020000,2026090805,1000,N,478,1,,72.914,500,21,Q10-A-20,日野,未,2026-09-10T10:51:46Z,"Kotani, Miki/小谷 美輝",22:18,22:18,False,1.0,414,,
02N,2982,2,07,617756002000,2026091205,1000,N,439,1,,72.906,500,21,Q10-B-3,日野,未,2026-09-10T10:51:38Z,"Kotani, Miki/小谷 美輝",22:18,22:18,False,1.0,414,,
02N,2982,2,07,617766003000,2026091205,1000,N,440,1,,72.905,500,21,Q10-B-1,日野,未,2026-09-10T10:51:40Z,"Kotani, Miki/小谷 美輝",22:18,22:18,False,1.0,414,,
02N,2982,2,W5,671456020000,2026090905,1000,N,477,1,,72.915,500,21,Q10-A-22,日野,未,2026-09-10T10:51:44Z,"Kotani, Miki/小谷 美輝",22:18,22:18,False,1.0,415,,
02N,2982,2,W5,671466020000,2026090905,1000,N,478,1,,72.914,500,21,Q10-A-20,日野,未,2026-09-10T10:51:46Z,"Kotani, Miki/小谷 美輝",22:18,22:18,False,1.0,415,,
02N,2982,2,07,617766003000,2026090905,1000,N,440,1,,72.905,500,21,Q10-B-1,日野,未,2026-09-10T10:51:39Z,"Kotani, Miki/小谷 美輝",22:18,22:18,False,1.0,415,,
02N,2982,2,07,617766004000,2026090905,1000,N,442,1,,72.9,500,21,Q10-B-A,日野,未,2026-09-10T10:51:40Z,"Kotani, Miki/小谷 美輝",22:18,22:18,False,1.0,415,,
02N,2982,2,W5,671456020000,2026091105,1000,N,477,1,,72.915,500,21,Q10-A-22,日野,未,2026-09-10T10:51:45Z,"Kotani, Miki/小谷 美輝",22:18,22:18,False,1.0,416,,
02N,2982,2,W5,671466020000,2026091105,1000,N,478,1,,72.914,500,21,Q10-A-20,日野,未,2026-09-10T10:51:46Z,"Kotani, Miki/小谷 美輝",22:18,22:18,False,1.0,416,,
02N,2982,2,07,617766003000,2026091105,1000,N,440,1,,72.905,500,21,Q10-B-1,日野,未,2026-09-10T10:51:40Z,"Kotani, Miki/小谷 美輝",22:18,22:18,False,1.0,416,,
02N,2982,2,07,617756003000,2026091105,1000,N,441,1,,72.901,500,21,Q10-B-B,日野,未,2026-09-10T10:51:39Z,"Kotani, Miki/小谷 美輝",22:18,22:18,False,1.0,416,,
02N,2982,2,W5,671456020000,2026090705,1000,N,477,1,,72.915,500,21,Q10-A-22,日野,未,2026-09-10T10:51:43Z,"Kotani, Miki/小谷 美輝",22:18,22:18,False,1.0,417,,
02N,2982,2,W5,671466020000,2026090705,1000,N,478,1,,72.914,500,21,Q10-A-20,日野,未,2026-09-10T10:51:45Z,"Kotani, Miki/小谷 美輝",22:18,22:18,False,1.0,417,,
02N,8482,W,B3,581167801100,2026082106,1000,N,700,1,,313.7402,830,1,C15-A-1,KVC,未,2026-09-10T10:50:22Z,"Kotani, Miki/小谷 美輝",10:51,10:51,False,1.0,418,,
02N,8482,W,B7,581167801100,2026082106,1000,N,700,1,,313.7402,830,1,C15-A-1,KVC,未,2026-09-10T10:50:35Z,"Kotani, Miki/小谷 美輝",14:40,14:40,False,1.0,418,,
02N,8482,W,B7,537224207090,2026082106,1000,N,720,1,,194.1302,515,1,L12-D-8,KVC,未,2026-09-10T10:50:32Z,"Kotani, Miki/小谷 美輝",14:40,14:40,False,1.0,418,,
02N,8482,W,B3,581167801100,2026082506,1000,N,700,1,,313.7402,830,1,C15-A-1,KVC,未,2026-09-10T10:50:22Z,"Kotani, Miki/小谷 美輝",10:51,10:51,False,1.0,419,,
02N,8482,W,B7,581167801100,2026082506,1000,N,700,1,,313.7402,830,1,C15-A-1,KVC,未,2026-09-10T10:50:35Z,"Kotani, Miki/小谷 美輝",14:40,14:40,False,1.0,419,,
02N,8482,W,B7,537224207090,2026082506,1000,N,720,1,,194.1302,515,1,L12-D-8,KVC,未,2026-09-10T10:50:33Z,"Kotani, Miki/小谷 美輝",14:40,14:40,False,1.0,419,,
02N,8482,W,B3,581167801100,2026082606,1000,N,700,1,,313.7402,830,1,C15-A-1,KVC,未,2026-09-10T10:50:23Z,"Kotani, Miki/小谷 美輝",10:51,10:51,False,1.0,420,,
02N,8482,W,B7,581167801100,2026082606,1000,N,700,1,,313.7402,830,1,C15-A-1,KVC,未,2026-09-10T10:50:36Z,"Kotani, Miki/小谷 美輝",14:40,14:40,False,1.0,420,,
02N,8482,W,B7,537224207090,2026082606,1000,N,720,1,,194.1302,515,1,L12-D-8,KVC,未,2026-09-10T10:50:33Z,"Kotani, Miki/小谷 美輝",14:40,14:40,False,1.0,420,,
02N,8482,W,B7,582114202000,2026082706,1000,N,728,1,,346.5,550,1,C12-B-6,KVC,未,2026-09-10T10:50:38Z,"Kotani, Miki/小谷 美輝",14:40,14:40,False,1.0,421,,
02N,8482,W,B3,581167801100,2026082706,1000,N,700,1,,313.7402,830,1,C15-A-1,KVC,未,2026-09-10T10:50:23Z,"Kotani, Miki/小谷 美輝",10:51,10:51,False,1.0,421,,
02N,8482,W,B7,581167801100,2026082706,1000,N,700,1,,313.7402,830,1,C15-A-1,KVC,未,2026-09-10T10:50:36Z,"Kotani, Miki/小谷 美輝",14:40,14:40,False,1.0,421,,
02N,8482,W,B3,581167801100,2026082806,1000,N,700,1,,313.7402,830,1,C15-A-1,KVC,未,2026-09-10T10:50:27Z,"Kotani, Miki/小谷 美輝",10:51,10:51,False,1.0,422,,
02N,8482,W,B7,581167801100,2026082806,1000,N,700,1,,313.7402,830,1,C15-A-1,KVC,未,2026-09-10T10:50:36Z,"Kotani, Miki/小谷 美輝",14:40,14:40,False,1.0,422,,
02N,8482,W,B7,537224207090,2026082806,1000,N,720,1,,194.1302,515,1,L12-D-8,KVC,未,2026-09-10T10:50:33Z,"Kotani, Miki/小谷 美輝",14:40,14:40,False,1.0,422,,
02N,8482,W,B3,581167801100,2026083106,1000,N,700,1,,313.7402,830,1,C15-A-1,KVC,未,2026-09-10T10:50:27Z,"Kotani, Miki/小谷 美輝",10:51,10:51,False,1.0,423,,
02N,8482,W,B7,581167801100,2026083106,1000,N,700,1,,313.7402,830,1,C15-A-1,KVC,未,2026-09-10T10:50:36Z,"Kotani, Miki/小谷 美輝",14:40,14:40,False,1.0,423,,
02N,8482,W,B7,537224207090,2026083106,1000,N,720,1,,194.1302,515,1,L12-D-8,KVC,未,2026-09-10T10:50:33Z,"Kotani, Miki/小谷 美輝",14:40,14:40,False,1.0,423,,
02N,2982,2,06,486246006000,2026090706,1000,N,196,1,,72.913,750,1,Q10-A-13,日野,未,2026-09-10T10:51:22Z,"Kotani, Miki/小谷 美輝",23:50,23:50,False,2.0,424,,
02N,2982,2,06,486236006000,2026090706,1000,N,195,1,,72.912,750,1,Q10-A-12,日野,未,2026-09-10T10:51:19Z,"Kotani, Miki/小谷 美輝",23:50,23:50,False,2.0,424,,
02N,2982,2,06,486226006000,2026090706,1000,N,194,1,,72.911,750,1,Q10-A-11,日野,未,2026-09-10T10:51:18Z,"Kotani, Miki/小谷 美輝",23:50,23:50,False,2.0,424,,
02N,2982,2,06,486216006000,2026090706,1000,N,193,1,,72.91,750,1,Q10-A-10,日野,未,2026-09-10T10:51:16Z,"Kotani, Miki/小谷 美輝",23:50,23:50,False,3.0,425,,
02N,2982,2,07,616236014000,2026090706,1000,N,431,1,,72.908,500,1,Q10-B-7,日野,未,2026-09-10T10:51:28Z,"Kotani, Miki/小谷 美輝",23:50,23:50,False,3.0,425,,
02N,2982,2,07,616246010000,2026090706,1000,N,432,1,,72.907,500,1,Q10-B-5,日野,未,2026-09-10T10:51:29Z,"Kotani, Miki/小谷 美輝",23:50,23:50,False,3.0,425,,
02N,2982,2,07,617766003000,2026090706,1000,N,440,1,,72.905,500,21,Q10-B-1,日野,未,2026-09-10T10:51:39Z,"Kotani, Miki/小谷 美輝",23:50,23:50,False,2.0,425,,
02N,2982,2,07,617416014000,2026090706,1000,N,437,1,,62.1901,750,1,Q10-D-25,日野,未,2026-09-10T10:51:31Z,"Kotani, Miki/小谷 美輝",23:50,23:50,False,4.0,426,,
02N,2982,2,07,617426014000,2026090706,1000,N,438,2,,62.19,750,1,Q10-D-23,日野,未,2026-09-10T10:51:35Z,"Kotani, Miki/小谷 美輝",23:50,23:50,False,4.0,426,,
02N,2982,2,07,617426014000,2026090706,1000,N,438,2,,62.19,750,1,Q10-D-23,日野,未,2026-09-10T10:51:35Z,"Kotani, Miki/小谷 美輝",23:50,23:50,False,4.0,426,,
02N,7371,4,28,583114214100,2026090706,1000,N,730,2,,313.7401,750,1,C15-A-3,織機,未,2026-09-10T10:51:11Z,"Kotani, Miki/小谷 美輝",16:00,16:00,False,1.0,427,,
02N,7371,4,28,583114214100,2026090706,1000,N,730,2,,313.7401,750,1,C15-A-3,織機,未,2026-09-10T10:51:11Z,"Kotani, Miki/小谷 美輝",16:00,16:00,False,1.0,427,,
02N,7371,4,61,583114214100,2026090706,1000,N,730,1,,313.7401,750,1,C15-A-3,織機,未,2026-09-10T10:51:14Z,"Kotani, Miki/小谷 美輝",16:00,16:00,False,1.0,427,,
02N,8482,W,B7,582114202000,2026090806,1000,N,728,1,,346.5,550,1,C12-B-6,KVC,未,2026-09-10T10:50:38Z,"Kotani, Miki/小谷 美輝",14:40,14:40,False,1.0,428,,
02N,8482,W,B7,581167801100,2026090806,1000,N,700,1,,313.7402,830,1,C15-A-1,KVC,未,2026-09-10T10:50:36Z,"Kotani, Miki/小谷 美輝",14:40,14:40,False,1.0,428,,
02N,8482,W,B7,537224207090,2026090806,1000,N,720,1,,194.1302,515,1,L12-D-8,KVC,未,2026-09-10T10:50:34Z,"Kotani, Miki/小谷 美輝",14:40,14:40,False,1.0,428,,
02N,8482,W,B7,537214206090,2026082106,1000,N,719,1,,194.1301,515,1,L12-C-5,KVC,未,2026-09-10T10:50:28Z,"Kotani, Miki/小谷 美輝",14:40,14:40,False,2.0,428,,
02N,2982,2,06,486236006000,2026090806,1000,N,195,1,,72.912,750,1,Q10-A-12,日野,未,2026-09-10T10:51:20Z,"Kotani, Miki/小谷 美輝",23:50,23:50,False,2.0,429,,
02N,2982,2,06,486226006000,2026090806,1000,N,194,1,,72.911,750,1,Q10-A-11,日野,未,2026-09-10T10:51:18Z,"Kotani, Miki/小谷 美輝",23:50,23:50,False,2.0,429,,
02N,2982,2,06,486216006000,2026090806,1000,N,193,1,,72.91,750,1,Q10-A-10,日野,未,2026-09-10T10:51:16Z,"Kotani, Miki/小谷 美輝",23:50,23:50,False,2.0,429,,
02N,2982,2,07,616236014000,2026090806,1000,N,431,1,,72.908,500,1,Q10-B-7,日野,未,2026-09-10T10:51:28Z,"Kotani, Miki/小谷 美輝",23:50,23:50,False,3.0,430,,
02N,2982,2,07,616246010000,2026090806,1000,N,432,1,,72.907,500,1,Q10-B-5,日野,未,2026-09-10T10:51:29Z,"Kotani, Miki/小谷 美輝",23:50,23:50,False,3.0,430,,
02N,2982,2,07,617416014000,2026090806,1000,N,437,1,,62.1901,750,1,Q10-D-25,日野,未,2026-09-10T10:51:31Z,"Kotani, Miki/小谷 美輝",23:50,23:50,False,3.0,430,,
02N,2982,2,07,617766004000,2026090806,1000,N,442,1,,72.9,500,21,Q10-B-A,日野,未,2026-09-10T10:51:40Z,"Kotani, Miki/小谷 美輝",23:50,23:50,False,2.0,430,,
02N,7371,4,28,583114214100,2026090806,1000,N,730,2,,313.7401,750,1,C15-A-3,織機,未,2026-09-10T10:51:12Z,"Kotani, Miki/小谷 美輝",16:00,16:00,False,1.0,431,,
02N,7371,4,28,583114214100,2026090806,1000,N,730,2,,313.7401,750,1,C15-A-3,織機,未,2026-09-10T10:51:12Z,"Kotani, Miki/小谷 美輝",16:00,16:00,False,1.0,431,,
02N,2982,2,07,631426010000,2026090713,1000,N,443,1,,72.916,1000,1,Q10-A-24,日野,未,2026-09-10T10:51:41Z,"Kotani, Miki/小谷 美輝",13:21,13:21,True,1.0,431,,
02N,2982,2,06,486246006000,2026090906,1000,N,196,1,,72.913,750,1,Q10-A-13,日野,未,2026-09-10T10:51:22Z,"Kotani, Miki/小谷 美輝",23:50,23:50,False,1.0,432,,
02N,2982,2,06,486226006000,2026090906,1000,N,194,1,,72.911,750,1,Q10-A-11,日野,未,2026-09-10T10:51:18Z,"Kotani, Miki/小谷 美輝",23:50,23:50,False,1.0,432,,
02N,2982,2,07,616236014000,2026090906,1000,N,431,1,,72.908,500,1,Q10-B-7,日野,未,2026-09-10T10:51:28Z,"Kotani, Miki/小谷 美輝",23:50,23:50,False,1.0,432,,
02N,2982,2,07,616246010000,2026090906,1000,N,432,1,,72.907,500,1,Q10-B-5,日野,未,2026-09-10T10:51:30Z,"Kotani, Miki/小谷 美輝",23:50,23:50,False,2.0,433,,
02N,2982,2,07,617416014000,2026090906,1000,N,437,1,,62.1901,750,1,Q10-D-25,日野,未,2026-09-10T10:51:32Z,"Kotani, Miki/小谷 美輝",23:50,23:50,False,2.0,433,,
02N,2982,2,07,617426014000,2026090906,1000,N,438,2,,62.19,750,1,Q10-D-23,日野,未,2026-09-10T10:51:35Z,"Kotani, Miki/小谷 美輝",23:50,23:50,False,2.0,433,,
02N,2982,2,07,617426014000,2026090806,1000,N,438,1,,62.19,750,1,Q10-D-23,日野,未,2026-09-10T10:51:35Z,"Kotani, Miki/小谷 美輝",23:50,23:50,False,4.0,434,,
02N,2982,2,07,617426014000,2026091106,1000,N,438,1,,62.19,750,1,Q10-D-23,日野,未,2026-09-10T10:51:36Z,"Kotani, Miki/小谷 美輝",23:50,23:50,False,3.0,434,,
02N,2982,2,07,617426014000,2026090906,1000,N,438,2,,62.19,750,1,Q10-D-23,日野,未,2026-09-10T10:51:35Z,"Kotani, Miki/小谷 美輝",23:50,23:50,False,3.0,434,,
02N,8482,W,B3,581167801100,2026091006,1000,N,700,1,,313.7402,830,1,C15-A-1,KVC,未,2026-09-10T10:50:27Z,"Kotani, Miki/小谷 美輝",10:51,10:51,False,1.0,435,,
02N,8482,W,B7,581167801100,2026091006,1000,N,700,1,,313.7402,830,1,C15-A-1,KVC,未,2026-09-10T10:50:37Z,"Kotani, Miki/小谷 美輝",14:40,14:40,False,1.0,435,,
02N,8482,W,B7,537214206090,2026091006,1000,N,719,1,,194.1301,515,1,L12-C-5,KVC,未,2026-09-10T10:50:32Z,"Kotani, Miki/小谷 美輝",14:40,14:40,False,1.0,435,,
02N,2982,2,06,486246006000,2026091006,1000,N,196,1,,72.913,750,1,Q10-A-13,日野,未,2026-09-10T10:51:23Z,"Kotani, Miki/小谷 美輝",23:50,23:50,False,1.0,436,,
02N,2982,2,06,486226006000,2026091006,1000,N,194,1,,72.911,750,1,Q10-A-11,日野,未,2026-09-10T10:51:19Z,"Kotani, Miki/小谷 美輝",23:50,23:50,False,1.0,436,,
02N,2982,2,06,486216006000,2026091006,1000,N,193,1,,72.91,750,1,Q10-A-10,日野,未,2026-09-10T10:51:17Z,"Kotani, Miki/小谷 美輝",23:50,23:50,False,1.0,436,,
02N,2982,2,07,616236014000,2026091006,1000,N,431,1,,72.908,500,1,Q10-B-7,日野,未,2026-09-10T10:51:29Z,"Kotani, Miki/小谷 美輝",23:50,23:50,False,2.0,437,,
02N,2982,2,07,616246010000,2026091006,1000,N,432,1,,72.907,500,1,Q10-B-5,日野,未,2026-09-10T10:51:30Z,"Kotani, Miki/小谷 美輝",23:50,23:50,False,2.0,437,,
02N,2982,2,07,617416014000,2026091006,1000,N,437,2,,62.1901,750,1,Q10-D-25,日野,未,2026-09-10T10:51:32Z,"Kotani, Miki/小谷 美輝",23:50,23:50,False,2.0,437,,
02N,2982,2,07,617766004000,2026091006,1000,N,442,1,,72.9,500,21,Q10-B-A,日野,未,2026-09-10T10:51:40Z,"Kotani, Miki/小谷 美輝",23:50,23:50,False,2.0,437,,
02N,2982,2,07,631426010000,2026091206,1000,N,443,1,,72.916,1000,1,Q10-A-24,日野,未,2026-09-10T10:51:43Z,"Kotani, Miki/小谷 美輝",23:50,23:50,True,1.0,438,,
02N,2982,2,07,617416014000,2026091006,1000,N,437,2,,62.1901,750,1,Q10-D-25,日野,未,2026-09-10T10:51:32Z,"Kotani, Miki/小谷 美輝",23:50,23:50,False,3.0,438,,
02N,2982,2,07,617426014000,2026091006,1000,N,438,1,,62.19,750,1,Q10-D-23,日野,未,2026-09-10T10:51:36Z,"Kotani, Miki/小谷 美輝",23:50,23:50,False,3.0,438,,
02N,7371,4,28,583114214100,2026091006,1000,N,730,2,,313.7401,750,1,C15-A-3,織機,未,2026-09-10T10:51:13Z,"Kotani, Miki/小谷 美輝",16:00,16:00,False,1.0,439,,
02N,7371,4,28,583114214100,2026091006,1000,N,730,2,,313.7401,750,1,C15-A-3,織機,未,2026-09-10T10:51:13Z,"Kotani, Miki/小谷 美輝",16:00,16:00,False,1.0,439,,
02N,7371,4,61,583114214100,2026091006,1000,N,730,1,,313.7401,750,1,C15-A-3,織機,未,2026-09-10T10:51:15Z,"Kotani, Miki/小谷 美輝",16:00,16:00,False,1.0,439,,
02N,2982,2,06,486246006000,2026091106,1000,N,196,1,,72.913,750,1,Q10-A-13,日野,未,2026-09-10T10:51:23Z,"Kotani, Miki/小谷 美輝",23:50,23:50,False,1.0,440,,
02N,2982,2,06,486236006000,2026091106,1000,N,195,1,,72.912,750,1,Q10-A-12,日野,未,2026-09-10T10:51:21Z,"Kotani, Miki/小谷 美輝",23:50,23:50,False,1.0,440,,
02N,2982,2,06,486226006000,2026091106,1000,N,194,1,,72.911,750,1,Q10-A-11,日野,未,2026-09-10T10:51:19Z,"Kotani, Miki/小谷 美輝",23:50,23:50,False,1.0,440,,
02N,2982,2,06,486216006000,2026091106,1000,N,193,1,,72.91,750,1,Q10-A-10,日野,未,2026-09-10T10:51:17Z,"Kotani, Miki/小谷 美輝",23:50,23:50,False,2.0,441,,
02N,2982,2,07,616236014000,2026091106,1000,N,431,1,,72.908,500,1,Q10-B-7,日野,未,2026-09-10T10:51:29Z,"Kotani, Miki/小谷 美輝",23:50,23:50,False,2.0,441,,
02N,2982,2,07,617416014000,2026091106,1000,N,437,1,,62.1901,750,1,Q10-D-25,日野,未,2026-09-10T10:51:34Z,"Kotani, Miki/小谷 美輝",23:50,23:50,False,2.0,441,,
02N,2982,2,06,486246006000,2026091206,1000,N,196,1,,72.913,750,1,Q10-A-13,日野,未,2026-09-10T10:51:23Z,"Kotani, Miki/小谷 美輝",23:50,23:50,False,2.0,442,,
02N,2982,2,06,486236006000,2026091206,1000,N,195,1,,72.912,750,1,Q10-A-12,日野,未,2026-09-10T10:51:21Z,"Kotani, Miki/小谷 美輝",23:50,23:50,False,2.0,442,,
02N,2982,2,06,486226006000,2026091206,1000,N,194,1,,72.911,750,1,Q10-A-11,日野,未,2026-09-10T10:51:19Z,"Kotani, Miki/小谷 美輝",23:50,23:50,False,2.0,442,,
02N,2982,2,06,486216006000,2026091206,1000,N,193,1,,72.91,750,1,Q10-A-10,日野,未,2026-09-10T10:51:17Z,"Kotani, Miki/小谷 美輝",23:50,23:50,False,3.0,443,,
02N,2982,2,07,617416014000,2026091206,1000,N,437,1,,62.1901,750,1,Q10-D-25,日野,未,2026-09-10T10:51:34Z,"Kotani, Miki/小谷 美輝",23:50,23:50,False,3.0,443,,
02N,2982,2,07,617426014000,2026091206,1000,N,438,1,,62.19,750,1,Q10-D-23,日野,未,2026-09-10T10:51:37Z,"Kotani, Miki/小谷 美輝",23:50,23:50,False,3.0,443,,
02N,8482,W,B3,581167801100,2026082406,1000,N,700,1,,313.7402,830,1,C15-A-1,KVC,未,2026-09-10T10:50:22Z,"Kotani, Miki/小谷 美輝",10:51,10:51,False,1.0,444,,
02N,8482,W,B7,581167801100,2026082406,1000,N,700,1,,313.7402,830,1,C15-A-1,KVC,未,2026-09-10T10:50:35Z,"Kotani, Miki/小谷 美輝",14:40,14:40,False,1.0,444,,
02N,8482,W,B7,537214206090,2026082606,1000,N,719,1,,194.1301,515,1,L12-C-5,KVC,未,2026-09-10T10:50:29Z,"Kotani, Miki/小谷 美輝",14:40,14:40,False,2.0,445,,
02N,8482,W,B7,537214206090,2026082806,1000,N,719,1,,194.1301,515,1,L12-C-5,KVC,未,2026-09-10T10:50:29Z,"Kotani, Miki/小谷 美輝",14:40,14:40,False,2.0,446,,
02N,8482,W,B7,537224207090,2026091106,1000,N,720,1,,194.1302,515,1,L12-D-8,KVC,未,2026-09-10T10:50:34Z,"Kotani, Miki/小谷 美輝",14:40,14:40,False,1.0,447,,
02N,2982,2,07,5831160F1000,2026090706,1000,N,248,1,,72.918,600,5,Q10-B-23,日野,未,2026-09-10T10:51:24Z,"Kotani, Miki/小谷 美輝",23:50,23:50,,,448,38.0,
02N,2982,2,07,5831160F1000,2026091006,1000,N,248,1,,72.918,600,5,Q10-B-23,日野,未,2026-09-10T10:51:26Z,"Kotani, Miki/小谷 美輝",23:50,23:50,,,448,38.0,
02N,2982,2,07,5831160F1000,2026091206,1000,N,248,1,,72.918,600,5,Q10-B-23,日野,未,2026-09-10T10:51:26Z,"Kotani, Miki/小谷 美輝",23:50,23:50,,,449,39.0,
02N,2982,2,07,5831160F4000,2026090906,1000,N,250,1,,72.917,600,5,Q10-A-27,日野,未,2026-09-10T10:51:27Z,"Kotani, Miki/小谷 美輝",23:50,23:50,,,449,39.0,
02N,2982,2,07,5831160F4000,2026091006,1000,N,250,1,,72.917,600,5,Q10-A-27,日野,未,2026-09-10T10:51:27Z,"Kotani, Miki/小谷 美輝",23:50,23:50,,,450,40.0,
02N,2982,2,07,5831160F4000,2026091106,1000,N,250,1,,72.917,600,5,Q10-A-27,日野,未,2026-09-10T10:51:27Z,"Kotani, Miki/小谷 美輝",23:50,23:50,,,450,40.0,
02N,2982,2,07,5831160F4000,2026091206,1000,N,250,1,,72.917,600,5,Q10-A-27,日野,未,2026-09-10T10:51:27Z,"Kotani, Miki/小谷 美輝",23:50,23:50,,,451,41.0,
02N,7371,4,21,551124202000,2026090806,1000,N,716,1,,16.6501,830,17,Q9-A-5,織機,未,2026-09-10T10:51:10Z,"Kotani, Miki/小谷 美輝",16:00,16:00,,,452,90.0,
02N,7371,4,21,551124202000,2026091006,1000,N,716,1,,16.6501,830,17,Q9-A-5,織機,未,2026-09-10T10:51:11Z,"Kotani, Miki/小谷 美輝",16:00,16:00,,,452,90.0,
02N,7371,4,21,551124202000,2026091106,1000,N,716,1,,16.6501,830,17,Q9-A-5,織機,未,2026-09-10T10:51:11Z,"Kotani, Miki/小谷 美輝",16:00,16:00,,,453,91.0,
02N,7371,4,21,551124201000,2026090706,1000,N,715,1,,16.65,830,17,Q9-A-1,織機,未,2026-09-10T10:51:09Z,"Kotani, Miki/小谷 美輝",16:00,16:00,,,453,91.0,
02N,7371,4,21,551124201000,2026090806,1000,N,715,1,,16.65,830,17,Q9-A-1,織機,未,2026-09-10T10:51:09Z,"Kotani, Miki/小谷 美輝",16:00,16:00,,,454,92.0,
02N,7371,4,21,551124201000,2026090906,1000,N,715,1,,16.65,830,17,Q9-A-1,織機,未,2026-09-10T10:51:09Z,"Kotani, Miki/小谷 美輝",16:00,16:00,,,454,92.0,
02N,7371,4,21,551124201000,2026091006,1000,N,715,2,,16.65,830,17,Q9-A-1,織機,未,2026-09-10T10:51:09Z,"Kotani, Miki/小谷 美輝",16:00,16:00,,,455,93.0,
02N,7371,4,21,551124201000,2026091006,1000,N,715,2,,16.65,830,17,Q9-A-1,織機,未,2026-09-10T10:51:09Z,"Kotani, Miki/小谷 美輝",16:00,16:00,,,455,93.0,
02N,7371,4,21,551124201000,2026091106,1000,N,715,1,,16.65,830,17,Q9-A-1,織機,未,2026-09-10T10:51:10Z,"Kotani, Miki/小谷 美輝",16:00,16:00,,,456,94.0,
02N,7371,4,61,551124201000,2026090706,1000,N,715,1,,16.65,830,17,Q9-A-1,織機,未,2026-09-10T10:51:13Z,"Kotani, Miki/小谷 美輝",16:00,16:00,,,456,94.0,
02N,7371,4,61,551124201000,2026090906,1000,N,715,1,,16.65,830,17,Q9-A-1,織機,未,2026-09-10T10:51:13Z,"Kotani, Miki/小谷 美輝",16:00,16:00,,,457,95.0,
02N,7371,4,61,551124201000,2026091006,1000,N,715,1,,16.65,830,17,Q9-A-1,織機,未,2026-09-10T10:51:14Z,"Kotani, Miki/小谷 美輝",16:00,16:00,,,457,95.0,
02N,2982,2,W5,671456020000,2026090706,1000,N,477,1,,72.915,500,21,Q10-A-22,日野,未,2026-09-10T10:51:44Z,"Kotani, Miki/小谷 美輝",23:50,23:50,False,1.0,458,,
02N,2982,2,W5,671466020000,2026090706,1000,N,478,1,,72.914,500,21,Q10-A-20,日野,未,2026-09-10T10:51:45Z,"Kotani, Miki/小谷 美輝",23:50,23:50,False,1.0,458,,
02N,2982,2,07,617756002000,2026090706,1000,N,439,2,,72.906,500,21,Q10-B-3,日野,未,2026-09-10T10:51:37Z,"Kotani, Miki/小谷 美輝",23:50,23:50,False,1.0,458,,
02N,2982,2,07,617756002000,2026090706,1000,N,439,2,,72.906,500,21,Q10-B-3,日野,未,2026-09-10T10:51:37Z,"Kotani, Miki/小谷 美輝",23:50,23:50,False,1.0,458,,
02N,2982,2,W5,671456020000,2026090806,1000,N,477,1,,72.915,500,21,Q10-A-22,日野,未,2026-09-10T10:51:44Z,"Kotani, Miki/小谷 美輝",23:50,23:50,False,1.0,459,,
02N,2982,2,07,617756002000,2026090806,1000,N,439,1,,72.906,500,21,Q10-B-3,日野,未,2026-09-10T10:51:37Z,"Kotani, Miki/小谷 美輝",23:50,23:50,False,1.0,459,,
02N,2982,2,07,617766003000,2026090806,1000,N,440,1,,72.905,500,21,Q10-B-1,日野,未,2026-09-10T10:51:39Z,"Kotani, Miki/小谷 美輝",23:50,23:50,False,1.0,459,,
02N,2982,2,07,617756003000,2026090806,1000,N,441,1,,72.901,500,21,Q10-B-B,日野,未,2026-09-10T10:51:38Z,"Kotani, Miki/小谷 美輝",23:50,23:50,False,1.0,459,,
02N,2982,2,W5,671456020000,2026090906,1000,N,477,1,,72.915,500,21,Q10-A-22,日野,未,2026-09-10T10:51:44Z,"Kotani, Miki/小谷 美輝",23:50,23:50,False,1.0,460,,
02N,2982,2,W5,671466020000,2026090906,1000,N,478,1,,72.914,500,21,Q10-A-20,日野,未,2026-09-10T10:51:46Z,"Kotani, Miki/小谷 美輝",23:50,23:50,False,1.0,460,,
02N,2982,2,07,617756002000,2026090906,1000,N,439,1,,72.906,500,21,Q10-B-3,日野,未,2026-09-10T10:51:37Z,"Kotani, Miki/小谷 美輝",23:50,23:50,False,1.0,460,,
02N,2982,2,07,617756003000,2026090906,1000,N,441,1,,72.901,500,21,Q10-B-B,日野,未,2026-09-10T10:51:38Z,"Kotani, Miki/小谷 美輝",23:50,23:50,False,1.0,460,,
02N,2982,2,W5,671456020000,2026091006,1000,N,477,1,,72.915,500,21,Q10-A-22,日野,未,2026-09-10T10:51:45Z,"Kotani, Miki/小谷 美輝",23:50,23:50,False,1.0,461,,
02N,2982,2,W5,671466020000,2026091006,1000,N,478,1,,72.914,500,21,Q10-A-20,日野,未,2026-09-10T10:51:46Z,"Kotani, Miki/小谷 美輝",23:50,23:50,False,1.0,461,,
02N,2982,2,07,617756002000,2026091006,1000,N,439,1,,72.906,500,21,Q10-B-3,日野,未,2026-09-10T10:51:37Z,"Kotani, Miki/小谷 美輝",23:50,23:50,False,1.0,461,,
02N,2982,2,07,617756003000,2026091006,1000,N,441,1,,72.901,500,21,Q10-B-B,日野,未,2026-09-10T10:51:39Z,"Kotani, Miki/小谷 美輝",23:50,23:50,False,1.0,461,,
02N,2982,2,W5,671456020000,2026091206,1000,N,477,1,,72.915,500,21,Q10-A-22,日野,未,2026-09-10T10:51:45Z,"Kotani, Miki/小谷 美輝",23:50,23:50,False,1.0,462,,
02N,2982,2,W5,671466020000,2026091106,1000,N,478,1,,72.914,500,21,Q10-A-20,日野,未,2026-09-10T10:51:46Z,"Kotani, Miki/小谷 美輝",23:50,23:50,False,1.0,462,,
02N,2982,2,W5,671466020000,2026091206,1000,N,478,1,,72.914,500,21,Q10-A-20,日野,未,2026-09-10T10:51:46Z,"Kotani, Miki/小谷 美輝",23:50,23:50,False,1.0,462,,
02N,2982,2,07,617756002000,2026091106,1000,N,439,1,,72.906,500,21,Q10-B-3,日野,未,2026-09-10T10:51:38Z,"Kotani, Miki/小谷 美輝",23:50,23:50,False,1.0,462,,
02N,8482,W,B3,581167801100,2026082707,1000,N,700,1,,313.7402,830,1,C15-A-1,KVC,未,2026-09-10T10:50:23Z,"Kotani, Miki/小谷 美輝",14:40,14:40,False,1.0,463,,
02N,8482,W,B3,581167801100,2026083107,1000,N,700,1,,313.7402,830,1,C15-A-1,KVC,未,2026-09-10T10:50:27Z,"Kotani, Miki/小谷 美輝",14:40,14:40,False,1.0,464,,
02N,2982,2,07,616236014000,2026090707,1000,N,431,1,,72.908,500,1,Q10-B-7,日野,未,2026-09-10T10:51:28Z,"Kotani, Miki/小谷 美輝",01:22,01:22,False,1.0,465,,
02N,2982,2,07,617416014000,2026090707,1000,N,437,1,,62.1901,750,1,Q10-D-25,日野,未,2026-09-10T10:51:31Z,"Kotani, Miki/小谷 美輝",01:22,01:22,False,1.0,465,,
02N,2982,2,W5,671456020000,2026090707,1000,N,477,1,,72.915,500,21,Q10-A-22,日野,未,2026-09-10T10:51:44Z,"Kotani, Miki/小谷 美輝",01:22,01:22,False,1.0,465,,
02N,2982,2,W5,671466020000,2026090707,1000,N,478,1,,72.914,500,21,Q10-A-20,日野,未,2026-09-10T10:51:45Z,"Kotani, Miki/小谷 美輝",01:22,01:22,False,1.0,465,,
02N,2982,2,06,486246006000,2026090807,1000,N,196,1,,72.913,750,1,Q10-A-13,日野,未,2026-09-10T10:51:22Z,"Kotani, Miki/小谷 美輝",01:22,01:22,False,1.0,466,,
02N,2982,2,07,617426014000,2026091107,1000,N,438,1,,62.19,750,1,Q10-D-23,日野,未,2026-09-10T10:51:36Z,"Kotani, Miki/小谷 美輝",01:22,01:22,False,4.0,466,,
02N,2982,2,07,617426014000,2026090807,1000,N,438,1,,62.19,750,1,Q10-D-23,日野,未,2026-09-10T10:51:35Z,"Kotani, Miki/小谷 美輝",01:22,01:22,False,1.0,466,,
02N,7371,4,28,583114214100,2026090807,1000,N,730,2,,313.7401,750,1,C15-A-3,織機,未,2026-09-10T10:51:12Z,"Kotani, Miki/小谷 美輝",18:15,18:15,False,1.0,467,,
02N,7371,4,28,583114214100,2026090807,1000,N,730,2,,313.7401,750,1,C15-A-3,織機,未,2026-09-10T10:51:12Z,"Kotani, Miki/小谷 美輝",18:15,18:15,False,1.0,467,,
02N,7371,4,61,583114214100,2026090807,1000,N,730,1,,313.7401,750,1,C15-A-3,織機,未,2026-09-10T10:51:15Z,"Kotani, Miki/小谷 美輝",18:15,18:15,False,1.0,467,,
02N,8482,W,B7,581167801100,2026090907,1000,N,700,1,,313.7402,830,1,C15-A-1,KVC,未,2026-09-10T10:50:37Z,"Kotani, Miki/小谷 美輝",18:46,18:46,False,1.0,468,,
02N,8482,W,B7,537224207090,2026090907,1000,N,720,1,,194.1302,515,1,L12-D-8,KVC,未,2026-09-10T10:50:34Z,"Kotani, Miki/小谷 美輝",18:46,18:46,False,1.0,468,,
02N,2982,2,06,486236006000,2026090907,1000,N,195,1,,72.912,750,1,Q10-A-12,日野,未,2026-09-10T10:51:21Z,"Kotani, Miki/小谷 美輝",01:22,01:22,False,1.0,469,,
02N,2982,2,06,486226006000,2026090907,1000,N,194,1,,72.911,750,1,Q10-A-11,日野,未,2026-09-10T10:51:18Z,"Kotani, Miki/小谷 美輝",01:22,01:22,False,1.0,469,,
02N,2982,2,06,486216006000,2026090907,1000,N,193,1,,72.91,750,1,Q10-A-10,日野,未,2026-09-10T10:51:17Z,"Kotani, Miki/小谷 美輝",01:22,01:22,False,1.0,469,,
02N,7371,4,28,583114214100,2026090907,1000,N,730,2,,313.7401,750,1,C15-A-3,織機,未,2026-09-10T10:51:12Z,"Kotani, Miki/小谷 美輝",18:15,18:15,False,1.0,470,,
02N,7371,4,28,583114214100,2026090907,1000,N,730,2,,313.7401,750,1,C15-A-3,織機,未,2026-09-10T10:51:12Z,"Kotani, Miki/小谷 美輝",18:15,18:15,False,1.0,470,,
02N,7371,4,61,583114214100,2026090907,1000,N,730,1,,313.7401,750,1,C15-A-3,織機,未,2026-09-10T10:51:15Z,"Kotani, Miki/小谷 美輝",18:15,18:15,False,1.0,470,,
02N,8482,W,B3,581167801100,2026091007,1000,N,700,1,,313.7402,830,1,C15-A-1,KVC,未,2026-09-10T10:50:28Z,"Kotani, Miki/小谷 美輝",14:40,14:40,False,1.0,471,,
02N,8482,W,B7,537224207090,2026091007,1000,N,720,1,,194.1302,515,1,L12-D-8,KVC,未,2026-09-10T10:50:34Z,"Kotani, Miki/小谷 美輝",18:46,18:46,False,1.0,471,,
02N,2982,2,06,486246006000,2026091007,1000,N,196,1,,72.913,750,1,Q10-A-13,日野,未,2026-09-10T10:51:23Z,"Kotani, Miki/小谷 美輝",01:22,01:22,False,2.0,472,,
02N,2982,2,06,486236006000,2026091007,1000,N,195,1,,72.912,750,1,Q10-A-12,日野,未,2026-09-10T10:51:21Z,"Kotani, Miki/小谷 美輝",01:22,01:22,False,2.0,472,,
02N,2982,2,06,486226006000,2026091007,1000,N,194,1,,72.911,750,1,Q10-A-11,日野,未,2026-09-10T10:51:19Z,"Kotani, Miki/小谷 美輝",01:22,01:22,False,2.0,472,,
02N,2982,2,07,616246010000,2026091007,1000,N,432,1,,72.907,500,1,Q10-B-5,日野,未,2026-09-10T10:51:30Z,"Kotani, Miki/小谷 美輝",01:22,01:22,False,3.0,473,,
02N,2982,2,07,617426014000,2026091007,1000,N,438,1,,62.19,750,1,Q10-D-23,日野,未,2026-09-10T10:51:36Z,"Kotani, Miki/小谷 美輝",01:22,01:22,False,3.0,473,,
02N,2982,2,W5,671456020000,2026091007,1000,N,477,1,,72.915,500,21,Q10-A-22,日野,未,2026-09-10T10:51:45Z,"Kotani, Miki/小谷 美輝",01:22,01:22,False,1.0,473,,
02N,8482,W,B3,581167801100,2026091107,1000,N,700,1,,313.7402,830,1,C15-A-1,KVC,未,2026-09-10T10:50:28Z,"Kotani, Miki/小谷 美輝",14:40,14:40,False,1.0,474,,
02N,8482,W,B7,581167801100,2026091107,1000,N,700,1,,313.7402,830,1,C15-A-1,KVC,未,2026-09-10T10:50:37Z,"Kotani, Miki/小谷 美輝",18:46,18:46,False,1.0,474,,
02N,2982,2,07,631426010000,2026091107,1000,N,443,2,,72.916,1000,1,Q10-A-24,日野,未,2026-09-10T10:51:42Z,"Kotani, Miki/小谷 美輝",01:22,01:22,True,1.0,475,,
02N,2982,2,07,631426010000,2026091107,1000,N,443,2,,72.916,1000,1,Q10-A-24,日野,未,2026-09-10T10:51:42Z,"Kotani, Miki/小谷 美輝",01:22,01:22,True,1.0,475,,
02N,2982,2,06,486246006000,2026091107,1000,N,196,1,,72.913,750,1,Q10-A-13,日野,未,2026-09-10T10:51:23Z,"Kotani, Miki/小谷 美輝",01:22,01:22,False,2.0,476,,
02N,2982,2,06,486226006000,2026091107,1000,N,194,1,,72.911,750,1,Q10-A-11,日野,未,2026-09-10T10:51:19Z,"Kotani, Miki/小谷 美輝",01:22,01:22,False,2.0,476,,
02N,2982,2,06,486216006000,2026091107,1000,N,193,1,,72.91,750,1,Q10-A-10,日野,未,2026-09-10T10:51:17Z,"Kotani, Miki/小谷 美輝",01:22,01:22,False,2.0,476,,
02N,2982,2,07,616236014000,2026091107,1000,N,431,1,,72.908,500,1,Q10-B-7,日野,未,2026-09-10T10:51:29Z,"Kotani, Miki/小谷 美輝",01:22,01:22,False,3.0,477,,
02N,2982,2,07,616246010000,2026091107,1000,N,432,1,,72.907,500,1,Q10-B-5,日野,未,2026-09-10T10:51:31Z,"Kotani, Miki/小谷 美輝",01:22,01:22,False,3.0,477,,
02N,2982,2,07,617416014000,2026091107,1000,N,437,1,,62.1901,750,1,Q10-D-25,日野,未,2026-09-10T10:51:34Z,"Kotani, Miki/小谷 美輝",01:22,01:22,False,3.0,477,,
02N,2982,2,07,616236014000,2026091207,1000,N,431,1,,72.908,500,1,Q10-B-7,日野,未,2026-09-10T10:51:29Z,"Kotani, Miki/小谷 美輝",01:22,01:22,False,2.0,478,,
02N,2982,2,07,616246010000,2026091207,1000,N,432,1,,72.907,500,1,Q10-B-5,日野,未,2026-09-10T10:51:31Z,"Kotani, Miki/小谷 美輝",01:22,01:22,False,2.0,478,,
02N,2982,2,07,617416014000,2026091207,1000,N,437,1,,62.1901,750,1,Q10-D-25,日野,未,2026-09-10T10:51:34Z,"Kotani, Miki/小谷 美輝",01:22,01:22,False,2.0,478,,
02N,8482,W,B7,537214206090,2026090807,1000,N,719,1,,194.1301,515,1,L12-C-5,KVC,未,2026-09-10T10:50:30Z,"Kotani, Miki/小谷 美輝",18:46,18:46,False,1.0,479,,
02N,2982,2,07,5831160F1000,2026091107,1000,N,248,1,,72.918,600,5,Q10-B-23,日野,未,2026-09-10T10:51:26Z,"Kotani, Miki/小谷 美輝",01:22,01:22,,,480,1.0,
02N,2982,2,07,5831160F4000,2026090707,1000,N,250,1,,72.917,600,5,Q10-A-27,日野,未,2026-09-10T10:51:26Z,"Kotani, Miki/小谷 美輝",01:22,01:22,,,480,1.0,
02N,2982,2,07,5831160F4000,2026090807,1000,N,250,1,,72.917,600,5,Q10-A-27,日野,未,2026-09-10T10:51:27Z,"Kotani, Miki/小谷 美輝",01:22,01:22,,,481,2.0,
02N,7371,4,21,551124202000,2026090707,1000,N,716,1,,16.6501,830,17,Q9-A-5,織機,未,2026-09-10T10:51:10Z,"Kotani, Miki/小谷 美輝",18:15,18:15,,,482,97.0,
02N,7371,4,21,551124202000,2026090807,1000,N,716,1,,16.6501,830,17,Q9-A-5,織機,未,2026-09-10T10:51:10Z,"Kotani, Miki/小谷 美輝",18:15,18:15,,,482,97.0,
02N,7371,4,21,551124202000,2026090907,1000,N,716,1,,16.6501,830,17,Q9-A-5,織機,未,2026-09-10T10:51:10Z,"Kotani, Miki/小谷 美輝",18:15,18:15,,,483,98.0,
02N,7371,4,21,551124202000,2026091007,1000,N,716,1,,16.6501,830,17,Q9-A-5,織機,未,2026-09-10T10:51:11Z,"Kotani, Miki/小谷 美輝",18:15,18:15,,,483,98.0,
02N,7371,4,21,551124202000,2026091107,1000,N,716,1,,16.6501,830,17,Q9-A-5,織機,未,2026-09-10T10:51:11Z,"Kotani, Miki/小谷 美輝",18:15,18:15,,,484,99.0,
02N,7371,4,61,551124202000,2026090707,1000,N,716,1,,16.6501,830,17,Q9-A-5,織機,未,2026-09-10T10:51:14Z,"Kotani, Miki/小谷 美輝",18:15,18:15,,,484,99.0,
02N,7371,4,61,551124202000,2026090807,1000,N,716,1,,16.6501,830,17,Q9-A-5,織機,未,2026-09-10T10:51:14Z,"Kotani, Miki/小谷 美輝",18:15,18:15,,,485,100.0,
02N,7371,4,61,551124202000,2026090907,1000,N,716,1,,16.6501,830,17,Q9-A-5,織機,未,2026-09-10T10:51:14Z,"Kotani, Miki/小谷 美輝",18:15,18:15,,,485,100.0,
02N,7371,4,61,551124202000,2026091007,1000,N,716,1,,16.6501,830,17,Q9-A-5,織機,未,2026-09-10T10:51:14Z,"Kotani, Miki/小谷 美輝",18:15,18:15,,,486,101.0,
02N,7371,4,21,551124201000,2026090707,1000,N,715,1,,16.65,830,17,Q9-A-1,織機,未,2026-09-10T10:51:09Z,"Kotani, Miki/小谷 美輝",18:15,18:15,,,486,101.0,
02N,7371,4,21,551124201000,2026090807,1000,N,715,1,,16.65,830,17,Q9-A-1,織機,未,2026-09-10T10:51:09Z,"Kotani, Miki/小谷 美輝",18:15,18:15,,,487,102.0,
02N,7371,4,21,551124201000,2026090907,1000,N,715,1,,16.65,830,17,Q9-A-1,織機,未,2026-09-10T10:51:09Z,"Kotani, Miki/小谷 美輝",18:15,18:15,,,487,102.0,
02N,7371,4,21,551124201000,2026091007,1000,N,715,1,,16.65,830,17,Q9-A-1,織機,未,2026-09-10T10:51:09Z,"Kotani, Miki/小谷 美輝",18:15,18:15,,,488,103.0,
02N,7371,4,21,551124201000,2026091107,1000,N,715,1,,16.65,830,17,Q9-A-1,織機,未,2026-09-10T10:51:10Z,"Kotani, Miki/小谷 美輝",18:15,18:15,,,488,103.0,
02N,7371,4,61,551124201000,2026090807,1000,N,715,1,,16.65,830,17,Q9-A-1,織機,未,2026-09-10T10:51:13Z,"Kotani, Miki/小谷 美輝",18:15,18:15,,,489,104.0,
02N,7371,4,61,551124201000,2026091007,1000,N,715,1,,16.65,830,17,Q9-A-1,織機,未,2026-09-10T10:51:14Z,"Kotani, Miki/小谷 美輝",18:15,18:15,,,489,104.0,
02N,2982,2,W5,671456020000,2026091107,1000,N,477,1,,72.915,500,21,Q10-A-22,日野,未,2026-09-10T10:51:45Z,"Kotani, Miki/小谷 美輝",01:22,01:22,False,1.0,490,,
02N,2982,2,W5,671466020000,2026091107,1000,N,478,1,,72.914,500,21,Q10-A-20,日野,未,2026-09-10T10:51:46Z,"Kotani, Miki/小谷 美輝",01:22,01:22,False,1.0,490,,
02N,2982,2,W5,671466020000,2026090807,1000,N,478,1,,72.914,500,21,Q10-A-20,日野,未,2026-09-10T10:51:46Z,"Kotani, Miki/小谷 美輝",01:22,01:22,False,1.0,490,,
02N,2982,2,07,617766003000,2026091107,1000,N,440,1,,72.905,500,21,Q10-B-1,日野,未,2026-09-10T10:51:40Z,"Kotani, Miki/小谷 美輝",01:22,01:22,False,1.0,490,,
02N,2982,2,W5,671456020000,2026091207,1000,N,477,1,,72.915,500,21,Q10-A-22,日野,未,2026-09-10T10:51:45Z,"Kotani, Miki/小谷 美輝",01:22,01:22,False,1.0,491,,
02N,2982,2,W5,671466020000,2026091207,1000,N,478,1,,72.914,500,21,Q10-A-20,日野,未,2026-09-10T10:51:46Z,"Kotani, Miki/小谷 美輝",01:22,01:22,False,1.0,491,,
02N,2982,2,W5,671466020000,2026090907,1000,N,478,1,,72.914,500,21,Q10-A-20,日野,未,2026-09-10T10:51:46Z,"Kotani, Miki/小谷 美輝",01:22,01:22,False,1.0,491,,
02N,8482,W,B3,581167801100,2026082108,1000,N,700,1,,313.7402,830,1,C15-A-1,KVC,未,2026-09-10T10:50:22Z,"Kotani, Miki/小谷 美輝",14:40,14:40,False,1.0,492,,
02N,8482,W,B3,581167801100,2026082508,1000,N,700,1,,313.7402,830,1,C15-A-1,KVC,未,2026-09-10T10:50:22Z,"Kotani, Miki/小谷 美輝",14:40,14:40,False,1.0,493,,
02N,2982,2,07,631426010000,2026090708,1000,N,443,2,,72.916,1000,1,Q10-A-24,日野,未,2026-09-10T10:51:40Z,"Kotani, Miki/小谷 美輝",06:29,06:29,True,1.0,494,,
02N,2982,2,07,631426010000,2026090708,1000,N,443,2,,72.916,1000,1,Q10-A-24,日野,未,2026-09-10T10:51:40Z,"Kotani, Miki/小谷 美輝",06:29,06:29,True,1.0,494,,
02N,2982,2,06,486246006000,2026090708,1000,N,196,1,,72.913,750,1,Q10-A-13,日野,未,2026-09-10T10:51:22Z,"Kotani, Miki/小谷 美輝",06:29,06:29,False,2.0,495,,
02N,2982,2,06,486236006000,2026090708,1000,N,195,1,,72.912,750,1,Q10-A-12,日野,未,2026-09-10T10:51:19Z,"Kotani, Miki/小谷 美輝",06:29,06:29,False,2.0,495,,
02N,2982,2,07,616236014000,2026090708,1000,N,431,1,,72.908,500,1,Q10-B-7,日野,未,2026-09-10T10:51:28Z,"Kotani, Miki/小谷 美輝",06:29,06:29,False,2.0,495,,
02N,2982,2,07,616246010000,2026090708,1000,N,432,1,,72.907,500,1,Q10-B-5,日野,未,2026-09-10T10:51:29Z,"Kotani, Miki/小谷 美輝",06:29,06:29,False,3.0,496,,
02N,2982,2,07,617416014000,2026090708,1000,N,437,1,,62.1901,750,1,Q10-D-25,日野,未,2026-09-10T10:51:31Z,"Kotani, Miki/小谷 美輝",06:29,06:29,False,3.0,496,,
02N,2982,2,07,617426014000,2026090708,1000,N,438,1,,62.19,750,1,Q10-D-23,日野,未,2026-09-10T10:51:35Z,"Kotani, Miki/小谷 美輝",06:29,06:29,False,3.0,496,,
02N,8482,W,B7,581167801100,2026090808,1000,N,700,1,,313.7402,830,1,C15-A-1,KVC,未,2026-09-10T10:50:36Z,"Kotani, Miki/小谷 美輝",18:46,18:46,False,1.0,497,,
02N,8482,W,B7,537224207090,2026090808,1000,N,720,1,,194.1302,515,1,L12-D-8,KVC,未,2026-09-10T10:50:34Z,"Kotani, Miki/小谷 美輝",18:46,18:46,False,1.0,497,,
02N,2982,2,07,631426010000,2026090808,1000,N,443,2,,72.916,1000,1,Q10-A-24,日野,未,2026-09-10T10:51:41Z,"Kotani, Miki/小谷 美輝",06:29,06:29,True,1.0,498,,
02N,2982,2,07,631426010000,2026090808,1000,N,443,2,,72.916,1000,1,Q10-A-24,日野,未,2026-09-10T10:51:41Z,"Kotani, Miki/小谷 美輝",06:29,06:29,True,1.0,498,,
02N,2982,2,06,486226006000,2026090808,1000,N,194,1,,72.911,750,1,Q10-A-11,日野,未,2026-09-10T10:51:18Z,"Kotani, Miki/小谷 美輝",06:29,06:29,False,2.0,499,,
02N,2982,2,06,486216006000,2026090808,1000,N,193,1,,72.91,750,1,Q10-A-10,日野,未,2026-09-10T10:51:16Z,"Kotani, Miki/小谷 美輝",06:29,06:29,False,2.0,499,,
02N,2982,2,07,616236014000,2026090808,1000,N,431,1,,72.908,500,1,Q10-B-7,日野,未,2026-09-10T10:51:28Z,"Kotani, Miki/小谷 美輝",06:29,06:29,False,2.0,499,,
02N,2982,2,07,616246010000,2026090808,1000,N,432,1,,72.907,500,1,Q10-B-5,日野,未,2026-09-10T10:51:29Z,"Kotani, Miki/小谷 美輝",06:29,06:29,False,3.0,500,,
02N,2982,2,07,617416014000,2026090808,1000,N,437,2,,62.1901,750,1,Q10-D-25,日野,未,2026-09-10T10:51:31Z,"Kotani, Miki/小谷 美輝",06:29,06:29,False,3.0,500,,
02N,2982,2,07,617416014000,2026090808,1000,N,437,2,,62.1901,750,1,Q10-D-25,日野,未,2026-09-10T10:51:31Z,"Kotani, Miki/小谷 美輝",06:29,06:29,False,3.0,500,,
02N,2982,2,07,617426014000,2026090808,1000,N,438,1,,62.19,750,1,Q10-D-23,日野,未,2026-09-10T10:51:35Z,"Kotani, Miki/小谷 美輝",06:29,06:29,False,4.0,501,,
02N,7371,4,28,582114202000,2026090808,1000,N,728,1,,346.5,550,1,C12-B-6,織機,未,2026-09-10T10:51:11Z,"Kotani, Miki/小谷 美輝",20:35,20:35,False,1.0,502,,
02N,7371,4,28,583114214100,2026090808,1000,N,730,2,,313.7401,750,1,C15-A-3,織機,未,2026-09-10T10:51:12Z,"Kotani, Miki/小谷 美輝",20:35,20:35,False,1.0,502,,
02N,7371,4,28,583114214100,2026090808,1000,N,730,2,,313.7401,750,1,C15-A-3,織機,未,2026-09-10T10:51:12Z,"Kotani, Miki/小谷 美輝",20:35,20:35,False,1.0,502,,
02N,2982,2,07,631426010000,2026090908,1000,N,443,1,,72.916,1000,1,Q10-A-24,日野,未,2026-09-10T10:51:41Z,"Kotani, Miki/小谷 美輝",06:29,06:29,True,1.0,503,,
02N,2982,2,06,486236006000,2026090908,1000,N,195,1,,72.912,750,1,Q10-A-12,日野,未,2026-09-10T10:51:21Z,"Kotani, Miki/小谷 美輝",06:29,06:29,False,2.0,504,,
02N,2982,2,06,486216006000,2026090908,1000,N,193,1,,72.91,750,1,Q10-A-10,日野,未,2026-09-10T10:51:17Z,"Kotani, Miki/小谷 美輝",06:29,06:29,False,2.0,504,,
02N,2982,2,07,616236014000,2026090908,1000,N,431,1,,72.908,500,1,Q10-B-7,日野,未,2026-09-10T10:51:28Z,"Kotani, Miki/小谷 美輝",06:29,06:29,False,2.0,504,,
02N,2982,2,07,616246010000,2026090908,1000,N,432,2,,72.907,500,1,Q10-B-5,日野,未,2026-09-10T10:51:30Z,"Kotani, Miki/小谷 美輝",06:29,06:29,False,3.0,505,,
02N,2982,2,07,616246010000,2026090908,1000,N,432,2,,72.907,500,1,Q10-B-5,日野,未,2026-09-10T10:51:30Z,"Kotani, Miki/小谷 美輝",06:29,06:29,False,3.0,505,,
02N,2982,2,07,617416014000,2026090908,1000,N,437,2,,62.1901,750,1,Q10-D-25,日野,未,2026-09-10T10:51:32Z,"Kotani, Miki/小谷 美輝",06:29,06:29,False,3.0,505,,
02N,2982,2,07,617416014000,2026090908,1000,N,437,2,,62.1901,750,1,Q10-D-25,日野,未,2026-09-10T10:51:32Z,"Kotani, Miki/小谷 美輝",06:29,06:29,False,4.0,506,,
02N,2982,2,07,617426014000,2026090908,1000,N,438,2,,62.19,750,1,Q10-D-23,日野,未,2026-09-10T10:51:35Z,"Kotani, Miki/小谷 美輝",06:29,06:29,False,4.0,506,,
02N,2982,2,07,617426014000,2026090908,1000,N,438,2,,62.19,750,1,Q10-D-23,日野,未,2026-09-10T10:51:35Z,"Kotani, Miki/小谷 美輝",06:29,06:29,False,4.0,506,,
02N,7371,4,28,582114202000,2026090908,1000,N,728,1,,346.5,550,1,C12-B-6,織機,未,2026-09-10T10:51:11Z,"Kotani, Miki/小谷 美輝",20:35,20:35,False,1.0,507,,
02N,7371,4,28,583114214100,2026090908,1000,N,730,2,,313.7401,750,1,C15-A-3,織機,未,2026-09-10T10:51:13Z,"Kotani, Miki/小谷 美輝",20:35,20:35,False,1.0,507,,
02N,7371,4,28,583114214100,2026090908,1000,N,730,2,,313.7401,750,1,C15-A-3,織機,未,2026-09-10T10:51:13Z,"Kotani, Miki/小谷 美輝",20:35,20:35,False,1.0,507,,
02N,8482,W,B7,581167801100,2026091008,1000,N,700,1,,313.7402,830,1,C15-A-1,KVC,未,2026-09-10T10:50:37Z,"Kotani, Miki/小谷 美輝",18:46,18:46,False,1.0,508,,
02N,8482,W,B7,537214206090,2026091008,1000,N,719,1,,194.1301,515,1,L12-C-5,KVC,未,2026-09-10T10:50:32Z,"Kotani, Miki/小谷 美輝",18:46,18:46,False,1.0,508,,
02N,2982,2,07,631426010000,2026091008,1000,N,443,2,,72.916,1000,1,Q10-A-24,日野,未,2026-09-10T10:51:42Z,"Kotani, Miki/小谷 美輝",06:29,06:29,True,1.0,509,,
02N,2982,2,07,631426010000,2026091008,1000,N,443,2,,72.916,1000,1,Q10-A-24,日野,未,2026-09-10T10:51:42Z,"Kotani, Miki/小谷 美輝",06:29,06:29,True,1.0,509,,
02N,2982,2,07,631426011000,2026091008,1000,N,444,1,,72.919,515,1,Q10-A-30,日野,未,2026-09-10T10:51:43Z,"Kotani, Miki/小谷 美輝",06:29,06:29,False,2.0,510,,
02N,2982,2,06,486246006000,2026091008,1000,N,196,1,,72.913,750,1,Q10-A-13,日野,未,2026-09-10T10:51:23Z,"Kotani, Miki/小谷 美輝",06:29,06:29,False,2.0,510,,
02N,2982,2,06,486216006000,2026091008,1000,N,193,1,,72.91,750,1,Q10-A-10,日野,未,2026-09-10T10:51:17Z,"Kotani, Miki/小谷 美輝",06:29,06:29,False,2.0,510,,
02N,2982,2,07,616236014000,2026091008,1000,N,431,1,,72.908,500,1,Q10-B-7,日野,未,2026-09-10T10:51:29Z,"Kotani, Miki/小谷 美輝",06:29,06:29,False,3.0,511,,
02N,2982,2,07,616246010000,2026091008,1000,N,432,1,,72.907,500,1,Q10-B-5,日野,未,2026-09-10T10:51:30Z,"Kotani, Miki/小谷 美輝",06:29,06:29,False,3.0,511,,
02N,2982,2,07,617416014000,2026091008,1000,N,437,2,,62.1901,750,1,Q10-D-25,日野,未,2026-09-10T10:51:32Z,"Kotani, Miki/小谷 美輝",06:29,06:29,False,3.0,511,,
02N,2982,2,07,617416014000,2026091008,1000,N,437,2,,62.1901,750,1,Q10-D-25,日野,未,2026-09-10T10:51:32Z,"Kotani, Miki/小谷 美輝",06:29,06:29,False,4.0,512,,
02N,2982,2,07,617426014000,2026091008,1000,N,438,1,,62.19,750,1,Q10-D-23,日野,未,2026-09-10T10:51:36Z,"Kotani, Miki/小谷 美輝",06:29,06:29,False,4.0,512,,
02N,7371,4,28,582114202000,2026091008,1000,N,728,1,,346.5,550,1,C12-B-6,織機,未,2026-09-10T10:51:11Z,"Kotani, Miki/小谷 美輝",20:35,20:35,False,1.0,513,,
02N,7371,4,28,583114214100,2026091008,1000,N,730,2,,313.7401,750,1,C15-A-3,織機,未,2026-09-10T10:51:13Z,"Kotani, Miki/小谷 美輝",20:35,20:35,False,1.0,513,,
02N,7371,4,28,583114214100,2026091008,1000,N,730,2,,313.7401,750,1,C15-A-3,織機,未,2026-09-10T10:51:13Z,"Kotani, Miki/小谷 美輝",20:35,20:35,False,1.0,513,,
02N,2982,2,07,631426010000,2026091108,1000,N,443,1,,72.916,1000,1,Q10-A-24,日野,未,2026-09-10T10:51:42Z,"Kotani, Miki/小谷 美輝",06:29,06:29,True,1.0,514,,
02N,2982,2,06,486246006000,2026091108,1000,N,196,1,,72.913,750,1,Q10-A-13,日野,未,2026-09-10T10:51:23Z,"Kotani, Miki/小谷 美輝",06:29,06:29,False,2.0,515,,
02N,2982,2,06,486236006000,2026091108,1000,N,195,1,,72.912,750,1,Q10-A-12,日野,未,2026-09-10T10:51:21Z,"Kotani, Miki/小谷 美輝",06:29,06:29,False,2.0,515,,
02N,2982,2,07,616236014000,2026091108,1000,N,431,1,,72.908,500,1,Q10-B-7,日野,未,2026-09-10T10:51:29Z,"Kotani, Miki/小谷 美輝",06:29,06:29,False,2.0,515,,
02N,2982,2,07,616246010000,2026091108,1000,N,432,1,,72.907,500,1,Q10-B-5,日野,未,2026-09-10T10:51:31Z,"Kotani, Miki/小谷 美輝",06:29,06:29,False,3.0,516,,
02N,2982,2,07,617416014000,2026091108,1000,N,437,2,,62.1901,750,1,Q10-D-25,日野,未,2026-09-10T10:51:34Z,"Kotani, Miki/小谷 美輝",06:29,06:29,False,3.0,516,,
02N,2982,2,07,617416014000,2026091108,1000,N,437,2,,62.1901,750,1,Q10-D-25,日野,未,2026-09-10T10:51:34Z,"Kotani, Miki/小谷 美輝",06:29,06:29,False,3.0,516,,
02N,2982,2,07,617426014000,2026091108,1000,N,438,1,,62.19,750,1,Q10-D-23,日野,未,2026-09-10T10:51:36Z,"Kotani, Miki/小谷 美輝",06:29,06:29,False,4.0,517,,
02N,8482,W,B3,581167801100,2026082808,1000,N,700,1,,313.7402,830,1,C15-A-1,KVC,未,2026-09-10T10:50:27Z,"Kotani, Miki/小谷 美輝",14:40,14:40,False,1.0,518,,
02N,8482,W,B3,581167801100,2026083108,1000,N,700,1,,313.7402,830,1,C15-A-1,KVC,未,2026-09-10T10:50:27Z,"Kotani, Miki/小谷 美輝",14:40,14:40,False,1.0,519,,
02N,2982,2,07,5831160F1000,2026090708,1000,N,248,1,,72.918,600,5,Q10-B-23,日野,未,2026-09-10T10:51:24Z,"Kotani, Miki/小谷 美輝",06:29,06:29,,,520,3.0,
02N,2982,2,07,5831160F1000,2026090808,1000,N,248,1,,72.918,600,5,Q10-B-23,日野,未,2026-09-10T10:51:24Z,"Kotani, Miki/小谷 美輝",06:29,06:29,,,520,3.0,
02N,2982,2,07,5831160F1000,2026090908,1000,N,248,1,,72.918,600,5,Q10-B-23,日野,未,2026-09-10T10:51:25Z,"Kotani, Miki/小谷 美輝",06:29,06:29,,,521,4.0,
02N,2982,2,07,5831160F1000,2026091008,1000,N,248,1,,72.918,600,5,Q10-B-23,日野,未,2026-09-10T10:51:26Z,"Kotani, Miki/小谷 美輝",06:29,06:29,,,521,4.0,
02N,2982,2,07,5831160F4000,2026090908,1000,N,250,1,,72.917,600,5,Q10-A-27,日野,未,2026-09-10T10:51:27Z,"Kotani, Miki/小谷 美輝",06:29,06:29,,,522,5.0,
02N,2982,2,07,5831160F4000,2026091008,1000,N,250,1,,72.917,600,5,Q10-A-27,日野,未,2026-09-10T10:51:27Z,"Kotani, Miki/小谷 美輝",06:29,06:29,,,522,5.0,
02N,2982,2,07,5831160F4000,2026091108,1000,N,250,1,,72.917,600,5,Q10-A-27,日野,未,2026-09-10T10:51:27Z,"Kotani, Miki/小谷 美輝",06:29,06:29,,,523,6.0,
02N,7371,4,21,551124202000,2026090708,1000,N,716,1,,16.6501,830,17,Q9-A-5,織機,未,2026-09-10T10:51:10Z,"Kotani, Miki/小谷 美輝",20:35,20:35,,,524,116.0,
02N,7371,4,21,551124202000,2026090908,1000,N,716,1,,16.6501,830,17,Q9-A-5,織機,未,2026-09-10T10:51:10Z,"Kotani, Miki/小谷 美輝",20:35,20:35,,,524,116.0,
02N,7371,4,21,551124202000,2026091008,1000,N,716,1,,16.6501,830,17,Q9-A-5,織機,未,2026-09-10T10:51:11Z,"Kotani, Miki/小谷 美輝",20:35,20:35,,,525,117.0,
02N,7371,4,21,551124201000,2026090708,1000,N,715,1,,16.65,830,17,Q9-A-1,織機,未,2026-09-10T10:51:09Z,"Kotani, Miki/小谷 美輝",20:35,20:35,,,525,117.0,
02N,7371,4,21,551124201000,2026090808,1000,N,715,1,,16.65,830,17,Q9-A-1,織機,未,2026-09-10T10:51:09Z,"Kotani, Miki/小谷 美輝",20:35,20:35,,,526,118.0,
02N,7371,4,21,551124201000,2026090908,1000,N,715,1,,16.65,830,17,Q9-A-1,織機,未,2026-09-10T10:51:09Z,"Kotani, Miki/小谷 美輝",20:35,20:35,,,526,118.0,
02N,7371,4,21,551124201000,2026091008,1000,N,715,1,,16.65,830,17,Q9-A-1,織機,未,2026-09-10T10:51:10Z,"Kotani, Miki/小谷 美輝",20:35,20:35,,,527,119.0,
02N,7371,4,21,551124201000,2026091108,1000,N,715,1,,16.65,830,17,Q9-A-1,織機,未,2026-09-10T10:51:10Z,"Kotani, Miki/小谷 美輝",20:35,20:35,,,527,119.0,
02N,7371,4,61,551124201000,2026090708,1000,N,715,1,,16.65,830,17,Q9-A-1,織機,未,2026-09-10T10:51:13Z,"Kotani, Miki/小谷 美輝",20:35,20:35,,,528,120.0,
02N,7371,4,61,551124201000,2026090908,1000,N,715,1,,16.65,830,17,Q9-A-1,織機,未,2026-09-10T10:51:13Z,"Kotani, Miki/小谷 美輝",20:35,20:35,,,528,120.0,
02N,2982,2,W5,671456020000,2026090708,1000,N,477,1,,72.915,500,21,Q10-A-22,日野,未,2026-09-10T10:51:44Z,"Kotani, Miki/小谷 美輝",06:29,06:29,False,1.0,529,,
02N,2982,2,W5,671466020000,2026090708,1000,N,478,1,,72.914,500,21,Q10-A-20,日野,未,2026-09-10T10:51:45Z,"Kotani, Miki/小谷 美輝",06:29,06:29,False,1.0,529,,
02N,2982,2,07,617766003000,2026090708,1000,N,440,1,,72.905,500,21,Q10-B-1,日野,未,2026-09-10T10:51:39Z,"Kotani, Miki/小谷 美輝",06:29,06:29,False,1.0,529,,
02N,2982,2,07,617756003000,2026090708,1000,N,441,1,,72.901,500,21,Q10-B-B,日野,未,2026-09-10T10:51:38Z,"Kotani, Miki/小谷 美輝",06:29,06:29,False,1.0,529,,
02N,2982,2,07,617766004000,2026090708,1000,N,442,1,,72.9,500,21,Q10-B-A,日野,未,2026-09-10T10:51:40Z,"Kotani, Miki/小谷 美輝",06:29,06:29,False,2.0,530,,
02N,2982,2,07,617766003000,2026090808,1000,N,440,1,,72.905,500,21,Q10-B-1,日野,未,2026-09-10T10:51:39Z,"Kotani, Miki/小谷 美輝",06:29,06:29,False,1.0,531,,
02N,2982,2,W5,671456020000,2026090908,1000,N,477,1,,72.915,500,21,Q10-A-22,日野,未,2026-09-10T10:51:44Z,"Kotani, Miki/小谷 美輝",06:29,06:29,False,1.0,532,,
02N,2982,2,W5,671466020000,2026090908,1000,N,478,1,,72.914,500,21,Q10-A-20,日野,未,2026-09-10T10:51:46Z,"Kotani, Miki/小谷 美輝",06:29,06:29,False,1.0,532,,
02N,2982,2,07,617756002000,2026090908,1000,N,439,1,,72.906,500,21,Q10-B-3,日野,未,2026-09-10T10:51:37Z,"Kotani, Miki/小谷 美輝",06:29,06:29,False,1.0,532,,
02N,2982,2,07,617766003000,2026090908,1000,N,440,1,,72.905,500,21,Q10-B-1,日野,未,2026-09-10T10:51:39Z,"Kotani, Miki/小谷 美輝",06:29,06:29,False,1.0,532,,
02N,2982,2,W5,671456020000,2026091008,1000,N,477,1,,72.915,500,21,Q10-A-22,日野,未,2026-09-10T10:51:45Z,"Kotani, Miki/小谷 美輝",06:29,06:29,False,1.0,533,,
02N,2982,2,W5,671466020000,2026091008,1000,N,478,2,,72.914,500,21,Q10-A-20,日野,未,2026-09-10T10:51:46Z,"Kotani, Miki/小谷 美輝",06:29,06:29,False,1.0,533,,
02N,2982,2,W5,671466020000,2026091008,1000,N,478,2,,72.914,500,21,Q10-A-20,日野,未,2026-09-10T10:51:46Z,"Kotani, Miki/小谷 美輝",06:29,06:29,False,1.0,533,,
02N,2982,2,07,617756002000,2026091008,1000,N,439,1,,72.906,500,21,Q10-B-3,日野,未,2026-09-10T10:51:37Z,"Kotani, Miki/小谷 美輝",06:29,06:29,False,1.0,533,,
02N,2982,2,07,617766003000,2026091008,1000,N,440,1,,72.905,500,21,Q10-B-1,日野,未,2026-09-10T10:51:39Z,"Kotani, Miki/小谷 美輝",06:29,06:29,False,2.0,534,,
02N,2982,2,W5,671456020000,2026091108,1000,N,477,1,,72.915,500,21,Q10-A-22,日野,未,2026-09-10T10:51:45Z,"Kotani, Miki/小谷 美輝",06:29,06:29,False,1.0,535,,
02N,2982,2,W5,671466020000,2026091108,1000,N,478,1,,72.914,500,21,Q10-A-20,日野,未,2026-09-10T10:51:46Z,"Kotani, Miki/小谷 美輝",06:29,06:29,False,1.0,535,,
02N,2982,2,07,617756002000,2026091108,1000,N,439,1,,72.906,500,21,Q10-B-3,日野,未,2026-09-10T10:51:38Z,"Kotani, Miki/小谷 美輝",06:29,06:29,False,1.0,535,,
02N,2982,2,06,486246006000,2026090709,1000,N,196,1,,72.913,750,1,Q10-A-13,日野,未,2026-09-10T10:51:22Z,"Kotani, Miki/小谷 美輝",07:55,07:55,False,1.0,536,,
02N,2982,2,06,486236006000,2026090709,1000,N,195,1,,72.912,750,1,Q10-A-12,日野,未,2026-09-10T10:51:19Z,"Kotani, Miki/小谷 美輝",07:55,07:55,False,1.0,536,,
02N,2982,2,06,486226006000,2026090709,1000,N,194,1,,72.911,750,1,Q10-A-11,日野,未,2026-09-10T10:51:18Z,"Kotani, Miki/小谷 美輝",07:55,07:55,False,1.0,536,,
02N,2982,2,06,486216006000,2026090709,1000,N,193,1,,72.91,750,1,Q10-A-10,日野,未,2026-09-10T10:51:16Z,"Kotani, Miki/小谷 美輝",07:55,07:55,False,2.0,537,,
02N,2982,2,07,616246010000,2026090709,1000,N,432,1,,72.907,500,1,Q10-B-5,日野,未,2026-09-10T10:51:29Z,"Kotani, Miki/小谷 美輝",07:55,07:55,False,2.0,537,,
02N,2982,2,07,617416014000,2026090709,1000,N,437,1,,62.1901,750,1,Q10-D-25,日野,未,2026-09-10T10:51:31Z,"Kotani, Miki/小谷 美輝",07:55,07:55,False,2.0,537,,
02N,2982,2,06,486246006000,2026090809,1000,N,196,1,,72.913,750,1,Q10-A-13,日野,未,2026-09-10T10:51:22Z,"Kotani, Miki/小谷 美輝",07:55,07:55,False,2.0,538,,
02N,2982,2,06,486236006000,2026090809,1000,N,195,1,,72.912,750,1,Q10-A-12,日野,未,2026-09-10T10:51:20Z,"Kotani, Miki/小谷 美輝",07:55,07:55,False,2.0,538,,
02N,2982,2,06,486226006000,2026090809,1000,N,194,1,,72.911,750,1,Q10-A-11,日野,未,2026-09-10T10:51:18Z,"Kotani, Miki/小谷 美輝",07:55,07:55,False,2.0,538,,
02N,8482,W,B7,581167801100,2026090909,1000,N,700,1,,313.7402,830,1,C15-A-1,KVC,未,2026-09-10T10:50:37Z,"Kotani, Miki/小谷 美輝",22:41,22:41,False,1.0,539,,
02N,8482,W,B7,537224207090,2026090909,1000,N,720,1,,194.1302,515,1,L12-D-8,KVC,未,2026-09-10T10:50:34Z,"Kotani, Miki/小谷 美輝",22:41,22:41,False,1.0,539,,
02N,2982,2,07,631426010000,2026090909,1000,N,443,3,,72.916,1000,1,Q10-A-24,日野,未,2026-09-10T10:51:41Z,"Kotani, Miki/小谷 美輝",07:55,07:55,True,1.0,540,,
02N,2982,2,07,631426010000,2026090909,1000,N,443,3,,72.916,1000,1,Q10-A-24,日野,未,2026-09-10T10:51:41Z,"Kotani, Miki/小谷 美輝",07:55,07:55,True,1.0,540,,
02N,2982,2,06,486246006000,2026090909,1000,N,196,1,,72.913,750,1,Q10-A-13,日野,未,2026-09-10T10:51:22Z,"Kotani, Miki/小谷 美輝",07:55,07:55,False,3.0,541,,
02N,2982,2,06,486226006000,2026090909,1000,N,194,1,,72.911,750,1,Q10-A-11,日野,未,2026-09-10T10:51:18Z,"Kotani, Miki/小谷 美輝",07:55,07:55,False,3.0,541,,
02N,2982,2,07,616236014000,2026090909,1000,N,431,1,,72.908,500,1,Q10-B-7,日野,未,2026-09-10T10:51:28Z,"Kotani, Miki/小谷 美輝",07:55,07:55,False,3.0,541,,
02N,2982,2,07,617416014000,2026090909,1000,N,437,2,,62.1901,750,1,Q10-D-25,日野,未,2026-09-10T10:51:32Z,"Kotani, Miki/小谷 美輝",07:55,07:55,False,4.0,542,,
02N,2982,2,07,617416014000,2026090909,1000,N,437,2,,62.1901,750,1,Q10-D-25,日野,未,2026-09-10T10:51:32Z,"Kotani, Miki/小谷 美輝",07:55,07:55,False,4.0,542,,
02N,2982,2,07,617426014000,2026090909,1000,N,438,1,,62.19,750,1,Q10-D-23,日野,未,2026-09-10T10:51:35Z,"Kotani, Miki/小谷 美輝",07:55,07:55,False,4.0,542,,
02N,2982,2,06,486236006000,2026091009,1000,N,195,1,,72.912,750,1,Q10-A-12,日野,未,2026-09-10T10:51:21Z,"Kotani, Miki/小谷 美輝",07:55,07:55,False,2.0,543,,
02N,2982,2,06,486226006000,2026091009,1000,N,194,1,,72.911,750,1,Q10-A-11,日野,未,2026-09-10T10:51:19Z,"Kotani, Miki/小谷 美輝",07:55,07:55,False,2.0,543,,
02N,2982,2,06,486216006000,2026091009,1000,N,193,1,,72.91,750,1,Q10-A-10,日野,未,2026-09-10T10:51:17Z,"Kotani, Miki/小谷 美輝",07:55,07:55,False,2.0,543,,
02N,2982,2,07,616236014000,2026091009,1000,N,431,1,,72.908,500,1,Q10-B-7,日野,未,2026-09-10T10:51:29Z,"Kotani, Miki/小谷 美輝",07:55,07:55,False,3.0,544,,
02N,2982,2,07,617416014000,2026091009,1000,N,437,1,,62.1901,750,1,Q10-D-25,日野,未,2026-09-10T10:51:32Z,"Kotani, Miki/小谷 美輝",07:55,07:55,False,3.0,544,,
02N,2982,2,07,617426014000,2026091009,1000,N,438,1,,62.19,750,1,Q10-D-23,日野,未,2026-09-10T10:51:36Z,"Kotani, Miki/小谷 美輝",07:55,07:55,False,3.0,544,,
02N,2982,2,07,631426010000,2026090809,1000,N,443,1,,72.916,1000,1,Q10-A-24,日野,未,2026-09-10T10:51:41Z,"Kotani, Miki/小谷 美輝",07:55,07:55,True,1.0,545,,
02N,2982,2,07,5831160F1000,2026090809,1000,N,248,1,,72.918,600,5,Q10-B-23,日野,未,2026-09-10T10:51:24Z,"Kotani, Miki/小谷 美輝",07:55,07:55,,,546,7.0,
02N,2982,2,07,5831160F1000,2026090909,1000,N,248,1,,72.918,600,5,Q10-B-23,日野,未,2026-09-10T10:51:26Z,"Kotani, Miki/小谷 美輝",07:55,07:55,,,546,7.0,
02N,2982,2,07,5831160F1000,2026091009,1000,N,248,1,,72.918,600,5,Q10-B-23,日野,未,2026-09-10T10:51:26Z,"Kotani, Miki/小谷 美輝",07:55,07:55,,,547,8.0,
02N,2982,2,07,5831160F4000,2026090709,1000,N,250,1,,72.917,600,5,Q10-A-27,日野,未,2026-09-10T10:51:26Z,"Kotani, Miki/小谷 美輝",07:55,07:55,,,547,8.0,
02N,2982,2,07,5831160F4000,2026090809,1000,N,250,1,,72.917,600,5,Q10-A-27,日野,未,2026-09-10T10:51:27Z,"Kotani, Miki/小谷 美輝",07:55,07:55,,,548,9.0,
02N,2982,2,07,5831160F4000,2026090909,1000,N,250,1,,72.917,600,5,Q10-A-27,日野,未,2026-09-10T10:51:27Z,"Kotani, Miki/小谷 美輝",07:55,07:55,,,548,9.0,
02N,2982,2,07,5831160F4000,2026091009,1000,N,250,1,,72.917,600,5,Q10-A-27,日野,未,2026-09-10T10:51:27Z,"Kotani, Miki/小谷 美輝",07:55,07:55,,,549,10.0,
02N,8482,W,B7,551124202000,2026090809,1000,N,716,1,,16.6501,830,17,Q9-A-5,TMK,未,2026-09-10T10:50:35Z,"Kotani, Miki/小谷 美輝",22:41,22:41,,,550,121.0,
02N,8482,W,B7,551124202000,2026090909,1000,N,716,1,,16.6501,830,17,Q9-A-5,TMK,未,2026-09-10T10:50:35Z,"Kotani, Miki/小谷 美輝",22:41,22:41,,,550,121.0,
02N,8482,W,B7,551124202000,2026091009,1000,N,716,1,,16.6501,830,17,Q9-A-5,TMK,未,2026-09-10T10:50:35Z,"Kotani, Miki/小谷 美輝",22:41,22:41,,,551,122.0,
02N,8482,W,B7,551124202000,2026091109,1000,N,716,1,,16.6501,830,17,Q9-A-5,TMK,未,2026-09-10T10:50:35Z,"Kotani, Miki/小谷 美輝",22:41,22:41,,,551,122.0,
02N,2982,2,W5,671456020000,2026090809,1000,N,477,1,,72.915,500,21,Q10-A-22,日野,未,2026-09-10T10:51:44Z,"Kotani, Miki/小谷 美輝",07:55,07:55,False,1.0,552,,
02N,2982,2,W5,671466020000,2026090809,1000,N,478,2,,72.914,500,21,Q10-A-20,日野,未,2026-09-10T10:51:46Z,"Kotani, Miki/小谷 美輝",07:55,07:55,False,1.0,552,,
02N,2982,2,W5,671466020000,2026090809,1000,N,478,2,,72.914,500,21,Q10-A-20,日野,未,2026-09-10T10:51:46Z,"Kotani, Miki/小谷 美輝",07:55,07:55,False,1.0,552,,
02N,2982,2,07,617756002000,2026090809,1000,N,439,1,,72.906,500,21,Q10-B-3,日野,未,2026-09-10T10:51:37Z,"Kotani, Miki/小谷 美輝",07:55,07:55,False,1.0,552,,
02N,2982,2,W5,671456020000,2026091009,1000,N,477,1,,72.915,500,21,Q10-A-22,日野,未,2026-09-10T10:51:45Z,"Kotani, Miki/小谷 美輝",07:55,07:55,False,1.0,553,,
02N,2982,2,W5,671466020000,2026091009,1000,N,478,1,,72.914,500,21,Q10-A-20,日野,未,2026-09-10T10:51:46Z,"Kotani, Miki/小谷 美輝",07:55,07:55,False,1.0,553,,
02N,8482,W,B7,537224207090,2026091010,1000,N,720,1,,194.1302,515,1,L12-D-8,KVC,未,2026-09-10T10:50:34Z,"Kotani, Miki/小谷 美輝",22:41,22:41,False,1.0,554,,
02N,2982,2,06,486246006000,2026090710,1000,N,196,1,,72.913,750,1,Q10-A-13,日野,未,2026-09-10T10:51:22Z,"Kotani, Miki/小谷 美輝",09:25,09:25,False,2.0,555,,
02N,2982,2,06,486226006000,2026090710,1000,N,194,1,,72.911,750,1,Q10-A-11,日野,未,2026-09-10T10:51:18Z,"Kotani, Miki/小谷 美輝",09:25,09:25,False,2.0,555,,
02N,2982,2,06,486216006000,2026090710,1000,N,193,1,,72.91,750,1,Q10-A-10,日野,未,2026-09-10T10:51:16Z,"Kotani, Miki/小谷 美輝",09:25,09:25,False,2.0,555,,
02N,8482,W,B7,581167801100,2026090810,1000,N,700,1,,313.7402,830,1,C15-A-1,KVC,未,2026-09-10T10:50:36Z,"Kotani, Miki/小谷 美輝",22:41,22:41,False,1.0,556,,
02N,8482,W,B7,537224207090,2026090810,1000,N,720,1,,194.1302,515,1,L12-D-8,KVC,未,2026-09-10T10:50:34Z,"Kotani, Miki/小谷 美輝",22:41,22:41,False,1.0,556,,
02N,2982,2,06,486236006000,2026090810,1000,N,195,1,,72.912,750,1,Q10-A-12,日野,未,2026-09-10T10:51:20Z,"Kotani, Miki/小谷 美輝",09:25,09:25,False,1.0,557,,
02N,2982,2,06,486226006000,2026090810,1000,N,194,1,,72.911,750,1,Q10-A-11,日野,未,2026-09-10T10:51:18Z,"Kotani, Miki/小谷 美輝",09:25,09:25,False,1.0,557,,
02N,2982,2,06,486216006000,2026090810,1000,N,193,1,,72.91,750,1,Q10-A-10,日野,未,2026-09-10T10:51:16Z,"Kotani, Miki/小谷 美輝",09:25,09:25,False,1.0,557,,
02N,8482,W,B7,581167801100,2026090910,1000,N,700,1,,313.7402,830,1,C15-A-1,KVC,未,2026-09-10T10:50:37Z,"Kotani, Miki/小谷 美輝",22:41,22:41,False,1.0,558,,
02N,8482,W,B7,537214206090,2026090910,1000,N,719,1,,194.1301,515,1,L12-C-5,KVC,未,2026-09-10T10:50:32Z,"Kotani, Miki/小谷 美輝",22:41,22:41,False,1.0,558,,
02N,2982,2,06,486246006000,2026090910,1000,N,196,1,,72.913,750,1,Q10-A-13,日野,未,2026-09-10T10:51:22Z,"Kotani, Miki/小谷 美輝",09:25,09:25,False,1.0,559,,
02N,2982,2,06,486236006000,2026090910,1000,N,195,1,,72.912,750,1,Q10-A-12,日野,未,2026-09-10T10:51:21Z,"Kotani, Miki/小谷 美輝",09:25,09:25,False,1.0,559,,
02N,2982,2,06,486226006000,2026090910,1000,N,194,1,,72.911,750,1,Q10-A-11,日野,未,2026-09-10T10:51:18Z,"Kotani, Miki/小谷 美輝",09:25,09:25,False,1.0,559,,
02N,2982,2,06,486216006000,2026090910,1000,N,193,1,,72.91,750,1,Q10-A-10,日野,未,2026-09-10T10:51:17Z,"Kotani, Miki/小谷 美輝",09:25,09:25,False,2.0,560,,
02N,2982,2,07,616246010000,2026090910,1000,N,432,1,,72.907,500,1,Q10-B-5,日野,未,2026-09-10T10:51:30Z,"Kotani, Miki/小谷 美輝",09:25,09:25,False,2.0,560,,
02N,2982,2,07,617426014000,2026090910,1000,N,438,1,,62.19,750,1,Q10-D-23,日野,未,2026-09-10T10:51:35Z,"Kotani, Miki/小谷 美輝",09:25,09:25,False,2.0,560,,
02N,2982,2,06,486246006000,2026091010,1000,N,196,1,,72.913,750,1,Q10-A-13,日野,未,2026-09-10T10:51:23Z,"Kotani, Miki/小谷 美輝",09:25,09:25,False,2.0,561,,
02N,2982,2,06,486236006000,2026091010,1000,N,195,1,,72.912,750,1,Q10-A-12,日野,未,2026-09-10T10:51:21Z,"Kotani, Miki/小谷 美輝",09:25,09:25,False,2.0,561,,
02N,2982,2,06,486226006000,2026091010,1000,N,194,1,,72.911,750,1,Q10-A-11,日野,未,2026-09-10T10:51:19Z,"Kotani, Miki/小谷 美輝",09:25,09:25,False,2.0,561,,
02N,2982,2,06,486216006000,2026091010,1000,N,193,1,,72.91,750,1,Q10-A-10,日野,未,2026-09-10T10:51:17Z,"Kotani, Miki/小谷 美輝",09:25,09:25,False,3.0,562,,
02N,2982,2,07,616246010000,2026091010,1000,N,432,1,,72.907,500,1,Q10-B-5,日野,未,2026-09-10T10:51:30Z,"Kotani, Miki/小谷 美輝",09:25,09:25,False,3.0,562,,
02N,2982,2,07,617416014000,2026091010,1000,N,437,1,,62.1901,750,1,Q10-D-25,日野,未,2026-09-10T10:51:32Z,"Kotani, Miki/小谷 美輝",09:25,09:25,False,3.0,562,,
02N,8482,W,B7,537214206090,2026091110,1000,N,719,1,,194.1301,515,1,L12-C-5,KVC,未,2026-09-10T10:50:32Z,"Kotani, Miki/小谷 美輝",22:41,22:41,False,1.0,563,,
02N,2982,2,07,631426010000,2026090710,1000,N,443,1,,72.916,1000,1,Q10-A-24,日野,未,2026-09-10T10:51:40Z,"Kotani, Miki/小谷 美輝",09:25,09:25,True,1.0,564,,
02N,2982,2,07,617426014000,2026091010,1000,N,438,1,,62.19,750,1,Q10-D-23,日野,未,2026-09-10T10:51:36Z,"Kotani, Miki/小谷 美輝",09:25,09:25,False,4.0,565,,
02N,2982,2,07,617766003000,2026090810,1000,N,440,1,,72.905,500,21,Q10-B-1,日野,未,2026-09-10T10:51:39Z,"Kotani, Miki/小谷 美輝",09:25,09:25,False,1.0,566,,
02N,2982,2,W5,671466020000,2026090710,1000,N,478,1,,72.914,500,21,Q10-A-20,日野,未,2026-09-10T10:51:45Z,"Kotani, Miki/小谷 美輝",09:25,09:25,False,1.0,567,,
02N,2982,2,07,617766003000,2026090710,1000,N,440,1,,72.905,500,21,Q10-B-1,日野,未,2026-09-10T10:51:39Z,"Kotani, Miki/小谷 美輝",09:25,09:25,False,1.0,567,,
02N,2982,2,06,486236006000,2026090711,1000,N,195,1,,72.912,750,1,Q10-A-12,日野,未,2026-09-10T10:51:20Z,"Kotani, Miki/小谷 美輝",11:06,11:06,False,2.0,568,,
02N,2982,2,06,486216006000,2026090711,1000,N,193,1,,72.91,750,1,Q10-A-10,日野,未,2026-09-10T10:51:16Z,"Kotani, Miki/小谷 美輝",11:06,11:06,False,2.0,568,,
02N,2982,2,07,616236014000,2026090711,1000,N,431,1,,72.908,500,1,Q10-B-7,日野,未,2026-09-10T10:51:28Z,"Kotani, Miki/小谷 美輝",11:06,11:06,False,2.0,568,,
02N,2982,2,07,616246010000,2026090711,1000,N,432,1,,72.907,500,1,Q10-B-5,日野,未,2026-09-10T10:51:29Z,"Kotani, Miki/小谷 美輝",11:06,11:06,False,3.0,569,,
02N,2982,2,07,617416014000,2026090711,1000,N,437,2,,62.1901,750,1,Q10-D-25,日野,未,2026-09-10T10:51:31Z,"Kotani, Miki/小谷 美輝",11:06,11:06,False,3.0,569,,
02N,2982,2,07,617416014000,2026090711,1000,N,437,2,,62.1901,750,1,Q10-D-25,日野,未,2026-09-10T10:51:31Z,"Kotani, Miki/小谷 美輝",11:06,11:06,False,3.0,569,,
02N,2982,2,06,486246006000,2026090811,1000,N,196,1,,72.913,750,1,Q10-A-13,日野,未,2026-09-10T10:51:22Z,"Kotani, Miki/小谷 美輝",11:06,11:06,False,1.0,570,,
02N,2982,2,06,486216006000,2026090811,1000,N,193,1,,72.91,750,1,Q10-A-10,日野,未,2026-09-10T10:51:16Z,"Kotani, Miki/小谷 美輝",11:06,11:06,False,1.0,570,,
02N,2982,2,07,616236014000,2026090811,1000,N,431,1,,72.908,500,1,Q10-B-7,日野,未,2026-09-10T10:51:28Z,"Kotani, Miki/小谷 美輝",11:06,11:06,False,1.0,570,,
02N,2982,2,07,616246010000,2026090811,1000,N,432,1,,72.907,500,1,Q10-B-5,日野,未,2026-09-10T10:51:29Z,"Kotani, Miki/小谷 美輝",11:06,11:06,False,2.0,571,,
02N,2982,2,07,617416014000,2026090811,1000,N,437,1,,62.1901,750,1,Q10-D-25,日野,未,2026-09-10T10:51:32Z,"Kotani, Miki/小谷 美輝",11:06,11:06,False,2.0,571,,
02N,2982,2,07,617426014000,2026090811,1000,N,438,1,,62.19,750,1,Q10-D-23,日野,未,2026-09-10T10:51:35Z,"Kotani, Miki/小谷 美輝",11:06,11:06,False,2.0,571,,
02N,2982,2,06,486246006000,2026090911,1000,N,196,1,,72.913,750,1,Q10-A-13,日野,未,2026-09-10T10:51:23Z,"Kotani, Miki/小谷 美輝",11:06,11:06,False,2.0,572,,
02N,2982,2,06,486236006000,2026090911,1000,N,195,1,,72.912,750,1,Q10-A-12,日野,未,2026-09-10T10:51:21Z,"Kotani, Miki/小谷 美輝",11:06,11:06,False,2.0,572,,
02N,2982,2,06,486226006000,2026090911,1000,N,194,1,,72.911,750,1,Q10-A-11,日野,未,2026-09-10T10:51:18Z,"Kotani, Miki/小谷 美輝",11:06,11:06,False,2.0,572,,
02N,2982,2,06,486216006000,2026090911,1000,N,193,1,,72.91,750,1,Q10-A-10,日野,未,2026-09-10T10:51:17Z,"Kotani, Miki/小谷 美輝",11:06,11:06,False,3.0,573,,
02N,2982,2,07,631436012000,2026090911,1000,N,445,1,,72.909,515,1,Q10-A-7,日野,未,2026-09-10T10:51:43Z,"Kotani, Miki/小谷 美輝",11:06,11:06,False,3.0,573,,
02N,2982,2,07,616236014000,2026090911,1000,N,431,1,,72.908,500,1,Q10-B-7,日野,未,2026-09-10T10:51:28Z,"Kotani, Miki/小谷 美輝",11:06,11:06,False,3.0,573,,
02N,2982,2,07,616246010000,2026090911,1000,N,432,1,,72.907,500,1,Q10-B-5,日野,未,2026-09-10T10:51:30Z,"Kotani, Miki/小谷 美輝",11:06,11:06,False,3.0,573,,
02N,2982,2,07,617416014000,2026090911,1000,N,437,2,,62.1901,750,1,Q10-D-25,日野,未,2026-09-10T10:51:32Z,"Kotani, Miki/小谷 美輝",11:06,11:06,False,4.0,574,,
02N,2982,2,07,617416014000,2026090911,1000,N,437,2,,62.1901,750,1,Q10-D-25,日野,未,2026-09-10T10:51:32Z,"Kotani, Miki/小谷 美輝",11:06,11:06,False,4.0,574,,
02N,2982,2,07,617426014000,2026090911,1000,N,438,1,,62.19,750,1,Q10-D-23,日野,未,2026-09-10T10:51:36Z,"Kotani, Miki/小谷 美輝",11:06,11:06,False,4.0,574,,
02N,2982,2,06,486246006000,2026091011,1000,N,196,1,,72.913,750,1,Q10-A-13,日野,未,2026-09-10T10:51:23Z,"Kotani, Miki/小谷 美輝",11:06,11:06,False,2.0,575,,
02N,2982,2,06,486226006000,2026091011,1000,N,194,1,,72.911,750,1,Q10-A-11,日野,未,2026-09-10T10:51:19Z,"Kotani, Miki/小谷 美輝",11:06,11:06,False,2.0,575,,
02N,2982,2,07,616236014000,2026091011,1000,N,431,1,,72.908,500,1,Q10-B-7,日野,未,2026-09-10T10:51:29Z,"Kotani, Miki/小谷 美輝",11:06,11:06,False,2.0,575,,
02N,2982,2,07,616246010000,2026091011,1000,N,432,1,,72.907,500,1,Q10-B-5,日野,未,2026-09-10T10:51:30Z,"Kotani, Miki/小谷 美輝",11:06,11:06,False,3.0,576,,
02N,2982,2,07,617416014000,2026091011,1000,N,437,1,,62.1901,750,1,Q10-D-25,日野,未,2026-09-10T10:51:32Z,"Kotani, Miki/小谷 美輝",11:06,11:06,False,3.0,576,,
02N,2982,2,07,617426014000,2026091011,1000,N,438,1,,62.19,750,1,Q10-D-23,日野,未,2026-09-10T10:51:36Z,"Kotani, Miki/小谷 美輝",11:06,11:06,False,3.0,576,,
02N,2982,2,07,631426010000,2026091011,1000,N,443,1,,72.916,1000,1,Q10-A-24,日野,未,2026-09-10T10:51:42Z,"Kotani, Miki/小谷 美輝",11:06,11:06,True,1.0,577,,
02N,2982,2,07,5831160F1000,2026090711,1000,N,248,1,,72.918,600,5,Q10-B-23,日野,未,2026-09-10T10:51:24Z,"Kotani, Miki/小谷 美輝",11:06,11:06,,,578,11.0,
02N,2982,2,07,5831160F1000,2026090911,1000,N,248,1,,72.918,600,5,Q10-B-23,日野,未,2026-09-10T10:51:26Z,"Kotani, Miki/小谷 美輝",11:06,11:06,,,578,11.0,
02N,2982,2,07,5831160F1000,2026091011,1000,N,248,1,,72.918,600,5,Q10-B-23,日野,未,2026-09-10T10:51:26Z,"Kotani, Miki/小谷 美輝",11:06,11:06,,,579,12.0,
02N,2982,2,07,5831160F4000,2026090711,1000,N,250,1,,72.917,600,5,Q10-A-27,日野,未,2026-09-10T10:51:26Z,"Kotani, Miki/小谷 美輝",11:06,11:06,,,579,12.0,
02N,2982,2,07,5831160F4000,2026090811,1000,N,250,1,,72.917,600,5,Q10-A-27,日野,未,2026-09-10T10:51:27Z,"Kotani, Miki/小谷 美輝",11:06,11:06,,,580,13.0,
02N,2982,2,07,5831160F4000,2026090911,1000,N,250,1,,72.917,600,5,Q10-A-27,日野,未,2026-09-10T10:51:27Z,"Kotani, Miki/小谷 美輝",11:06,11:06,,,580,13.0,
02N,2982,2,07,5831160F4000,2026091011,1000,N,250,1,,72.917,600,5,Q10-A-27,日野,未,2026-09-10T10:51:27Z,"Kotani, Miki/小谷 美輝",11:06,11:06,,,581,14.0,
02N,2982,2,W5,671456020000,2026090711,1000,N,477,1,,72.915,500,21,Q10-A-22,日野,未,2026-09-10T10:51:44Z,"Kotani, Miki/小谷 美輝",11:06,11:06,False,1.0,582,,
02N,2982,2,W5,671466020000,2026090711,1000,N,478,1,,72.914,500,21,Q10-A-20,日野,未,2026-09-10T10:51:46Z,"Kotani, Miki/小谷 美輝",11:06,11:06,False,1.0,582,,
02N,2982,2,07,617756002000,2026090711,1000,N,439,1,,72.906,500,21,Q10-B-3,日野,未,2026-09-10T10:51:37Z,"Kotani, Miki/小谷 美輝",11:06,11:06,False,1.0,582,,
02N,2982,2,07,617766003000,2026090711,1000,N,440,1,,72.905,500,21,Q10-B-1,日野,未,2026-09-10T10:51:39Z,"Kotani, Miki/小谷 美輝",11:06,11:06,False,1.0,582,,
02N,2982,2,W5,671456020000,2026090911,1000,N,477,2,,72.915,500,21,Q10-A-22,日野,未,2026-09-10T10:51:44Z,"Kotani, Miki/小谷 美輝",11:06,11:06,False,1.0,583,,
02N,2982,2,W5,671456020000,2026090911,1000,N,477,2,,72.915,500,21,Q10-A-22,日野,未,2026-09-10T10:51:44Z,"Kotani, Miki/小谷 美輝",11:06,11:06,False,1.0,583,,
02N,2982,2,W5,671466020000,2026090911,1000,N,478,1,,72.914,500,21,Q10-A-20,日野,未,2026-09-10T10:51:46Z,"Kotani, Miki/小谷 美輝",11:06,11:06,False,1.0,583,,
02N,2982,2,07,617756002000,2026090911,1000,N,439,1,,72.906,500,21,Q10-B-3,日野,未,2026-09-10T10:51:37Z,"Kotani, Miki/小谷 美輝",11:06,11:06,False,1.0,583,,
02N,2982,2,07,617766003000,2026090911,1000,N,440,1,,72.905,500,21,Q10-B-1,日野,未,2026-09-10T10:51:39Z,"Kotani, Miki/小谷 美輝",11:06,11:06,False,2.0,584,,
02N,2982,2,07,617766004000,2026091011,1000,N,442,1,,72.9,500,21,Q10-B-A,日野,未,2026-09-10T10:51:40Z,"Kotani, Miki/小谷 美輝",11:06,11:06,False,2.0,584,,
02N,2982,2,W5,671456020000,2026091011,1000,N,477,1,,72.915,500,21,Q10-A-22,日野,未,2026-09-10T10:51:45Z,"Kotani, Miki/小谷 美輝",11:06,11:06,False,1.0,585,,
02N,2982,2,W5,671466020000,2026091011,1000,N,478,1,,72.914,500,21,Q10-A-20,日野,未,2026-09-10T10:51:46Z,"Kotani, Miki/小谷 美輝",11:06,11:06,False,1.0,585,,
02N,2982,2,07,617756002000,2026091011,1000,N,439,1,,72.906,500,21,Q10-B-3,日野,未,2026-09-10T10:51:37Z,"Kotani, Miki/小谷 美輝",11:06,11:06,False,1.0,585,,
02N,2982,2,07,617766003000,2026091011,1000,N,440,1,,72.905,500,21,Q10-B-1,日野,未,2026-09-10T10:51:39Z,"Kotani, Miki/小谷 美輝",11:06,11:06,False,1.0,585,,
02N,2982,2,06,486246006000,2026090712,1000,N,196,1,,72.913,750,1,Q10-A-13,日野,未,2026-09-10T10:51:22Z,"Kotani, Miki/小谷 美輝",12:05,12:05,False,2.0,586,,
02N,2982,2,06,486226006000,2026090712,1000,N,194,1,,72.911,750,1,Q10-A-11,日野,未,2026-09-10T10:51:18Z,"Kotani, Miki/小谷 美輝",12:05,12:05,False,2.0,586,,
02N,2982,2,07,616236014000,2026090712,1000,N,431,1,,72.908,500,1,Q10-B-7,日野,未,2026-09-10T10:51:28Z,"Kotani, Miki/小谷 美輝",12:05,12:05,False,2.0,586,,
02N,2982,2,07,617416014000,2026090712,1000,N,437,1,,62.1901,750,1,Q10-D-25,日野,未,2026-09-10T10:51:31Z,"Kotani, Miki/小谷 美輝",12:05,12:05,False,3.0,587,,
02N,2982,2,07,617426014000,2026090712,1000,N,438,2,,62.19,750,1,Q10-D-23,日野,未,2026-09-10T10:51:35Z,"Kotani, Miki/小谷 美輝",12:05,12:05,False,3.0,587,,
02N,2982,2,07,617426014000,2026090712,1000,N,438,2,,62.19,750,1,Q10-D-23,日野,未,2026-09-10T10:51:35Z,"Kotani, Miki/小谷 美輝",12:05,12:05,False,3.0,587,,
02N,2982,2,06,486246006000,2026090812,1000,N,196,1,,72.913,750,1,Q10-A-13,日野,未,2026-09-10T10:51:22Z,"Kotani, Miki/小谷 美輝",12:05,12:05,False,2.0,588,,
02N,2982,2,06,486236006000,2026090812,1000,N,195,1,,72.912,750,1,Q10-A-12,日野,未,2026-09-10T10:51:20Z,"Kotani, Miki/小谷 美輝",12:05,12:05,False,2.0,588,,
02N,2982,2,06,486226006000,2026090812,1000,N,194,1,,72.911,750,1,Q10-A-11,日野,未,2026-09-10T10:51:18Z,"Kotani, Miki/小谷 美輝",12:05,12:05,False,2.0,588,,
02N,2982,2,07,616236014000,2026090812,1000,N,431,1,,72.908,500,1,Q10-B-7,日野,未,2026-09-10T10:51:28Z,"Kotani, Miki/小谷 美輝",12:05,12:05,False,3.0,589,,
02N,2982,2,07,616246010000,2026090812,1000,N,432,1,,72.907,500,1,Q10-B-5,日野,未,2026-09-10T10:51:30Z,"Kotani, Miki/小谷 美輝",12:05,12:05,False,3.0,589,,
02N,2982,2,07,617416014000,2026090812,1000,N,437,1,,62.1901,750,1,Q10-D-25,日野,未,2026-09-10T10:51:32Z,"Kotani, Miki/小谷 美輝",12:05,12:05,False,3.0,589,,
02N,2982,2,06,486236006000,2026090912,1000,N,195,1,,72.912,750,1,Q10-A-12,日野,未,2026-09-10T10:51:21Z,"Kotani, Miki/小谷 美輝",12:05,12:05,False,2.0,590,,
02N,2982,2,06,486216006000,2026090912,1000,N,193,1,,72.91,750,1,Q10-A-10,日野,未,2026-09-10T10:51:17Z,"Kotani, Miki/小谷 美輝",12:05,12:05,False,2.0,590,,
02N,2982,2,07,616236014000,2026090912,1000,N,431,1,,72.908,500,1,Q10-B-7,日野,未,2026-09-10T10:51:28Z,"Kotani, Miki/小谷 美輝",12:05,12:05,False,2.0,590,,
02N,2982,2,07,631426010000,2026091012,1000,N,443,1,,72.916,1000,1,Q10-A-24,日野,未,2026-09-10T10:51:42Z,"Kotani, Miki/小谷 美輝",12:05,12:05,True,1.0,591,,
02N,2982,2,07,617416014000,2026090912,1000,N,437,1,,62.1901,750,1,Q10-D-25,日野,未,2026-09-10T10:51:32Z,"Kotani, Miki/小谷 美輝",12:05,12:05,False,3.0,591,,
02N,2982,2,07,617426014000,2026090912,1000,N,438,1,,62.19,750,1,Q10-D-23,日野,未,2026-09-10T10:51:36Z,"Kotani, Miki/小谷 美輝",12:05,12:05,False,3.0,591,,
02N,2982,2,06,486246006000,2026091012,1000,N,196,1,,72.913,750,1,Q10-A-13,日野,未,2026-09-10T10:51:23Z,"Kotani, Miki/小谷 美輝",12:05,12:05,False,2.0,592,,
02N,2982,2,06,486236006000,2026091012,1000,N,195,1,,72.912,750,1,Q10-A-12,日野,未,2026-09-10T10:51:21Z,"Kotani, Miki/小谷 美輝",12:05,12:05,False,2.0,592,,
02N,2982,2,06,486216006000,2026091012,1000,N,193,1,,72.91,750,1,Q10-A-10,日野,未,2026-09-10T10:51:17Z,"Kotani, Miki/小谷 美輝",12:05,12:05,False,2.0,592,,
02N,2982,2,07,616236014000,2026091012,1000,N,431,1,,72.908,500,1,Q10-B-7,日野,未,2026-09-10T10:51:29Z,"Kotani, Miki/小谷 美輝",12:05,12:05,False,3.0,593,,
02N,2982,2,07,617416014000,2026091012,1000,N,437,1,,62.1901,750,1,Q10-D-25,日野,未,2026-09-10T10:51:32Z,"Kotani, Miki/小谷 美輝",12:05,12:05,False,3.0,593,,
02N,2982,2,07,617426014000,2026091012,1000,N,438,2,,62.19,750,1,Q10-D-23,日野,未,2026-09-10T10:51:36Z,"Kotani, Miki/小谷 美輝",12:05,12:05,False,3.0,593,,
02N,2982,2,07,631426010000,2026090712,1000,N,443,1,,72.916,1000,1,Q10-A-24,日野,未,2026-09-10T10:51:41Z,"Kotani, Miki/小谷 美輝",12:05,12:05,True,1.0,594,,
02N,2982,2,07,631426010000,2026090812,1000,N,443,1,,72.916,1000,1,Q10-A-24,日野,未,2026-09-10T10:51:41Z,"Kotani, Miki/小谷 美輝",12:05,12:05,True,1.0,595,,
02N,2982,2,07,5831160F1000,2026090712,1000,N,248,1,,72.918,600,5,Q10-B-23,日野,未,2026-09-10T10:51:24Z,"Kotani, Miki/小谷 美輝",12:05,12:05,,,596,15.0,
02N,2982,2,07,5831160F1000,2026090812,1000,N,248,1,,72.918,600,5,Q10-B-23,日野,未,2026-09-10T10:51:25Z,"Kotani, Miki/小谷 美輝",12:05,12:05,,,596,15.0,
02N,2982,2,07,5831160F4000,2026090812,1000,N,250,1,,72.917,600,5,Q10-A-27,日野,未,2026-09-10T10:51:27Z,"Kotani, Miki/小谷 美輝",12:05,12:05,,,597,16.0,
02N,2982,2,07,5831160F4000,2026091012,1000,N,250,1,,72.917,600,5,Q10-A-27,日野,未,2026-09-10T10:51:27Z,"Kotani, Miki/小谷 美輝",12:05,12:05,,,597,16.0,
02N,2982,2,W5,671456020000,2026091012,1000,N,477,1,,72.915,500,21,Q10-A-22,日野,未,2026-09-10T10:51:45Z,"Kotani, Miki/小谷 美輝",12:05,12:05,False,1.0,598,,
02N,2982,2,W5,671466020000,2026091012,1000,N,478,1,,72.914,500,21,Q10-A-20,日野,未,2026-09-10T10:51:46Z,"Kotani, Miki/小谷 美輝",12:05,12:05,False,1.0,598,,
02N,2982,2,07,617766003000,2026091012,1000,N,440,1,,72.905,500,21,Q10-B-1,日野,未,2026-09-10T10:51:40Z,"Kotani, Miki/小谷 美輝",12:05,12:05,False,1.0,598,,
02N,2982,2,07,617756003000,2026091012,1000,N,441,1,,72.901,500,21,Q10-B-B,日野,未,2026-09-10T10:51:39Z,"Kotani, Miki/小谷 美輝",12:05,12:05,False,1.0,598,,
02N,2982,2,W5,671456020000,2026090712,1000,N,477,1,,72.915,500,21,Q10-A-22,日野,未,2026-09-10T10:51:44Z,"Kotani, Miki/小谷 美輝",12:05,12:05,False,1.0,599,,
02N,2982,2,W5,671466020000,2026090712,1000,N,478,1,,72.914,500,21,Q10-A-20,日野,未,2026-09-10T10:51:46Z,"Kotani, Miki/小谷 美輝",12:05,12:05,False,1.0,599,,
02N,2982,2,07,617766003000,2026090712,1000,N,440,1,,72.905,500,21,Q10-B-1,日野,未,2026-09-10T10:51:39Z,"Kotani, Miki/小谷 美輝",12:05,12:05,False,1.0,599,,
02N,2982,2,06,486246006000,2026090713,1000,N,196,1,,72.913,750,1,Q10-A-13,日野,未,2026-09-10T10:51:22Z,"Kotani, Miki/小谷 美輝",13:21,13:21,False,2.0,600,,
02N,2982,2,06,486236006000,2026090713,1000,N,195,1,,72.912,750,1,Q10-A-12,日野,未,2026-09-10T10:51:20Z,"Kotani, Miki/小谷 美輝",13:21,13:21,False,2.0,600,,
02N,2982,2,06,486226006000,2026090713,1000,N,194,1,,72.911,750,1,Q10-A-11,日野,未,2026-09-10T10:51:18Z,"Kotani, Miki/小谷 美輝",13:21,13:21,False,2.0,600,,
02N,2982,2,06,486216006000,2026090713,1000,N,193,1,,72.91,750,1,Q10-A-10,日野,未,2026-09-10T10:51:16Z,"Kotani, Miki/小谷 美輝",13:21,13:21,False,3.0,601,,
02N,2982,2,07,616236014000,2026090713,1000,N,431,2,,72.908,500,1,Q10-B-7,日野,未,2026-09-10T10:51:28Z,"Kotani, Miki/小谷 美輝",13:21,13:21,False,3.0,601,,
02N,2982,2,07,616236014000,2026090713,1000,N,431,2,,72.908,500,1,Q10-B-7,日野,未,2026-09-10T10:51:28Z,"Kotani, Miki/小谷 美輝",13:21,13:21,False,3.0,601,,
02N,2982,2,07,616246010000,2026090713,1000,N,432,1,,72.907,500,1,Q10-B-5,日野,未,2026-09-10T10:51:29Z,"Kotani, Miki/小谷 美輝",13:21,13:21,False,3.0,601,,
02N,2982,2,07,631426010000,2026090913,1000,N,443,1,,72.916,1000,1,Q10-A-24,日野,未,2026-09-10T10:51:41Z,"Kotani, Miki/小谷 美輝",13:21,13:21,True,1.0,602,,
02N,2982,2,07,617416014000,2026090713,1000,N,437,1,,62.1901,750,1,Q10-D-25,日野,未,2026-09-10T10:51:31Z,"Kotani, Miki/小谷 美輝",13:21,13:21,False,4.0,602,,
02N,2982,2,07,617426014000,2026090713,1000,N,438,1,,62.19,750,1,Q10-D-23,日野,未,2026-09-10T10:51:35Z,"Kotani, Miki/小谷 美輝",13:21,13:21,False,4.0,602,,
02N,2982,2,06,486216006000,2026090813,1000,N,193,1,,72.91,750,1,Q10-A-10,日野,未,2026-09-10T10:51:16Z,"Kotani, Miki/小谷 美輝",13:21,13:21,False,2.0,603,,
02N,2982,2,07,616246010000,2026090813,1000,N,432,1,,72.907,500,1,Q10-B-5,日野,未,2026-09-10T10:51:30Z,"Kotani, Miki/小谷 美輝",13:21,13:21,False,2.0,603,,
02N,2982,2,07,617416014000,2026090813,1000,N,437,1,,62.1901,750,1,Q10-D-25,日野,未,2026-09-10T10:51:32Z,"Kotani, Miki/小谷 美輝",13:21,13:21,False,2.0,603,,
02N,2982,2,07,631426010000,2026090813,1000,N,443,1,,72.916,1000,1,Q10-A-24,日野,未,2026-09-10T10:51:41Z,"Kotani, Miki/小谷 美輝",13:21,13:21,True,1.0,604,,
02N,2982,2,07,617426014000,2026090813,1000,N,438,2,,62.19,750,1,Q10-D-23,日野,未,2026-09-10T10:51:35Z,"Kotani, Miki/小谷 美輝",13:21,13:21,False,3.0,604,,
02N,2982,2,07,617426014000,2026090813,1000,N,438,2,,62.19,750,1,Q10-D-23,日野,未,2026-09-10T10:51:35Z,"Kotani, Miki/小谷 美輝",13:21,13:21,False,3.0,604,,
02N,2982,2,06,486246006000,2026090913,1000,N,196,1,,72.913,750,1,Q10-A-13,日野,未,2026-09-10T10:51:23Z,"Kotani, Miki/小谷 美輝",13:21,13:21,False,2.0,605,,
02N,2982,2,06,486226006000,2026090913,1000,N,194,1,,72.911,750,1,Q10-A-11,日野,未,2026-09-10T10:51:18Z,"Kotani, Miki/小谷 美輝",13:21,13:21,False,2.0,605,,
02N,2982,2,07,616236014000,2026090913,1000,N,431,1,,72.908,500,1,Q10-B-7,日野,未,2026-09-10T10:51:28Z,"Kotani, Miki/小谷 美輝",13:21,13:21,False,2.0,605,,
02N,2982,2,07,616246010000,2026090913,1000,N,432,1,,72.907,500,1,Q10-B-5,日野,未,2026-09-10T10:51:30Z,"Kotani, Miki/小谷 美輝",13:21,13:21,False,3.0,606,,
02N,2982,2,07,617416014000,2026090913,1000,N,437,1,,62.1901,750,1,Q10-D-25,日野,未,2026-09-10T10:51:32Z,"Kotani, Miki/小谷 美輝",13:21,13:21,False,3.0,606,,
02N,2982,2,07,617426014000,2026090913,1000,N,438,1,,62.19,750,1,Q10-D-23,日野,未,2026-09-10T10:51:36Z,"Kotani, Miki/小谷 美輝",13:21,13:21,False,3.0,606,,
02N,2982,2,06,486236006000,2026091013,1000,N,195,1,,72.912,750,1,Q10-A-12,日野,未,2026-09-10T10:51:21Z,"Kotani, Miki/小谷 美輝",13:21,13:21,False,2.0,607,,
02N,2982,2,06,486226006000,2026091013,1000,N,194,1,,72.911,750,1,Q10-A-11,日野,未,2026-09-10T10:51:19Z,"Kotani, Miki/小谷 美輝",13:21,13:21,False,2.0,607,,
02N,2982,2,06,486216006000,2026091013,1000,N,193,1,,72.91,750,1,Q10-A-10,日野,未,2026-09-10T10:51:17Z,"Kotani, Miki/小谷 美輝",13:21,13:21,False,2.0,607,,
02N,2982,2,07,631436012000,2026091013,1000,N,445,1,,72.909,515,1,Q10-A-7,日野,未,2026-09-10T10:51:43Z,"Kotani, Miki/小谷 美輝",13:21,13:21,False,3.0,608,,
02N,2982,2,07,616236014000,2026091013,1000,N,431,1,,72.908,500,1,Q10-B-7,日野,未,2026-09-10T10:51:29Z,"Kotani, Miki/小谷 美輝",13:21,13:21,False,3.0,608,,
02N,2982,2,07,616246010000,2026091013,1000,N,432,1,,72.907,500,1,Q10-B-5,日野,未,2026-09-10T10:51:30Z,"Kotani, Miki/小谷 美輝",13:21,13:21,False,3.0,608,,
02N,2982,2,07,617416014000,2026091013,1000,N,437,1,,62.1901,750,1,Q10-D-25,日野,未,2026-09-10T10:51:32Z,"Kotani, Miki/小谷 美輝",13:21,13:21,False,3.0,608,,
02N,2982,2,07,617426014000,2026091013,1000,N,438,1,,62.19,750,1,Q10-D-23,日野,未,2026-09-10T10:51:36Z,"Kotani, Miki/小谷 美輝",13:21,13:21,False,4.0,609,,
02N,2982,2,07,5831160F1000,2026090813,1000,N,248,1,,72.918,600,5,Q10-B-23,日野,未,2026-09-10T10:51:25Z,"Kotani, Miki/小谷 美輝",13:21,13:21,,,610,17.0,
02N,2982,2,07,5831160F1000,2026090913,1000,N,248,1,,72.918,600,5,Q10-B-23,日野,未,2026-09-10T10:51:26Z,"Kotani, Miki/小谷 美輝",13:21,13:21,,,610,17.0,
02N,2982,2,07,5831160F1000,2026091013,1000,N,248,1,,72.918,600,5,Q10-B-23,日野,未,2026-09-10T10:51:26Z,"Kotani, Miki/小谷 美輝",13:21,13:21,,,611,18.0,
02N,2982,2,07,5831160F4000,2026090713,1000,N,250,1,,72.917,600,5,Q10-A-27,日野,未,2026-09-10T10:51:26Z,"Kotani, Miki/小谷 美輝",13:21,13:21,,,611,18.0,
02N,2982,2,07,5831160F4000,2026090913,1000,N,250,1,,72.917,600,5,Q10-A-27,日野,未,2026-09-10T10:51:27Z,"Kotani, Miki/小谷 美輝",13:21,13:21,,,612,19.0,
02N,2982,2,W5,671456020000,2026090713,1000,N,477,2,,72.915,500,21,Q10-A-22,日野,未,2026-09-10T10:51:44Z,"Kotani, Miki/小谷 美輝",13:21,13:21,False,1.0,613,,
02N,2982,2,W5,671456020000,2026090713,1000,N,477,2,,72.915,500,21,Q10-A-22,日野,未,2026-09-10T10:51:44Z,"Kotani, Miki/小谷 美輝",13:21,13:21,False,1.0,613,,
02N,2982,2,W5,671466020000,2026090713,1000,N,478,1,,72.914,500,21,Q10-A-20,日野,未,2026-09-10T10:51:46Z,"Kotani, Miki/小谷 美輝",13:21,13:21,False,1.0,613,,
02N,2982,2,07,617756002000,2026090713,1000,N,439,1,,72.906,500,21,Q10-B-3,日野,未,2026-09-10T10:51:37Z,"Kotani, Miki/小谷 美輝",13:21,13:21,False,1.0,613,,
02N,2982,2,07,617756003000,2026090713,1000,N,441,1,,72.901,500,21,Q10-B-B,日野,未,2026-09-10T10:51:38Z,"Kotani, Miki/小谷 美輝",13:21,13:21,False,2.0,614,,
02N,2982,2,07,617756003000,2026090913,1000,N,441,1,,72.901,500,21,Q10-B-B,日野,未,2026-09-10T10:51:39Z,"Kotani, Miki/小谷 美輝",13:21,13:21,False,2.0,614,,
02N,2982,2,W5,671456020000,2026090813,1000,N,477,1,,72.915,500,21,Q10-A-22,日野,未,2026-09-10T10:51:44Z,"Kotani, Miki/小谷 美輝",13:21,13:21,False,1.0,615,,
02N,2982,2,W5,671466020000,2026090813,1000,N,478,1,,72.914,500,21,Q10-A-20,日野,未,2026-09-10T10:51:46Z,"Kotani, Miki/小谷 美輝",13:21,13:21,False,1.0,615,,
02N,2982,2,07,617756002000,2026090813,1000,N,439,1,,72.906,500,21,Q10-B-3,日野,未,2026-09-10T10:51:37Z,"Kotani, Miki/小谷 美輝",13:21,13:21,False,1.0,615,,
02N,2982,2,07,617766004000,2026090813,1000,N,442,1,,72.9,500,21,Q10-B-A,日野,未,2026-09-10T10:51:40Z,"Kotani, Miki/小谷 美輝",13:21,13:21,False,1.0,615,,
02N,2982,2,W5,671456020000,2026090913,1000,N,477,1,,72.915,500,21,Q10-A-22,日野,未,2026-09-10T10:51:44Z,"Kotani, Miki/小谷 美輝",13:21,13:21,False,1.0,616,,
02N,2982,2,W5,671466020000,2026090913,1000,N,478,1,,72.914,500,21,Q10-A-20,日野,未,2026-09-10T10:51:46Z,"Kotani, Miki/小谷 美輝",13:21,13:21,False,1.0,616,,
02N,2982,2,07,617756002000,2026090913,1000,N,439,1,,72.906,500,21,Q10-B-3,日野,未,2026-09-10T10:51:37Z,"Kotani, Miki/小谷 美輝",13:21,13:21,False,1.0,616,,
02N,2982,2,07,617766003000,2026090913,1000,N,440,1,,72.905,500,21,Q10-B-1,日野,未,2026-09-10T10:51:39Z,"Kotani, Miki/小谷 美輝",13:21,13:21,False,1.0,616,,
02N,2982,2,06,486246006000,2026090714,1000,N,196,1,,72.913,750,1,Q10-A-13,日野,未,2026-09-10T10:51:22Z,"Kotani, Miki/小谷 美輝",14:15,14:15,False,2.0,617,,
02N,2982,2,06,486236006000,2026090714,1000,N,195,1,,72.912,750,1,Q10-A-12,日野,未,2026-09-10T10:51:20Z,"Kotani, Miki/小谷 美輝",14:15,14:15,False,2.0,617,,
02N,2982,2,06,486216006000,2026090714,1000,N,193,1,,72.91,750,1,Q10-A-10,日野,未,2026-09-10T10:51:16Z,"Kotani, Miki/小谷 美輝",14:15,14:15,False,2.0,617,,
02N,2982,2,06,486236006000,2026090814,1000,N,195,1,,72.912,750,1,Q10-A-12,日野,未,2026-09-10T10:51:20Z,"Kotani, Miki/小谷 美輝",14:15,14:15,False,2.0,618,,
02N,2982,2,06,486226006000,2026090814,1000,N,194,1,,72.911,750,1,Q10-A-11,日野,未,2026-09-10T10:51:18Z,"Kotani, Miki/小谷 美輝",14:15,14:15,False,2.0,618,,
02N,2982,2,06,486216006000,2026090814,1000,N,193,1,,72.91,750,1,Q10-A-10,日野,未,2026-09-10T10:51:16Z,"Kotani, Miki/小谷 美輝",14:15,14:15,False,2.0,618,,
02N,2982,2,07,616236014000,2026090814,1000,N,431,1,,72.908,500,1,Q10-B-7,日野,未,2026-09-10T10:51:28Z,"Kotani, Miki/小谷 美輝",14:15,14:15,False,3.0,619,,
02N,2982,2,07,617416014000,2026090814,1000,N,437,1,,62.1901,750,1,Q10-D-25,日野,未,2026-09-10T10:51:32Z,"Kotani, Miki/小谷 美輝",14:15,14:15,False,3.0,619,,
02N,2982,2,07,617426014000,2026090814,1000,N,438,1,,62.19,750,1,Q10-D-23,日野,未,2026-09-10T10:51:35Z,"Kotani, Miki/小谷 美輝",14:15,14:15,False,3.0,619,,
02N,2982,2,06,486246006000,2026090914,1000,N,196,1,,72.913,750,1,Q10-A-13,日野,未,2026-09-10T10:51:23Z,"Kotani, Miki/小谷 美輝",14:15,14:15,False,2.0,620,,
02N,2982,2,06,486236006000,2026090914,1000,N,195,1,,72.912,750,1,Q10-A-12,日野,未,2026-09-10T10:51:21Z,"Kotani, Miki/小谷 美輝",14:15,14:15,False,2.0,620,,
02N,2982,2,06,486226006000,2026090914,1000,N,194,1,,72.911,750,1,Q10-A-11,日野,未,2026-09-10T10:51:18Z,"Kotani, Miki/小谷 美輝",14:15,14:15,False,2.0,620,,
02N,2982,2,07,631426010000,2026090714,1000,N,443,1,,72.916,1000,1,Q10-A-24,日野,未,2026-09-10T10:51:41Z,"Kotani, Miki/小谷 美輝",14:15,14:15,True,1.0,621,,
02N,2982,2,06,486216006000,2026090914,1000,N,193,1,,72.91,750,1,Q10-A-10,日野,未,2026-09-10T10:51:17Z,"Kotani, Miki/小谷 美輝",14:15,14:15,False,3.0,621,,
02N,2982,2,07,617426014000,2026090914,1000,N,438,1,,62.19,750,1,Q10-D-23,日野,未,2026-09-10T10:51:36Z,"Kotani, Miki/小谷 美輝",14:15,14:15,False,3.0,621,,
02N,2982,2,06,486246006000,2026091014,1000,N,196,1,,72.913,750,1,Q10-A-13,日野,未,2026-09-10T10:51:23Z,"Kotani, Miki/小谷 美輝",14:15,14:15,False,2.0,622,,
02N,2982,2,06,486236006000,2026091014,1000,N,195,1,,72.912,750,1,Q10-A-12,日野,未,2026-09-10T10:51:21Z,"Kotani, Miki/小谷 美輝",14:15,14:15,False,2.0,622,,
02N,2982,2,06,486226006000,2026091014,1000,N,194,1,,72.911,750,1,Q10-A-11,日野,未,2026-09-10T10:51:19Z,"Kotani, Miki/小谷 美輝",14:15,14:15,False,2.0,622,,
02N,2982,2,07,631426010000,2026090914,1000,N,443,1,,72.916,1000,1,Q10-A-24,日野,未,2026-09-10T10:51:41Z,"Kotani, Miki/小谷 美輝",14:15,14:15,True,1.0,623,,
02N,2982,2,06,486216006000,2026091014,1000,N,193,1,,72.91,750,1,Q10-A-10,日野,未,2026-09-10T10:51:17Z,"Kotani, Miki/小谷 美輝",14:15,14:15,False,3.0,623,,
02N,2982,2,07,617416014000,2026091014,1000,N,437,1,,62.1901,750,1,Q10-D-25,日野,未,2026-09-10T10:51:32Z,"Kotani, Miki/小谷 美輝",14:15,14:15,False,3.0,623,,
02N,2982,2,07,5831160F1000,2026090714,1000,N,248,1,,72.918,600,5,Q10-B-23,日野,未,2026-09-10T10:51:24Z,"Kotani, Miki/小谷 美輝",14:15,14:15,,,624,20.0,
02N,2982,2,07,5831160F4000,2026090814,1000,N,250,1,,72.917,600,5,Q10-A-27,日野,未,2026-09-10T10:51:27Z,"Kotani, Miki/小谷 美輝",14:15,14:15,,,624,20.0,
02N,2982,2,07,5831160F4000,2026091014,1000,N,250,1,,72.917,600,5,Q10-A-27,日野,未,2026-09-10T10:51:27Z,"Kotani, Miki/小谷 美輝",14:15,14:15,,,625,21.0,
02N,2982,2,07,631486005000,2026090714,1000,N,471,1,,72.904,600,11,Q10-A-3,日野,未,2026-09-10T10:51:43Z,"Kotani, Miki/小谷 美輝",14:15,14:15,,,626,3.0,
02N,2982,2,07,631496003000,2026090714,1000,N,472,1,,72.903,600,11,Q10-A-1,日野,未,2026-09-10T10:51:43Z,"Kotani, Miki/小谷 美輝",14:15,14:15,,,626,3.0,
02N,2982,2,07,617766003000,2026091014,1000,N,440,1,,72.905,500,21,Q10-B-1,日野,未,2026-09-10T10:51:40Z,"Kotani, Miki/小谷 美輝",14:15,14:15,False,1.0,627,,
