SSYUKKA,SYUKKASAKI,SYUKKAKOKU,UKEIRE,HINBAN,NONYUHIBIN,SMAKER,SKOKU,SEBANGO,PLANKANBANSU,SAKUSEITIME,移動工数,高さ,サイズ種類,ストア,納入先,引取済,登録日時,登録者,入車時間,_has_special_hinban,ローカルグループ番号,山通番,グループ番号,グルーピング番号
02N,8482,W,B7,582114202000,2026082001,1000,N,728,1,,346.5,550,1,C12-B-6,KVC,未,2026-09-08T15:50:29Z,"Kotani, Miki/小谷 美輝",06:45,False,1.0,1,,
02N,8482,W,B7,581167801100,2026082001,1000,N,700,1,,313.7402,830,1,C15-A-1,KVC,未,2026-09-08T15:50:28Z,"Kotani, Miki/小谷 美輝",06:45,False,1.0,1,,
02N,8482,W,B7,537224207090,2026082001,1000,N,720,1,,194.1302,515,1,L12-D-8,KVC,未,2026-09-08T15:50:25Z,"Kotani, Miki/小谷 美輝",06:45,False,1.0,1,,
02N,8482,W,B7,537214206090,2026082001,1000,N,719,1,,194.1301,515,1,L12-C-5,KVC,未,2026-09-08T15:50:21Z,"Kotani, Miki/小谷 美輝",06:45,False,1.0,1,,
02N,1000,K,K5,583114214100,2026082501,829,L,730,1,,313.7401,750,1,C15-A-3,高岡,未,2026-09-08T15:50:50Z,"Kotani, Miki/小谷 美輝",22:59,False,1.0,2,,
02N,8482,W,B3,581167801100,2026082101,1000,N,700,1,,313.7402,830,1,C15-A-1,KVC,未,2026-09-08T15:50:19Z,"Kotani, Miki/小谷 美輝",18:46,False,1.0,3,,
02N,8482,W,B7,581167801100,2026082101,1000,N,700,1,,313.7402,830,1,C15-A-1,KVC,未,2026-09-08T15:50:28Z,"Kotani, Miki/小谷 美輝",06:45,False,1.0,3,,
02N,8482,W,B7,537214206090,2026082101,1000,N,719,1,,194.1301,515,1,L12-C-5,KVC,未,2026-09-08T15:50:21Z,"Kotani, Miki/小谷 美輝",06:45,False,1.0,3,,
02N,8482,W,B3,581167801100,2026082401,1000,N,700,1,,313.7402,830,1,C15-A-1,KVC,未,2026-09-08T15:50:19Z,"Kotani, Miki/小谷 美輝",18:46,False,1.0,4,,
02N,8482,W,B7,581167801100,2026082401,1000,N,700,1,,313.7402,830,1,C15-A-1,KVC,未,2026-09-08T15:50:28Z,"Kotani, Miki/小谷 美輝",06:45,False,1.0,4,,
02N,8482,W,B7,537224207090,2026082401,1000,N,720,1,,194.1302,515,1,L12-D-8,KVC,未,2026-09-08T15:50:25Z,"Kotani, Miki/小谷 美輝",06:45,False,1.0,4,,
02N,8482,W,B7,581167801100,2026082402,1000,N,700,1,,313.7402,830,1,C15-A-1,KVC,未,2026-09-08T15:50:28Z,"Kotani, Miki/小谷 美輝",06:45,False,1.0,5,,
02N,8482,W,B7,537224207090,2026082402,1000,N,720,1,,194.1302,515,1,L12-D-8,KVC,未,2026-09-08T15:50:25Z,"Kotani, Miki/小谷 美輝",06:45,False,1.0,5,,
02N,8482,W,B7,537214206090,2026082401,1000,N,719,1,,194.1301,515,1,L12-C-5,KVC,未,2026-09-08T15:50:22Z,"Kotani, Miki/小谷 美輝",06:45,False,2.0,5,,
02N,8482,W,B7,537214206090,2026082402,1000,N,719,1,,194.1301,515,1,L12-C-5,KVC,未,2026-09-08T15:50:22Z,"Kotani, Miki/小谷 美輝",06:45,False,1.0,5,,
02N,8482,W,B3,581167801100,2026082403,1000,N,700,1,,313.7402,830,1,C15-A-1,KVC,未,2026-09-08T15:50:19Z,"Kotani, Miki/小谷 美輝",22:41,False,1.0,6,,
02N,8482,W,B7,581167801100,2026082403,1000,N,700,1,,313.7402,830,1,C15-A-1,KVC,未,2026-09-08T15:50:28Z,"Kotani, Miki/小谷 美輝",10:51,False,1.0,6,,
02N,1000,K,K5,583114214100,2026082701,829,L,730,1,,313.7401,750,1,C15-A-3,高岡,未,2026-09-08T15:50:50Z,"Kotani, Miki/小谷 美輝",22:59,False,1.0,6,,
02N,8482,W,B3,581167801100,2026082501,1000,N,700,1,,313.7402,830,1,C15-A-1,KVC,未,2026-09-08T15:50:19Z,"Kotani, Miki/小谷 美輝",18:46,False,1.0,7,,
02N,8482,W,B7,581167801100,2026082501,1000,N,700,1,,313.7402,830,1,C15-A-1,KVC,未,2026-09-08T15:50:28Z,"Kotani, Miki/小谷 美輝",06:45,False,1.0,7,,
02N,8482,W,B7,537224207090,2026082501,1000,N,720,1,,194.1302,515,1,L12-D-8,KVC,未,2026-09-08T15:50:25Z,"Kotani, Miki/小谷 美輝",06:45,False,1.0,7,,
02N,8482,W,B3,581167801100,2026082601,1000,N,700,1,,313.7402,830,1,C15-A-1,KVC,未,2026-09-08T15:50:20Z,"Kotani, Miki/小谷 美輝",18:46,False,1.0,8,,
02N,8482,W,B7,581167801100,2026082601,1000,N,700,1,,313.7402,830,1,C15-A-1,KVC,未,2026-09-08T15:50:28Z,"Kotani, Miki/小谷 美輝",06:45,False,1.0,8,,
02N,8482,W,B7,537224207090,2026082601,1000,N,720,1,,194.1302,515,1,L12-D-8,KVC,未,2026-09-08T15:50:25Z,"Kotani, Miki/小谷 美輝",06:45,False,1.0,8,,
02N,1000,K,K5,583114214100,2026082601,829,L,730,1,,313.7401,750,1,C15-A-3,高岡,未,2026-09-08T15:50:50Z,"Kotani, Miki/小谷 美輝",22:59,False,1.0,9,,
02N,1000,K,K5,537214206000,2026082601,829,L,719,1,,194.1301,515,1,L12-C-5,高岡,未,2026-09-08T15:50:42Z,"Kotani, Miki/小谷 美輝",22:59,False,1.0,9,,
02N,2982,2,07,631426010000,2026090710,1000,N,443,1,,72.916,1000,1,Q10-A-24,日野,未,2026-09-08T15:51:22Z,"Kotani, Miki/小谷 美輝",09:25,True,1.0,9,,
02N,8482,W,B7,582114202000,2026082701,1000,N,728,1,,346.5,550,1,C12-B-6,KVC,未,2026-09-08T15:50:30Z,"Kotani, Miki/小谷 美輝",06:45,False,1.0,10,,
02N,8482,W,B3,581167801100,2026082701,1000,N,700,1,,313.7402,830,1,C15-A-1,KVC,未,2026-09-08T15:50:20Z,"Kotani, Miki/小谷 美輝",18:46,False,1.0,10,,
02N,8482,W,B7,581167801100,2026082701,1000,N,700,1,,313.7402,830,1,C15-A-1,KVC,未,2026-09-08T15:50:28Z,"Kotani, Miki/小谷 美輝",06:45,False,1.0,10,,
02N,8482,W,B3,581167801100,2026082801,1000,N,700,1,,313.7402,830,1,C15-A-1,KVC,未,2026-09-08T15:50:20Z,"Kotani, Miki/小谷 美輝",18:46,False,1.0,11,,
02N,8482,W,B7,581167801100,2026082801,1000,N,700,1,,313.7402,830,1,C15-A-1,KVC,未,2026-09-08T15:50:29Z,"Kotani, Miki/小谷 美輝",06:45,False,1.0,11,,
02N,8482,W,B7,537224207090,2026082801,1000,N,720,1,,194.1302,515,1,L12-D-8,KVC,未,2026-09-08T15:50:26Z,"Kotani, Miki/小谷 美輝",06:45,False,1.0,11,,
02N,1000,K,K5,583114214100,2026082801,829,L,730,1,,313.7401,750,1,C15-A-3,高岡,未,2026-09-08T15:50:50Z,"Kotani, Miki/小谷 美輝",22:59,False,1.0,12,,
02N,1000,K,K5,581164203000,2026082801,829,L,726,1,,313.74,830,1,C15-B-5,高岡,未,2026-09-08T15:50:48Z,"Kotani, Miki/小谷 美輝",22:59,False,1.0,12,,
02N,1000,K,K5,537214206000,2026082801,829,L,719,1,,194.1301,515,1,L12-C-5,高岡,未,2026-09-08T15:50:42Z,"Kotani, Miki/小谷 美輝",22:59,False,1.0,12,,
02N,8482,W,B3,581167801100,2026083101,1000,N,700,1,,313.7402,830,1,C15-A-1,KVC,未,2026-09-08T15:50:20Z,"Kotani, Miki/小谷 美輝",18:46,False,1.0,13,,
02N,8482,W,B7,581167801100,2026083101,1000,N,700,1,,313.7402,830,1,C15-A-1,KVC,未,2026-09-08T15:50:29Z,"Kotani, Miki/小谷 美輝",06:45,False,1.0,13,,
02N,8482,W,B7,537214206090,2026083101,1000,N,719,1,,194.1301,515,1,L12-C-5,KVC,未,2026-09-08T15:50:22Z,"Kotani, Miki/小谷 美輝",06:45,False,1.0,13,,
02N,1000,K,K5,583114214100,2026083101,829,L,730,1,,313.7401,750,1,C15-A-3,高岡,未,2026-09-08T15:50:50Z,"Kotani, Miki/小谷 美輝",22:59,False,1.0,14,,
02N,1000,K,K5,581164203000,2026083101,829,L,726,1,,313.74,830,1,C15-B-5,高岡,未,2026-09-08T15:50:48Z,"Kotani, Miki/小谷 美輝",22:59,False,1.0,14,,
02N,1000,K,K5,537224207000,2026083101,829,L,720,1,,194.1302,515,1,L12-D-8,高岡,未,2026-09-08T15:50:43Z,"Kotani, Miki/小谷 美輝",22:59,False,1.0,14,,
02N,1000,K,K5,581164203000,2026083105,829,L,726,1,,313.74,830,1,C15-B-5,高岡,未,2026-09-08T15:50:48Z,"Kotani, Miki/小谷 美輝",18:46,False,1.0,15,,
02N,1000,K,K5,537224207000,2026083105,829,L,720,1,,194.1302,515,1,L12-D-8,高岡,未,2026-09-08T15:50:43Z,"Kotani, Miki/小谷 美輝",18:46,False,1.0,15,,
02N,2982,2,07,631426010000,2026090801,1000,N,443,1,,72.916,1000,1,Q10-A-24,日野,未,2026-09-08T15:51:23Z,"Kotani, Miki/小谷 美輝",17:00,True,1.0,15,,
02N,1000,K,K5,583114214100,2026090201,829,L,730,1,,313.7401,750,1,C15-A-3,高岡,未,2026-09-08T15:50:51Z,"Kotani, Miki/小谷 美輝",22:59,False,1.0,16,,
02N,1000,K,K5,581164203000,2026090201,829,L,726,1,,313.74,830,1,C15-B-5,高岡,未,2026-09-08T15:50:48Z,"Kotani, Miki/小谷 美輝",22:59,False,1.0,16,,
02N,1000,K,K5,583114214100,2026090301,829,L,730,1,,313.7401,750,1,C15-A-3,高岡,未,2026-09-08T15:50:51Z,"Kotani, Miki/小谷 美輝",22:59,False,1.0,17,,
02N,1000,K,K5,537214206000,2026090301,829,L,719,1,,194.1301,515,1,L12-C-5,高岡,未,2026-09-08T15:50:43Z,"Kotani, Miki/小谷 美輝",22:59,False,1.0,17,,
02N,2982,2,W5,671456020000,2026090705,1000,N,477,1,,72.915,500,21,Q10-A-22,日野,未,2026-09-08T15:51:24Z,"Kotani, Miki/小谷 美輝",22:18,False,1.0,17,,
02N,2982,2,W5,671466020000,2026090705,1000,N,478,1,,72.914,500,21,Q10-A-20,日野,未,2026-09-08T15:51:25Z,"Kotani, Miki/小谷 美輝",22:18,False,1.0,17,,
02N,1000,K,K5,583114214100,2026090401,829,L,730,1,,313.7401,750,1,C15-A-3,高岡,未,2026-09-08T15:50:51Z,"Kotani, Miki/小谷 美輝",22:59,False,1.0,18,,
02N,1000,K,K5,581164203000,2026090401,829,L,726,1,,313.74,830,1,C15-B-5,高岡,未,2026-09-08T15:50:48Z,"Kotani, Miki/小谷 美輝",22:59,False,1.0,18,,
02N,2982,2,06,486246006000,2026090701,1000,N,196,1,,72.913,750,1,Q10-A-13,日野,未,2026-09-08T15:51:08Z,"Kotani, Miki/小谷 美輝",17:00,False,1.0,19,,
02N,2982,2,06,486236006000,2026090701,1000,N,195,1,,72.912,750,1,Q10-A-12,日野,未,2026-09-08T15:51:07Z,"Kotani, Miki/小谷 美輝",17:00,False,1.0,19,,
02N,2982,2,06,486226006000,2026090701,1000,N,194,1,,72.911,750,1,Q10-A-11,日野,未,2026-09-08T15:51:06Z,"Kotani, Miki/小谷 美輝",17:00,False,1.0,19,,
02N,7371,4,28,582114202000,2026090701,1000,N,728,1,,346.5,550,1,C12-B-6,織機,未,2026-09-08T15:51:01Z,"Kotani, Miki/小谷 美輝",23:35,False,1.0,20,,
02N,7371,4,28,583114214100,2026090701,1000,N,730,2,,313.7401,750,1,C15-A-3,織機,未,2026-09-08T15:51:01Z,"Kotani, Miki/小谷 美輝",23:35,False,1.0,20,,
02N,7371,4,28,583114214100,2026090701,1000,N,730,2,,313.7401,750,1,C15-A-3,織機,未,2026-09-08T15:51:01Z,"Kotani, Miki/小谷 美輝",23:35,False,1.0,20,,
02N,1000,K,K5,581164203000,2026090701,829,L,726,1,,313.74,830,1,C15-B-5,高岡,未,2026-09-08T15:50:48Z,"Kotani, Miki/小谷 美輝",22:59,False,1.0,21,,
02N,1000,K,K5,537224207000,2026090701,829,L,720,1,,194.1302,515,1,L12-D-8,高岡,未,2026-09-08T15:50:43Z,"Kotani, Miki/小谷 美輝",22:59,False,1.0,21,,
02N,8482,W,B7,537214206090,2026082601,1000,N,719,1,,194.1301,515,1,L12-C-5,KVC,未,2026-09-08T15:50:22Z,"Kotani, Miki/小谷 美輝",06:45,False,2.0,22,,
02N,8482,W,B7,537214206090,2026082801,1000,N,719,1,,194.1301,515,1,L12-C-5,KVC,未,2026-09-08T15:50:22Z,"Kotani, Miki/小谷 美輝",06:45,False,2.0,22,,
02N,1000,K,K5,583114214100,2026090101,829,L,730,1,,313.7401,750,1,C15-A-3,高岡,未,2026-09-08T15:50:51Z,"Kotani, Miki/小谷 美輝",22:59,False,1.0,23,,
02N,2982,2,07,617416014000,2026090704,1000,N,437,1,,62.1901,750,1,Q10-D-25,日野,未,2026-09-08T15:51:17Z,"Kotani, Miki/小谷 美輝",21:15,False,2.0,23,,
02N,2982,2,07,617426014000,2026090704,1000,N,438,1,,62.19,750,1,Q10-D-23,日野,未,2026-09-08T15:51:19Z,"Kotani, Miki/小谷 美輝",21:15,False,2.0,23,,
02N,1000,K,K5,583114214100,2026090705,829,L,730,1,,313.7401,750,1,C15-A-3,高岡,未,2026-09-08T15:50:51Z,"Kotani, Miki/小谷 美輝",18:46,False,1.0,24,,
02N,1000,K,K5,537224207000,2026090705,829,L,720,1,,194.1302,515,1,L12-D-8,高岡,未,2026-09-08T15:50:44Z,"Kotani, Miki/小谷 美輝",18:46,False,1.0,24,,
02N,2982,2,06,486216006000,2026090701,1000,N,193,1,,72.91,750,1,Q10-A-10,日野,未,2026-09-08T15:51:04Z,"Kotani, Miki/小谷 美輝",17:00,False,2.0,24,,
02N,8482,W,B7,581167801100,2026090801,1000,N,700,1,,313.7402,830,1,C15-A-1,KVC,未,2026-09-08T15:50:29Z,"Kotani, Miki/小谷 美輝",06:45,False,1.0,25,,
02N,8482,W,B7,537224207090,2026082701,1000,N,720,1,,194.1302,515,1,L12-D-8,KVC,未,2026-09-08T15:50:25Z,"Kotani, Miki/小谷 美輝",06:45,False,2.0,25,,
02N,8482,W,B7,537214206090,2026082701,1000,N,719,1,,194.1301,515,1,L12-C-5,KVC,未,2026-09-08T15:50:22Z,"Kotani, Miki/小谷 美輝",06:45,False,2.0,25,,
02N,8482,W,B7,537214206090,2026090801,1000,N,719,1,,194.1301,515,1,L12-C-5,KVC,未,2026-09-08T15:50:23Z,"Kotani, Miki/小谷 美輝",06:45,False,1.0,25,,
02N,8482,W,B7,537214206090,2026082501,1000,N,719,1,,194.1301,515,1,L12-C-5,KVC,未,2026-09-08T15:50:22Z,"Kotani, Miki/小谷 美輝",06:45,False,2.0,26,,
02N,2982,2,06,486226006000,2026090801,1000,N,194,1,,72.911,750,1,Q10-A-11,日野,未,2026-09-08T15:51:06Z,"Kotani, Miki/小谷 美輝",17:00,False,2.0,26,,
02N,2982,2,07,616236014000,2026090801,1000,N,431,1,,72.908,500,1,Q10-B-7,日野,未,2026-09-08T15:51:15Z,"Kotani, Miki/小谷 美輝",17:00,False,2.0,26,,
02N,2982,2,07,616246010000,2026090801,1000,N,432,1,,72.907,500,1,Q10-B-5,日野,未,2026-09-08T15:51:16Z,"Kotani, Miki/小谷 美輝",17:00,False,2.0,26,,
02N,2982,2,07,617416014000,2026090801,1000,N,437,1,,62.1901,750,1,Q10-D-25,日野,未,2026-09-08T15:51:18Z,"Kotani, Miki/小谷 美輝",17:00,False,3.0,27,,
02N,2982,2,07,617426014000,2026090801,1000,N,438,1,,62.19,750,1,Q10-D-23,日野,未,2026-09-08T15:51:19Z,"Kotani, Miki/小谷 美輝",17:00,False,3.0,27,,
02N,1000,D,2P,631426010000,2026090801,829,L,443,1,,16.6502,1000,1,Q9-A-9,三栄,未,2026-09-08T15:50:53Z,"Kotani, Miki/小谷 美輝",07:10,True,1.0,27,,
02N,7371,4,28,582114202000,2026090801,1000,N,728,1,,346.5,550,1,C12-B-6,織機,未,2026-09-08T15:51:01Z,"Kotani, Miki/小谷 美輝",23:35,False,1.0,28,,
02N,7371,4,28,583114214100,2026090801,1000,N,730,2,,313.7401,750,1,C15-A-3,織機,未,2026-09-08T15:51:01Z,"Kotani, Miki/小谷 美輝",23:35,False,1.0,28,,
02N,7371,4,28,583114214100,2026090801,1000,N,730,2,,313.7401,750,1,C15-A-3,織機,未,2026-09-08T15:51:01Z,"Kotani, Miki/小谷 美輝",23:35,False,1.0,28,,
02N,1000,H,1W,571111101000,2026083101,829,L,319,1,,168.3905,800,1,N12-A-21,元町,未,2026-09-08T15:50:34Z,"Kotani, Miki/小谷 美輝",22:59,False,1.0,29,,
02N,2982,2,W5,671456020000,2026090804,1000,N,477,1,,72.915,500,21,Q10-A-22,日野,未,2026-09-08T15:51:24Z,"Kotani, Miki/小谷 美輝",21:15,False,1.0,29,,
02N,2982,2,W5,671466020000,2026090804,1000,N,478,1,,72.914,500,21,Q10-A-20,日野,未,2026-09-08T15:51:25Z,"Kotani, Miki/小谷 美輝",21:15,False,1.0,29,,
02N,2982,2,07,617756002000,2026090804,1000,N,439,1,,72.906,500,21,Q10-B-3,日野,未,2026-09-08T15:51:21Z,"Kotani, Miki/小谷 美輝",21:15,False,1.0,29,,
02N,7371,4,61,583114214100,2026090801,1000,N,730,1,,313.7401,750,1,C15-A-3,織機,未,2026-09-08T15:51:03Z,"Kotani, Miki/小谷 美輝",23:35,False,2.0,30,,
02N,2982,2,07,631426010000,2026090805,1000,N,443,1,,72.916,1000,1,Q10-A-24,日野,未,2026-09-08T15:51:23Z,"Kotani, Miki/小谷 美輝",22:18,True,1.0,30,,
02N,8482,W,B7,581164203000,2026090901,1000,N,726,1,,313.74,830,1,C15-B-5,KVC,未,2026-09-08T15:50:28Z,"Kotani, Miki/小谷 美輝",06:45,False,1.0,31,,
02N,8482,W,B7,537214206090,2026090901,1000,N,719,1,,194.1301,515,1,L12-C-5,KVC,未,2026-09-08T15:50:23Z,"Kotani, Miki/小谷 美輝",06:45,False,1.0,31,,
02N,2982,2,07,631426010000,2026090901,1000,N,443,1,,72.916,1000,1,Q10-A-24,日野,未,2026-09-08T15:51:23Z,"Kotani, Miki/小谷 美輝",17:00,True,1.0,31,,
02N,1000,D,2P,631426010000,2026090901,829,L,443,2,,16.6502,1000,1,Q9-A-9,三栄,未,2026-09-08T15:50:53Z,"Kotani, Miki/小谷 美輝",07:10,True,1.0,32,,
02N,1000,D,2P,631426010000,2026090901,829,L,443,2,,16.6502,1000,1,Q9-A-9,三栄,未,2026-09-08T15:50:53Z,"Kotani, Miki/小谷 美輝",07:10,True,1.0,32,,
02N,2982,2,07,631426011000,2026090901,1000,N,444,1,,72.919,515,1,Q10-A-30,日野,未,2026-09-08T15:51:23Z,"Kotani, Miki/小谷 美輝",17:00,False,2.0,33,,
02N,2982,2,06,486246006000,2026090901,1000,N,196,1,,72.913,750,1,Q10-A-13,日野,未,2026-09-08T15:51:11Z,"Kotani, Miki/小谷 美輝",17:00,False,2.0,33,,
02N,2982,2,06,486236006000,2026090901,1000,N,195,1,,72.912,750,1,Q10-A-12,日野,未,2026-09-08T15:51:08Z,"Kotani, Miki/小谷 美輝",17:00,False,2.0,33,,
02N,2982,2,06,486226006000,2026090901,1000,N,194,1,,72.911,750,1,Q10-A-11,日野,未,2026-09-08T15:51:07Z,"Kotani, Miki/小谷 美輝",17:00,False,3.0,34,,
02N,2982,2,06,486216006000,2026090901,1000,N,193,1,,72.91,750,1,Q10-A-10,日野,未,2026-09-08T15:51:05Z,"Kotani, Miki/小谷 美輝",17:00,False,3.0,34,,
02N,2982,2,07,616236014000,2026090901,1000,N,431,1,,72.908,500,1,Q10-B-7,日野,未,2026-09-08T15:51:15Z,"Kotani, Miki/小谷 美輝",17:00,False,3.0,34,,
02N,1000,K,K5,583114214100,2026082704,829,L,730,1,,313.7401,750,1,C15-A-3,高岡,未,2026-09-08T15:50:50Z,"Kotani, Miki/小谷 美輝",14:40,False,1.0,35,,
02N,2982,2,07,616246010000,2026090901,1000,N,432,1,,72.907,500,1,Q10-B-5,日野,未,2026-09-08T15:51:17Z,"Kotani, Miki/小谷 美輝",17:00,False,4.0,35,,
02N,2982,2,07,617416014000,2026090901,1000,N,437,1,,62.1901,750,1,Q10-D-25,日野,未,2026-09-08T15:51:18Z,"Kotani, Miki/小谷 美輝",17:00,False,4.0,35,,
02N,7371,4,28,583114214100,2026090901,1000,N,730,2,,313.7401,750,1,C15-A-3,織機,未,2026-09-08T15:51:02Z,"Kotani, Miki/小谷 美輝",23:35,False,1.0,36,,
02N,7371,4,28,583114214100,2026090901,1000,N,730,2,,313.7401,750,1,C15-A-3,織機,未,2026-09-08T15:51:02Z,"Kotani, Miki/小谷 美輝",23:35,False,1.0,36,,
02N,7371,4,61,583114214100,2026090901,1000,N,730,1,,313.7401,750,1,C15-A-3,織機,未,2026-09-08T15:51:03Z,"Kotani, Miki/小谷 美輝",23:35,False,1.0,36,,
02N,1000,H,1W,571111101000,2026090501,829,L,319,1,,168.3905,800,1,N12-A-21,元町,未,2026-09-08T15:50:35Z,"Kotani, Miki/小谷 美輝",22:59,False,1.0,37,,
02N,2982,2,W5,671456020000,2026090904,1000,N,477,1,,72.915,500,21,Q10-A-22,日野,未,2026-09-08T15:51:24Z,"Kotani, Miki/小谷 美輝",21:15,False,1.0,37,,
02N,2982,2,07,617756002000,2026090904,1000,N,439,1,,72.906,500,21,Q10-B-3,日野,未,2026-09-08T15:51:21Z,"Kotani, Miki/小谷 美輝",21:15,False,1.0,37,,
02N,2982,2,07,617766003000,2026090904,1000,N,440,1,,72.905,500,21,Q10-B-1,日野,未,2026-09-08T15:51:22Z,"Kotani, Miki/小谷 美輝",21:15,False,1.0,37,,
02N,8482,W,B3,581167801100,2026091001,1000,N,700,1,,313.7402,830,1,C15-A-1,KVC,未,2026-09-08T15:50:21Z,"Kotani, Miki/小谷 美輝",18:46,False,1.0,38,,
02N,8482,W,B7,537224207090,2026091001,1000,N,720,1,,194.1302,515,1,L12-D-8,KVC,未,2026-09-08T15:50:26Z,"Kotani, Miki/小谷 美輝",06:45,False,1.0,38,,
02N,2982,2,07,631426010000,2026090902,1000,N,443,1,,72.916,1000,1,Q10-A-24,日野,未,2026-09-08T15:51:23Z,"Kotani, Miki/小谷 美輝",18:30,True,1.0,38,,
02N,2982,2,07,631426011000,2026091201,1000,N,444,1,,72.919,515,1,Q10-A-30,日野,未,2026-09-08T15:51:24Z,"Kotani, Miki/小谷 美輝",17:00,False,2.0,39,,
02N,2982,2,06,486246006000,2026091201,1000,N,196,1,,72.913,750,1,Q10-A-13,日野,未,2026-09-08T15:51:11Z,"Kotani, Miki/小谷 美輝",17:00,False,2.0,39,,
02N,2982,2,06,486236006000,2026091201,1000,N,195,1,,72.912,750,1,Q10-A-12,日野,未,2026-09-08T15:51:08Z,"Kotani, Miki/小谷 美輝",17:00,False,2.0,39,,
02N,2982,2,06,486226006000,2026091201,1000,N,194,1,,72.911,750,1,Q10-A-11,日野,未,2026-09-08T15:51:07Z,"Kotani, Miki/小谷 美輝",17:00,False,3.0,40,,
02N,2982,2,06,486216006000,2026091201,1000,N,193,1,,72.91,750,1,Q10-A-10,日野,未,2026-09-08T15:51:05Z,"Kotani, Miki/小谷 美輝",17:00,False,3.0,40,,
02N,2982,2,07,631436012000,2026091201,1000,N,445,1,,72.909,515,1,Q10-A-7,日野,未,2026-09-08T15:51:24Z,"Kotani, Miki/小谷 美輝",17:00,False,3.0,40,,
02N,2982,2,07,617416014000,2026091201,1000,N,437,2,,62.1901,750,1,Q10-D-25,日野,未,2026-09-08T15:51:18Z,"Kotani, Miki/小谷 美輝",17:00,False,5.0,41,,
02N,2982,2,07,617426014000,2026091201,1000,N,438,2,,62.19,750,1,Q10-D-23,日野,未,2026-09-08T15:51:20Z,"Kotani, Miki/小谷 美輝",17:00,False,5.0,41,,
02N,2982,2,07,617426014000,2026091201,1000,N,438,2,,62.19,750,1,Q10-D-23,日野,未,2026-09-08T15:51:20Z,"Kotani, Miki/小谷 美輝",17:00,False,5.0,41,,
02N,2982,2,07,631426010000,2026091201,1000,N,443,1,,72.916,1000,1,Q10-A-24,日野,未,2026-09-08T15:51:23Z,"Kotani, Miki/小谷 美輝",17:00,True,1.0,42,,
02N,2982,2,07,616236014000,2026091201,1000,N,431,1,,72.908,500,1,Q10-B-7,日野,未,2026-09-08T15:51:15Z,"Kotani, Miki/小谷 美輝",17:00,False,4.0,43,,
02N,2982,2,07,616246010000,2026091201,1000,N,432,1,,72.907,500,1,Q10-B-5,日野,未,2026-09-08T15:51:17Z,"Kotani, Miki/小谷 美輝",17:00,False,4.0,43,,
02N,2982,2,07,617416014000,2026091201,1000,N,437,2,,62.1901,750,1,Q10-D-25,日野,未,2026-09-08T15:51:18Z,"Kotani, Miki/小谷 美輝",17:00,False,4.0,43,,
02N,2982,2,07,5831160F1000,2026090901,1000,N,248,1,,72.918,600,5,Q10-B-23,日野,未,2026-09-08T15:51:12Z,"Kotani, Miki/小谷 美輝",17:00,,,44,14.0,
02N,2982,2,07,5831160F1000,2026091201,1000,N,248,1,,72.918,600,5,Q10-B-23,日野,未,2026-09-08T15:51:12Z,"Kotani, Miki/小谷 美輝",17:00,,,44,14.0,
02N,2982,2,07,5831160F4000,2026090801,1000,N,250,1,,72.917,600,5,Q10-A-27,日野,未,2026-09-08T15:51:14Z,"Kotani, Miki/小谷 美輝",17:00,,,45,15.0,
02N,2982,2,07,5831160F4000,2026091201,1000,N,250,1,,72.917,600,5,Q10-A-27,日野,未,2026-09-08T15:51:14Z,"Kotani, Miki/小谷 美輝",17:00,,,45,15.0,
02N,1000,H,1W,572411101000,2026090401,829,L,327,1,,168.3902,800,7,M12-B-17,元町,未,2026-09-08T15:50:36Z,"Kotani, Miki/小谷 美輝",22:59,,,46,3.0,
02N,1000,D,2P,631496003000,2026090801,829,L,472,3,,119.43,600,11,Q11-C-A,三栄,未,2026-09-08T15:50:53Z,"Kotani, Miki/小谷 美輝",07:10,,,47,1.0,
02N,1000,D,2P,631496003000,2026090801,829,L,472,3,,119.43,600,11,Q11-C-A,三栄,未,2026-09-08T15:50:53Z,"Kotani, Miki/小谷 美輝",07:10,,,47,1.0,
02N,1000,D,2P,631496003000,2026090801,829,L,472,3,,119.43,600,11,Q11-C-A,三栄,未,2026-09-08T15:50:53Z,"Kotani, Miki/小谷 美輝",07:10,,,47,1.0,
02N,1000,D,2P,631486005000,2026090801,829,L,471,3,,26.2802,600,11,Q8-A-A,三栄,未,2026-09-08T15:50:53Z,"Kotani, Miki/小谷 美輝",07:10,,,47,1.0,
02N,1000,D,2P,631486005000,2026090801,829,L,471,3,,26.2802,600,11,Q8-A-A,三栄,未,2026-09-08T15:50:53Z,"Kotani, Miki/小谷 美輝",07:10,,,48,2.0,
02N,1000,D,2P,631486005000,2026090801,829,L,471,3,,26.2802,600,11,Q8-A-A,三栄,未,2026-09-08T15:50:53Z,"Kotani, Miki/小谷 美輝",07:10,,,48,2.0,
02N,2982,2,07,631486005000,2026091201,1000,N,471,1,,72.904,600,11,Q10-A-3,日野,未,2026-09-08T15:51:24Z,"Kotani, Miki/小谷 美輝",17:00,,,49,4.0,
02N,2982,2,07,631496003000,2026091201,1000,N,472,1,,72.903,600,11,Q10-A-1,日野,未,2026-09-08T15:51:24Z,"Kotani, Miki/小谷 美輝",17:00,,,49,4.0,
02N,8482,W,B7,551124202000,2026082002,1000,N,716,1,,16.6501,830,17,Q9-A-5,TMK,未,2026-09-08T15:50:27Z,"Kotani, Miki/小谷 美輝",06:45,,,50,9.0,
02N,8482,W,B7,551124202000,2026082101,1000,N,716,1,,16.6501,830,17,Q9-A-5,TMK,未,2026-09-08T15:50:27Z,"Kotani, Miki/小谷 美輝",06:45,,,50,9.0,
02N,8482,W,B7,551124202000,2026082601,1000,N,716,1,,16.6501,830,17,Q9-A-5,TMK,未,2026-09-08T15:50:27Z,"Kotani, Miki/小谷 美輝",06:45,,,51,11.0,
02N,8482,W,B7,551124202000,2026082702,1000,N,716,1,,16.6501,830,17,Q9-A-5,TMK,未,2026-09-08T15:50:27Z,"Kotani, Miki/小谷 美輝",06:45,,,51,11.0,
02N,1000,H,1W,582111190500,2026090101,829,L,544,1,,346.501,600,17,C12-B-2,元町,未,2026-09-08T15:50:36Z,"Kotani, Miki/小谷 美輝",22:59,,,52,99.0,
02N,1000,H,1W,551115010000,2026082601,829,L,749,1,,168.3901,600,17,N12-A-8,元町,未,2026-09-08T15:50:34Z,"Kotani, Miki/小谷 美輝",22:59,,,52,99.0,
02N,1000,K,K5,551124202000,2026082501,829,L,716,1,,16.6501,830,17,Q9-A-5,高岡,未,2026-09-08T15:50:46Z,"Kotani, Miki/小谷 美輝",22:59,,,52,99.0,
02N,1000,K,K5,551124202000,2026082601,829,L,716,1,,16.6501,830,17,Q9-A-5,高岡,未,2026-09-08T15:50:46Z,"Kotani, Miki/小谷 美輝",22:59,,,53,100.0,
02N,1000,K,K5,551124202000,2026082801,829,L,716,1,,16.6501,830,17,Q9-A-5,高岡,未,2026-09-08T15:50:46Z,"Kotani, Miki/小谷 美輝",22:59,,,53,100.0,
02N,1000,K,K5,551124202000,2026083101,829,L,716,1,,16.6501,830,17,Q9-A-5,高岡,未,2026-09-08T15:50:47Z,"Kotani, Miki/小谷 美輝",22:59,,,54,101.0,
02N,1000,K,K5,551124202000,2026090201,829,L,716,1,,16.6501,830,17,Q9-A-5,高岡,未,2026-09-08T15:50:47Z,"Kotani, Miki/小谷 美輝",22:59,,,54,101.0,
02N,1000,K,K5,551124202000,2026090301,829,L,716,1,,16.6501,830,17,Q9-A-5,高岡,未,2026-09-08T15:50:47Z,"Kotani, Miki/小谷 美輝",22:59,,,55,102.0,
02N,1000,K,K5,551124202000,2026090501,829,L,716,1,,16.6501,830,17,Q9-A-5,高岡,未,2026-09-08T15:50:48Z,"Kotani, Miki/小谷 美輝",22:59,,,55,102.0,
02N,1000,K,K5,551124202000,2026090701,829,L,716,1,,16.6501,830,17,Q9-A-5,高岡,未,2026-09-08T15:50:48Z,"Kotani, Miki/小谷 美輝",22:59,,,56,103.0,
02N,1000,K,K5,551124202000,2026090801,829,L,716,1,,16.6501,830,17,Q9-A-5,高岡,未,2026-09-08T15:50:48Z,"Kotani, Miki/小谷 美輝",22:59,,,56,103.0,
02N,1000,K,K5,551124202000,2026090901,829,L,716,1,,16.6501,830,17,Q9-A-5,高岡,未,2026-09-08T15:50:48Z,"Kotani, Miki/小谷 美輝",22:59,,,57,104.0,
02N,1000,K,K5,551124201000,2026082501,829,L,715,2,,16.65,830,17,Q9-A-1,高岡,未,2026-09-08T15:50:44Z,"Kotani, Miki/小谷 美輝",22:59,,,57,104.0,
02N,1000,K,K5,551124201000,2026082501,829,L,715,2,,16.65,830,17,Q9-A-1,高岡,未,2026-09-08T15:50:44Z,"Kotani, Miki/小谷 美輝",22:59,,,58,105.0,
02N,1000,K,K5,551124201000,2026082601,829,L,715,3,,16.65,830,17,Q9-A-1,高岡,未,2026-09-08T15:50:44Z,"Kotani, Miki/小谷 美輝",22:59,,,58,105.0,
02N,1000,K,K5,551124201000,2026082601,829,L,715,3,,16.65,830,17,Q9-A-1,高岡,未,2026-09-08T15:50:44Z,"Kotani, Miki/小谷 美輝",22:59,,,59,106.0,
02N,1000,K,K5,551124201000,2026082601,829,L,715,3,,16.65,830,17,Q9-A-1,高岡,未,2026-09-08T15:50:44Z,"Kotani, Miki/小谷 美輝",22:59,,,59,106.0,
02N,1000,K,K5,551124201000,2026082701,829,L,715,3,,16.65,830,17,Q9-A-1,高岡,未,2026-09-08T15:50:44Z,"Kotani, Miki/小谷 美輝",22:59,,,60,107.0,
02N,1000,K,K5,551124201000,2026082701,829,L,715,3,,16.65,830,17,Q9-A-1,高岡,未,2026-09-08T15:50:44Z,"Kotani, Miki/小谷 美輝",22:59,,,60,107.0,
02N,1000,K,K5,551124201000,2026082701,829,L,715,3,,16.65,830,17,Q9-A-1,高岡,未,2026-09-08T15:50:44Z,"Kotani, Miki/小谷 美輝",22:59,,,61,108.0,
02N,1000,K,K5,551124201000,2026082801,829,L,715,2,,16.65,830,17,Q9-A-1,高岡,未,2026-09-08T15:50:44Z,"Kotani, Miki/小谷 美輝",22:59,,,61,108.0,
02N,1000,K,K5,551124201000,2026082801,829,L,715,2,,16.65,830,17,Q9-A-1,高岡,未,2026-09-08T15:50:44Z,"Kotani, Miki/小谷 美輝",22:59,,,62,109.0,
02N,1000,K,K5,551124201000,2026083101,829,L,715,2,,16.65,830,17,Q9-A-1,高岡,未,2026-09-08T15:50:44Z,"Kotani, Miki/小谷 美輝",22:59,,,62,109.0,
02N,1000,K,K5,551124201000,2026083101,829,L,715,2,,16.65,830,17,Q9-A-1,高岡,未,2026-09-08T15:50:44Z,"Kotani, Miki/小谷 美輝",22:59,,,63,110.0,
02N,1000,K,K5,551124201000,2026090101,829,L,715,2,,16.65,830,17,Q9-A-1,高岡,未,2026-09-08T15:50:44Z,"Kotani, Miki/小谷 美輝",22:59,,,63,110.0,
02N,1000,K,K5,551124201000,2026090101,829,L,715,2,,16.65,830,17,Q9-A-1,高岡,未,2026-09-08T15:50:44Z,"Kotani, Miki/小谷 美輝",22:59,,,64,111.0,
02N,1000,K,K5,551124201000,2026090201,829,L,715,2,,16.65,830,17,Q9-A-1,高岡,未,2026-09-08T15:50:45Z,"Kotani, Miki/小谷 美輝",22:59,,,64,111.0,
02N,1000,K,K5,551124201000,2026090201,829,L,715,2,,16.65,830,17,Q9-A-1,高岡,未,2026-09-08T15:50:45Z,"Kotani, Miki/小谷 美輝",22:59,,,65,112.0,
02N,1000,K,K5,551124201000,2026090301,829,L,715,1,,16.65,830,17,Q9-A-1,高岡,未,2026-09-08T15:50:45Z,"Kotani, Miki/小谷 美輝",22:59,,,65,112.0,
02N,1000,K,K5,551124201000,2026090401,829,L,715,2,,16.65,830,17,Q9-A-1,高岡,未,2026-09-08T15:50:45Z,"Kotani, Miki/小谷 美輝",22:59,,,66,113.0,
02N,1000,K,K5,551124201000,2026090401,829,L,715,2,,16.65,830,17,Q9-A-1,高岡,未,2026-09-08T15:50:45Z,"Kotani, Miki/小谷 美輝",22:59,,,66,113.0,
02N,1000,K,K5,551124201000,2026090501,829,L,715,2,,16.65,830,17,Q9-A-1,高岡,未,2026-09-08T15:50:45Z,"Kotani, Miki/小谷 美輝",22:59,,,67,114.0,
02N,1000,K,K5,551124201000,2026090501,829,L,715,2,,16.65,830,17,Q9-A-1,高岡,未,2026-09-08T15:50:45Z,"Kotani, Miki/小谷 美輝",22:59,,,67,114.0,
02N,1000,K,K5,551124201000,2026090701,829,L,715,2,,16.65,830,17,Q9-A-1,高岡,未,2026-09-08T15:50:46Z,"Kotani, Miki/小谷 美輝",22:59,,,68,115.0,
02N,1000,K,K5,551124201000,2026090701,829,L,715,2,,16.65,830,17,Q9-A-1,高岡,未,2026-09-08T15:50:46Z,"Kotani, Miki/小谷 美輝",22:59,,,68,115.0,
02N,1000,K,K5,551124201000,2026090801,829,L,715,2,,16.65,830,17,Q9-A-1,高岡,未,2026-09-08T15:50:46Z,"Kotani, Miki/小谷 美輝",22:59,,,69,116.0,
02N,1000,K,K5,551124201000,2026090801,829,L,715,2,,16.65,830,17,Q9-A-1,高岡,未,2026-09-08T15:50:46Z,"Kotani, Miki/小谷 美輝",22:59,,,69,116.0,
02N,1000,K,K5,551124201000,2026090901,829,L,715,2,,16.65,830,17,Q9-A-1,高岡,未,2026-09-08T15:50:46Z,"Kotani, Miki/小谷 美輝",22:59,,,70,117.0,
02N,1000,K,K5,551124201000,2026090901,829,L,715,2,,16.65,830,17,Q9-A-1,高岡,未,2026-09-08T15:50:46Z,"Kotani, Miki/小谷 美輝",22:59,,,70,117.0,
02N,7371,4,21,551124202000,2026090701,1000,N,716,1,,16.6501,830,17,Q9-A-5,織機,未,2026-09-08T15:51:00Z,"Kotani, Miki/小谷 美輝",23:35,,,71,118.0,
02N,7371,4,21,551124202000,2026090901,1000,N,716,1,,16.6501,830,17,Q9-A-5,織機,未,2026-09-08T15:51:01Z,"Kotani, Miki/小谷 美輝",23:35,,,71,118.0,
02N,7371,4,21,551124202000,2026091001,1000,N,716,1,,16.6501,830,17,Q9-A-5,織機,未,2026-09-08T15:51:01Z,"Kotani, Miki/小谷 美輝",23:35,,,72,119.0,
02N,7371,4,61,551124202000,2026090801,1000,N,716,1,,16.6501,830,17,Q9-A-5,織機,未,2026-09-08T15:51:02Z,"Kotani, Miki/小谷 美輝",23:35,,,72,119.0,
02N,7371,4,61,551124202000,2026090901,1000,N,716,1,,16.6501,830,17,Q9-A-5,織機,未,2026-09-08T15:51:02Z,"Kotani, Miki/小谷 美輝",23:35,,,73,120.0,
02N,7371,4,21,551124201000,2026090701,1000,N,715,2,,16.65,830,17,Q9-A-1,織機,未,2026-09-08T15:51:00Z,"Kotani, Miki/小谷 美輝",23:35,,,73,120.0,
02N,7371,4,21,551124201000,2026090701,1000,N,715,2,,16.65,830,17,Q9-A-1,織機,未,2026-09-08T15:51:00Z,"Kotani, Miki/小谷 美輝",23:35,,,74,121.0,
02N,7371,4,21,551124201000,2026090801,1000,N,715,2,,16.65,830,17,Q9-A-1,織機,未,2026-09-08T15:51:00Z,"Kotani, Miki/小谷 美輝",23:35,,,74,121.0,
02N,7371,4,21,551124201000,2026090801,1000,N,715,2,,16.65,830,17,Q9-A-1,織機,未,2026-09-08T15:51:00Z,"Kotani, Miki/小谷 美輝",23:35,,,75,122.0,
02N,7371,4,21,551124201000,2026090901,1000,N,715,1,,16.65,830,17,Q9-A-1,織機,未,2026-09-08T15:51:00Z,"Kotani, Miki/小谷 美輝",23:35,,,75,122.0,
02N,7371,4,21,551124201000,2026091001,1000,N,715,2,,16.65,830,17,Q9-A-1,織機,未,2026-09-08T15:51:00Z,"Kotani, Miki/小谷 美輝",23:35,,,76,123.0,
02N,7371,4,21,551124201000,2026091001,1000,N,715,2,,16.65,830,17,Q9-A-1,織機,未,2026-09-08T15:51:00Z,"Kotani, Miki/小谷 美輝",23:35,,,76,123.0,
02N,7371,4,61,551124201000,2026090901,1000,N,715,1,,16.65,830,17,Q9-A-1,織機,未,2026-09-08T15:51:02Z,"Kotani, Miki/小谷 美輝",23:35,,,77,124.0,
02N,1000,H,9P,538125020000,2026082501,829,L,410,1,,227.701,1050,18,J12-B-16,元町,未,2026-09-08T15:50:36Z,"Kotani, Miki/小谷 美輝",22:59,,,78,1.0,
02N,1000,H,9P,538115019000,2026082501,829,L,409,1,,227.7,1050,18,J12-B-14,元町,未,2026-09-08T15:50:36Z,"Kotani, Miki/小谷 美輝",22:59,,,78,1.0,
02N,2982,2,W5,671456020000,2026090801,1000,N,477,1,,72.915,500,21,Q10-A-22,日野,未,2026-09-08T15:51:24Z,"Kotani, Miki/小谷 美輝",17:00,False,1.0,79,,
02N,2982,2,07,617756002000,2026090801,1000,N,439,1,,72.906,500,21,Q10-B-3,日野,未,2026-09-08T15:51:21Z,"Kotani, Miki/小谷 美輝",17:00,False,1.0,79,,
02N,2982,2,07,617766003000,2026090801,1000,N,440,1,,72.905,500,21,Q10-B-1,日野,未,2026-09-08T15:51:22Z,"Kotani, Miki/小谷 美輝",17:00,False,1.0,79,,
02N,2982,2,07,617766004000,2026090801,1000,N,442,1,,72.9,500,21,Q10-B-A,日野,未,2026-09-08T15:51:22Z,"Kotani, Miki/小谷 美輝",17:00,False,1.0,79,,
02N,2982,2,W5,671456020000,2026090901,1000,N,477,1,,72.915,500,21,Q10-A-22,日野,未,2026-09-08T15:51:24Z,"Kotani, Miki/小谷 美輝",17:00,False,1.0,80,,
02N,2982,2,W5,671466020000,2026090901,1000,N,478,1,,72.914,500,21,Q10-A-20,日野,未,2026-09-08T15:51:26Z,"Kotani, Miki/小谷 美輝",17:00,False,1.0,80,,
02N,2982,2,07,617756002000,2026090901,1000,N,439,1,,72.906,500,21,Q10-B-3,日野,未,2026-09-08T15:51:21Z,"Kotani, Miki/小谷 美輝",17:00,False,1.0,80,,
02N,2982,2,07,617766003000,2026090901,1000,N,440,1,,72.905,500,21,Q10-B-1,日野,未,2026-09-08T15:51:22Z,"Kotani, Miki/小谷 美輝",17:00,False,1.0,80,,
02N,2982,2,W5,671456020000,2026091201,1000,N,477,1,,72.915,500,21,Q10-A-22,日野,未,2026-09-08T15:51:25Z,"Kotani, Miki/小谷 美輝",17:00,False,1.0,81,,
02N,2982,2,W5,671466020000,2026091201,1000,N,478,1,,72.914,500,21,Q10-A-20,日野,未,2026-09-08T15:51:26Z,"Kotani, Miki/小谷 美輝",17:00,False,1.0,81,,
02N,2982,2,07,617756002000,2026091201,1000,N,439,1,,72.906,500,21,Q10-B-3,日野,未,2026-09-08T15:51:21Z,"Kotani, Miki/小谷 美輝",17:00,False,1.0,81,,
02N,2982,2,07,617766003000,2026091201,1000,N,440,1,,72.905,500,21,Q10-B-1,日野,未,2026-09-08T15:51:22Z,"Kotani, Miki/小谷 美輝",17:00,False,1.0,81,,
02N,2982,2,07,617756003000,2026091201,1000,N,441,1,,72.901,500,21,Q10-B-B,日野,未,2026-09-08T15:51:21Z,"Kotani, Miki/小谷 美輝",17:00,False,2.0,82,,
02N,2982,2,07,617766004000,2026091201,1000,N,442,1,,72.9,500,21,Q10-B-A,日野,未,2026-09-08T15:51:22Z,"Kotani, Miki/小谷 美輝",17:00,False,2.0,82,,
02N,1000,D,1P,671466020000,2026090701,829,L,478,1,,62.112,500,21,Q10-E-21,三栄,未,2026-09-08T15:50:53Z,"Kotani, Miki/小谷 美輝",07:10,False,1.0,83,,
02N,1000,D,1P,671456020000,2026090701,829,L,477,2,,62.111,500,21,Q10-E-20,三栄,未,2026-09-08T15:50:52Z,"Kotani, Miki/小谷 美輝",07:10,False,1.0,83,,
02N,1000,D,1P,671456020000,2026090701,829,L,477,2,,62.111,500,21,Q10-E-20,三栄,未,2026-09-08T15:50:52Z,"Kotani, Miki/小谷 美輝",07:10,False,1.0,83,,
02N,8482,W,B3,581167801100,2026082102,1000,N,700,1,,313.7402,830,1,C15-A-1,KVC,未,2026-09-08T15:50:19Z,"Kotani, Miki/小谷 美輝",18:46,False,1.0,84,,
02N,8482,W,B7,581167801100,2026082102,1000,N,700,1,,313.7402,830,1,C15-A-1,KVC,未,2026-09-08T15:50:28Z,"Kotani, Miki/小谷 美輝",06:45,False,1.0,84,,
02N,8482,W,B7,537224207090,2026082102,1000,N,720,1,,194.1302,515,1,L12-D-8,KVC,未,2026-09-08T15:50:25Z,"Kotani, Miki/小谷 美輝",06:45,False,1.0,84,,
02N,8482,W,B3,581167801100,2026082502,1000,N,700,1,,313.7402,830,1,C15-A-1,KVC,未,2026-09-08T15:50:19Z,"Kotani, Miki/小谷 美輝",18:46,False,1.0,85,,
02N,8482,W,B7,581167801100,2026082502,1000,N,700,1,,313.7402,830,1,C15-A-1,KVC,未,2026-09-08T15:50:28Z,"Kotani, Miki/小谷 美輝",06:45,False,1.0,85,,
02N,8482,W,B7,537224207090,2026082502,1000,N,720,1,,194.1302,515,1,L12-D-8,KVC,未,2026-09-08T15:50:25Z,"Kotani, Miki/小谷 美輝",06:45,False,1.0,85,,
02N,1000,K,K5,583114214100,2026082502,829,L,730,2,,313.7401,750,1,C15-A-3,高岡,未,2026-09-08T15:50:50Z,"Kotani, Miki/小谷 美輝",06:45,False,1.0,86,,
02N,1000,K,K5,583114214100,2026082502,829,L,730,2,,313.7401,750,1,C15-A-3,高岡,未,2026-09-08T15:50:50Z,"Kotani, Miki/小谷 美輝",06:45,False,1.0,86,,
02N,1000,K,K5,581164203000,2026082502,829,L,726,1,,313.74,830,1,C15-B-5,高岡,未,2026-09-08T15:50:48Z,"Kotani, Miki/小谷 美輝",06:45,False,1.0,86,,
02N,1000,K,K5,537214206000,2026082502,829,L,719,1,,194.1301,515,1,L12-C-5,高岡,未,2026-09-08T15:50:42Z,"Kotani, Miki/小谷 美輝",06:45,False,2.0,87,,
02N,8482,W,B7,582114202000,2026082602,1000,N,728,1,,346.5,550,1,C12-B-6,KVC,未,2026-09-08T15:50:30Z,"Kotani, Miki/小谷 美輝",06:45,False,1.0,88,,
02N,8482,W,B3,581167801100,2026082602,1000,N,700,1,,313.7402,830,1,C15-A-1,KVC,未,2026-09-08T15:50:20Z,"Kotani, Miki/小谷 美輝",18:46,False,1.0,88,,
02N,8482,W,B7,581167801100,2026082602,1000,N,700,1,,313.7402,830,1,C15-A-1,KVC,未,2026-09-08T15:50:28Z,"Kotani, Miki/小谷 美輝",06:45,False,1.0,88,,
02N,8482,W,B7,581164203000,2026082602,1000,N,726,1,,313.74,830,1,C15-B-5,KVC,未,2026-09-08T15:50:28Z,"Kotani, Miki/小谷 美輝",06:45,False,2.0,89,,
02N,8482,W,B7,537214206090,2026082602,1000,N,719,1,,194.1301,515,1,L12-C-5,KVC,未,2026-09-08T15:50:22Z,"Kotani, Miki/小谷 美輝",06:45,False,2.0,89,,
02N,1000,K,K5,583114214100,2026082602,829,L,730,1,,313.7401,750,1,C15-A-3,高岡,未,2026-09-08T15:50:50Z,"Kotani, Miki/小谷 美輝",06:45,False,1.0,90,,
02N,1000,K,K5,581164203000,2026082602,829,L,726,1,,313.74,830,1,C15-B-5,高岡,未,2026-09-08T15:50:48Z,"Kotani, Miki/小谷 美輝",06:45,False,1.0,90,,
02N,1000,K,K5,537224207000,2026082602,829,L,720,1,,194.1302,515,1,L12-D-8,高岡,未,2026-09-08T15:50:43Z,"Kotani, Miki/小谷 美輝",06:45,False,1.0,90,,
02N,8482,W,B3,581167801100,2026082702,1000,N,700,1,,313.7402,830,1,C15-A-1,KVC,未,2026-09-08T15:50:20Z,"Kotani, Miki/小谷 美輝",18:46,False,1.0,91,,
02N,8482,W,B7,581167801100,2026082702,1000,N,700,1,,313.7402,830,1,C15-A-1,KVC,未,2026-09-08T15:50:28Z,"Kotani, Miki/小谷 美輝",06:45,False,1.0,91,,
02N,8482,W,B7,537214206090,2026082702,1000,N,719,1,,194.1301,515,1,L12-C-5,KVC,未,2026-09-08T15:50:22Z,"Kotani, Miki/小谷 美輝",06:45,False,1.0,91,,
02N,1000,K,K5,583114214100,2026082702,829,L,730,2,,313.7401,750,1,C15-A-3,高岡,未,2026-09-08T15:50:50Z,"Kotani, Miki/小谷 美輝",06:45,False,1.0,92,,
02N,1000,K,K5,583114214100,2026082702,829,L,730,2,,313.7401,750,1,C15-A-3,高岡,未,2026-09-08T15:50:50Z,"Kotani, Miki/小谷 美輝",06:45,False,1.0,92,,
02N,1000,K,K5,581164203000,2026082702,829,L,726,1,,313.74,830,1,C15-B-5,高岡,未,2026-09-08T15:50:48Z,"Kotani, Miki/小谷 美輝",06:45,False,1.0,92,,
02N,8482,W,B3,581167801100,2026082802,1000,N,700,1,,313.7402,830,1,C15-A-1,KVC,未,2026-09-08T15:50:20Z,"Kotani, Miki/小谷 美輝",18:46,False,1.0,93,,
02N,8482,W,B7,581167801100,2026082802,1000,N,700,1,,313.7402,830,1,C15-A-1,KVC,未,2026-09-08T15:50:29Z,"Kotani, Miki/小谷 美輝",06:45,False,1.0,93,,
02N,8482,W,B7,537214206090,2026082802,1000,N,719,1,,194.1301,515,1,L12-C-5,KVC,未,2026-09-08T15:50:22Z,"Kotani, Miki/小谷 美輝",06:45,False,1.0,93,,
02N,1000,K,K5,583114214100,2026082802,829,L,730,1,,313.7401,750,1,C15-A-3,高岡,未,2026-09-08T15:50:50Z,"Kotani, Miki/小谷 美輝",06:45,False,1.0,94,,
02N,1000,K,K5,537224207000,2026082802,829,L,720,1,,194.1302,515,1,L12-D-8,高岡,未,2026-09-08T15:50:43Z,"Kotani, Miki/小谷 美輝",06:45,False,1.0,94,,
02N,8482,W,B7,581167801100,2026083102,1000,N,700,1,,313.7402,830,1,C15-A-1,KVC,未,2026-09-08T15:50:29Z,"Kotani, Miki/小谷 美輝",06:45,False,1.0,95,,
02N,8482,W,B7,537224207090,2026083102,1000,N,720,1,,194.1302,515,1,L12-D-8,KVC,未,2026-09-08T15:50:26Z,"Kotani, Miki/小谷 美輝",06:45,False,1.0,95,,
02N,1000,K,K5,583114214100,2026083102,829,L,730,1,,313.7401,750,1,C15-A-3,高岡,未,2026-09-08T15:50:50Z,"Kotani, Miki/小谷 美輝",06:45,False,1.0,96,,
02N,1000,K,K5,583114214100,2026090102,829,L,730,1,,313.7401,750,1,C15-A-3,高岡,未,2026-09-08T15:50:51Z,"Kotani, Miki/小谷 美輝",06:45,False,1.0,97,,
02N,1000,K,K5,583114214100,2026090202,829,L,730,1,,313.7401,750,1,C15-A-3,高岡,未,2026-09-08T15:50:51Z,"Kotani, Miki/小谷 美輝",06:45,False,1.0,98,,
02N,1000,K,K5,537214206000,2026090202,829,L,719,1,,194.1301,515,1,L12-C-5,高岡,未,2026-09-08T15:50:43Z,"Kotani, Miki/小谷 美輝",06:45,False,1.0,98,,
02N,1000,K,K5,581164203000,2026090302,829,L,726,1,,313.74,830,1,C15-B-5,高岡,未,2026-09-08T15:50:48Z,"Kotani, Miki/小谷 美輝",06:45,False,1.0,99,,
02N,1000,K,K5,537224207000,2026090302,829,L,720,1,,194.1302,515,1,L12-D-8,高岡,未,2026-09-08T15:50:43Z,"Kotani, Miki/小谷 美輝",06:45,False,1.0,99,,
02N,1000,K,K5,583114214100,2026090305,829,L,730,1,,313.7401,750,1,C15-A-3,高岡,未,2026-09-08T15:50:51Z,"Kotani, Miki/小谷 美輝",18:46,False,1.0,100,,
02N,1000,K,K5,537224207000,2026090305,829,L,720,1,,194.1302,515,1,L12-D-8,高岡,未,2026-09-08T15:50:43Z,"Kotani, Miki/小谷 美輝",18:46,False,1.0,100,,
02N,2982,2,W5,671456020000,2026091202,1000,N,477,1,,72.915,500,21,Q10-A-22,日野,未,2026-09-08T15:51:25Z,"Kotani, Miki/小谷 美輝",18:30,False,1.0,100,,
02N,2982,2,W5,671466020000,2026091202,1000,N,478,1,,72.914,500,21,Q10-A-20,日野,未,2026-09-08T15:51:26Z,"Kotani, Miki/小谷 美輝",18:30,False,1.0,100,,
02N,1000,K,K5,583114214100,2026090502,829,L,730,1,,313.7401,750,1,C15-A-3,高岡,未,2026-09-08T15:50:51Z,"Kotani, Miki/小谷 美輝",06:45,False,1.0,101,,
02N,1000,H,1W,571121101000,2026082702,829,L,320,1,,168.3904,800,1,N12-A-19,元町,未,2026-09-08T15:50:35Z,"Kotani, Miki/小谷 美輝",07:28,False,1.0,102,,
02N,1000,H,1W,571121101000,2026090703,829,L,320,1,,168.3904,800,1,N12-A-19,元町,未,2026-09-08T15:50:35Z,"Kotani, Miki/小谷 美輝",12:21,False,1.0,103,,
02N,1000,D,1P,671466020000,2026090702,829,L,478,2,,62.112,500,21,Q10-E-21,三栄,未,2026-09-08T15:50:53Z,"Kotani, Miki/小谷 美輝",11:25,False,1.0,103,,
02N,1000,D,1P,671466020000,2026090702,829,L,478,2,,62.112,500,21,Q10-E-21,三栄,未,2026-09-08T15:50:53Z,"Kotani, Miki/小谷 美輝",11:25,False,1.0,103,,
02N,1000,D,1P,671456020000,2026090702,829,L,477,1,,62.111,500,21,Q10-E-20,三栄,未,2026-09-08T15:50:52Z,"Kotani, Miki/小谷 美輝",11:25,False,1.0,103,,
02N,2982,2,06,486226006000,2026090702,1000,N,194,1,,72.911,750,1,Q10-A-11,日野,未,2026-09-08T15:51:06Z,"Kotani, Miki/小谷 美輝",18:30,False,2.0,104,,
02N,2982,2,06,486216006000,2026090702,1000,N,193,1,,72.91,750,1,Q10-A-10,日野,未,2026-09-08T15:51:04Z,"Kotani, Miki/小谷 美輝",18:30,False,2.0,104,,
02N,2982,2,07,616236014000,2026090702,1000,N,431,1,,72.908,500,1,Q10-B-7,日野,未,2026-09-08T15:51:14Z,"Kotani, Miki/小谷 美輝",18:30,False,2.0,104,,
02N,2982,2,07,616246010000,2026090702,1000,N,432,1,,72.907,500,1,Q10-B-5,日野,未,2026-09-08T15:51:15Z,"Kotani, Miki/小谷 美輝",18:30,False,3.0,105,,
02N,2982,2,07,617416014000,2026090702,1000,N,437,2,,62.1901,750,1,Q10-D-25,日野,未,2026-09-08T15:51:17Z,"Kotani, Miki/小谷 美輝",18:30,False,3.0,105,,
02N,2982,2,07,617416014000,2026090702,1000,N,437,2,,62.1901,750,1,Q10-D-25,日野,未,2026-09-08T15:51:17Z,"Kotani, Miki/小谷 美輝",18:30,False,3.0,105,,
02N,1000,K,K5,583114214100,2026090205,829,L,730,1,,313.7401,750,1,C15-A-3,高岡,未,2026-09-08T15:50:51Z,"Kotani, Miki/小谷 美輝",18:46,False,1.0,106,,
02N,2982,2,07,617426014000,2026090702,1000,N,438,1,,62.19,750,1,Q10-D-23,日野,未,2026-09-08T15:51:19Z,"Kotani, Miki/小谷 美輝",18:30,False,4.0,106,,
02N,7371,4,28,583114214100,2026090702,1000,N,730,2,,313.7401,750,1,C15-A-3,織機,未,2026-09-08T15:51:01Z,"Kotani, Miki/小谷 美輝",01:00,False,1.0,107,,
02N,7371,4,28,583114214100,2026090702,1000,N,730,2,,313.7401,750,1,C15-A-3,織機,未,2026-09-08T15:51:01Z,"Kotani, Miki/小谷 美輝",01:00,False,1.0,107,,
02N,7371,4,61,583114214100,2026090702,1000,N,730,1,,313.7401,750,1,C15-A-3,織機,未,2026-09-08T15:51:02Z,"Kotani, Miki/小谷 美輝",01:00,False,1.0,107,,
02N,1000,K,K5,583114214100,2026090702,829,L,730,1,,313.7401,750,1,C15-A-3,高岡,未,2026-09-08T15:50:51Z,"Kotani, Miki/小谷 美輝",06:45,False,1.0,108,,
02N,7371,4,28,583114214100,2026090707,1000,N,730,2,,313.7401,750,1,C15-A-3,織機,未,2026-09-08T15:51:01Z,"Kotani, Miki/小谷 美輝",18:15,False,1.0,109,,
02N,7371,4,28,583114214100,2026090707,1000,N,730,2,,313.7401,750,1,C15-A-3,織機,未,2026-09-08T15:51:01Z,"Kotani, Miki/小谷 美輝",18:15,False,1.0,109,,
02N,2982,2,07,631426010000,2026090702,1000,N,443,1,,72.916,1000,1,Q10-A-24,日野,未,2026-09-08T15:51:22Z,"Kotani, Miki/小谷 美輝",18:30,True,1.0,109,,
02N,8482,W,B7,537224207090,2026090802,1000,N,720,1,,194.1302,515,1,L12-D-8,KVC,未,2026-09-08T15:50:26Z,"Kotani, Miki/小谷 美輝",06:45,False,1.0,110,,
02N,2982,2,06,486246006000,2026090802,1000,N,196,1,,72.913,750,1,Q10-A-13,日野,未,2026-09-08T15:51:10Z,"Kotani, Miki/小谷 美輝",18:30,False,2.0,111,,
02N,2982,2,06,486236006000,2026090802,1000,N,195,1,,72.912,750,1,Q10-A-12,日野,未,2026-09-08T15:51:07Z,"Kotani, Miki/小谷 美輝",18:30,False,2.0,111,,
02N,2982,2,06,486216006000,2026090802,1000,N,193,1,,72.91,750,1,Q10-A-10,日野,未,2026-09-08T15:51:04Z,"Kotani, Miki/小谷 美輝",18:30,False,2.0,111,,
02N,2982,2,07,616246010000,2026090802,1000,N,432,1,,72.907,500,1,Q10-B-5,日野,未,2026-09-08T15:51:16Z,"Kotani, Miki/小谷 美輝",18:30,False,3.0,112,,
02N,2982,2,07,617416014000,2026090802,1000,N,437,2,,62.1901,750,1,Q10-D-25,日野,未,2026-09-08T15:51:18Z,"Kotani, Miki/小谷 美輝",18:30,False,3.0,112,,
02N,2982,2,07,617416014000,2026090802,1000,N,437,2,,62.1901,750,1,Q10-D-25,日野,未,2026-09-08T15:51:18Z,"Kotani, Miki/小谷 美輝",18:30,False,3.0,112,,
02N,2982,2,07,617426014000,2026090802,1000,N,438,1,,62.19,750,1,Q10-D-23,日野,未,2026-09-08T15:51:19Z,"Kotani, Miki/小谷 美輝",18:30,False,4.0,113,,
02N,2982,2,W5,671466020000,2026090802,1000,N,478,1,,72.914,500,21,Q10-A-20,日野,未,2026-09-08T15:51:25Z,"Kotani, Miki/小谷 美輝",18:30,False,1.0,113,,
02N,7371,4,28,583114214100,2026090802,1000,N,730,2,,313.7401,750,1,C15-A-3,織機,未,2026-09-08T15:51:01Z,"Kotani, Miki/小谷 美輝",01:00,False,1.0,114,,
02N,7371,4,28,583114214100,2026090802,1000,N,730,2,,313.7401,750,1,C15-A-3,織機,未,2026-09-08T15:51:01Z,"Kotani, Miki/小谷 美輝",01:00,False,1.0,114,,
02N,2982,2,07,617426014000,2026091207,1000,N,438,1,,62.19,750,1,Q10-D-23,日野,未,2026-09-08T15:51:21Z,"Kotani, Miki/小谷 美輝",01:22,False,3.0,114,,
02N,1000,K,K5,583114214100,2026090802,829,L,730,1,,313.7401,750,1,C15-A-3,高岡,未,2026-09-08T15:50:51Z,"Kotani, Miki/小谷 美輝",06:45,False,1.0,115,,
02N,1000,K,K5,581164203000,2026090802,829,L,726,1,,313.74,830,1,C15-B-5,高岡,未,2026-09-08T15:50:49Z,"Kotani, Miki/小谷 美輝",06:45,False,1.0,115,,
02N,8482,W,B3,581167801100,2026090902,1000,N,700,1,,313.7402,830,1,C15-A-1,KVC,未,2026-09-08T15:50:21Z,"Kotani, Miki/小谷 美輝",18:46,False,1.0,116,,
02N,8482,W,B7,581167801100,2026090902,1000,N,700,1,,313.7402,830,1,C15-A-1,KVC,未,2026-09-08T15:50:29Z,"Kotani, Miki/小谷 美輝",06:45,False,1.0,116,,
02N,8482,W,B7,537224207090,2026090902,1000,N,720,1,,194.1302,515,1,L12-D-8,KVC,未,2026-09-08T15:50:26Z,"Kotani, Miki/小谷 美輝",06:45,False,1.0,116,,
02N,2982,2,06,486246006000,2026090902,1000,N,196,1,,72.913,750,1,Q10-A-13,日野,未,2026-09-08T15:51:11Z,"Kotani, Miki/小谷 美輝",18:30,False,2.0,117,,
02N,2982,2,06,486226006000,2026090902,1000,N,194,1,,72.911,750,1,Q10-A-11,日野,未,2026-09-08T15:51:07Z,"Kotani, Miki/小谷 美輝",18:30,False,2.0,117,,
02N,2982,2,07,616236014000,2026090902,1000,N,431,1,,72.908,500,1,Q10-B-7,日野,未,2026-09-08T15:51:15Z,"Kotani, Miki/小谷 美輝",18:30,False,2.0,117,,
02N,2982,2,07,616246010000,2026090902,1000,N,432,1,,72.907,500,1,Q10-B-5,日野,未,2026-09-08T15:51:17Z,"Kotani, Miki/小谷 美輝",18:30,False,3.0,118,,
02N,2982,2,07,617416014000,2026090902,1000,N,437,1,,62.1901,750,1,Q10-D-25,日野,未,2026-09-08T15:51:18Z,"Kotani, Miki/小谷 美輝",18:30,False,3.0,118,,
02N,2982,2,07,617426014000,2026090902,1000,N,438,1,,62.19,750,1,Q10-D-23,日野,未,2026-09-08T15:51:20Z,"Kotani, Miki/小谷 美輝",18:30,False,3.0,118,,
02N,7371,4,28,583114214100,2026090902,1000,N,730,2,,313.7401,750,1,C15-A-3,織機,未,2026-09-08T15:51:02Z,"Kotani, Miki/小谷 美輝",01:00,False,1.0,119,,
02N,7371,4,28,583114214100,2026090902,1000,N,730,2,,313.7401,750,1,C15-A-3,織機,未,2026-09-08T15:51:02Z,"Kotani, Miki/小谷 美輝",01:00,False,1.0,119,,
02N,2982,2,07,631426010000,2026091207,1000,N,443,1,,72.916,1000,1,Q10-A-24,日野,未,2026-09-08T15:51:23Z,"Kotani, Miki/小谷 美輝",01:22,True,1.0,119,,
02N,1000,K,K5,583114214100,2026090902,829,L,730,1,,313.7401,750,1,C15-A-3,高岡,未,2026-09-08T15:50:51Z,"Kotani, Miki/小谷 美輝",06:45,False,1.0,120,,
02N,1000,K,K5,537214206000,2026090902,829,L,719,1,,194.1301,515,1,L12-C-5,高岡,未,2026-09-08T15:50:43Z,"Kotani, Miki/小谷 美輝",06:45,False,1.0,120,,
02N,8482,W,B7,581167801100,2026091002,1000,N,700,1,,313.7402,830,1,C15-A-1,KVC,未,2026-09-08T15:50:29Z,"Kotani, Miki/小谷 美輝",06:45,False,1.0,121,,
02N,8482,W,B7,537214206090,2026091002,1000,N,719,1,,194.1301,515,1,L12-C-5,KVC,未,2026-09-08T15:50:24Z,"Kotani, Miki/小谷 美輝",06:45,False,1.0,121,,
02N,2982,2,07,631426010000,2026090802,1000,N,443,1,,72.916,1000,1,Q10-A-24,日野,未,2026-09-08T15:51:23Z,"Kotani, Miki/小谷 美輝",18:30,True,1.0,122,,
02N,8482,W,B7,537214206090,2026082502,1000,N,719,1,,194.1301,515,1,L12-C-5,KVC,未,2026-09-08T15:50:22Z,"Kotani, Miki/小谷 美輝",06:45,False,2.0,123,,
02N,2982,2,06,486246006000,2026091202,1000,N,196,1,,72.913,750,1,Q10-A-13,日野,未,2026-09-08T15:51:11Z,"Kotani, Miki/小谷 美輝",18:30,False,2.0,124,,
02N,2982,2,06,486236006000,2026091202,1000,N,195,1,,72.912,750,1,Q10-A-12,日野,未,2026-09-08T15:51:08Z,"Kotani, Miki/小谷 美輝",18:30,False,2.0,124,,
02N,2982,2,06,486226006000,2026091202,1000,N,194,1,,72.911,750,1,Q10-A-11,日野,未,2026-09-08T15:51:07Z,"Kotani, Miki/小谷 美輝",18:30,False,2.0,124,,
02N,2982,2,06,486216006000,2026091202,1000,N,193,1,,72.91,750,1,Q10-A-10,日野,未,2026-09-08T15:51:05Z,"Kotani, Miki/小谷 美輝",18:30,False,3.0,125,,
02N,2982,2,07,616236014000,2026091202,1000,N,431,1,,72.908,500,1,Q10-B-7,日野,未,2026-09-08T15:51:15Z,"Kotani, Miki/小谷 美輝",18:30,False,3.0,125,,
02N,2982,2,07,616246010000,2026091202,1000,N,432,1,,72.907,500,1,Q10-B-5,日野,未,2026-09-08T15:51:17Z,"Kotani, Miki/小谷 美輝",18:30,False,3.0,125,,
02N,2982,2,07,631426010000,2026091202,1000,N,443,1,,72.916,1000,1,Q10-A-24,日野,未,2026-09-08T15:51:23Z,"Kotani, Miki/小谷 美輝",18:30,True,1.0,126,,
02N,2982,2,07,617416014000,2026091202,1000,N,437,1,,62.1901,750,1,Q10-D-25,日野,未,2026-09-08T15:51:18Z,"Kotani, Miki/小谷 美輝",18:30,False,4.0,126,,
02N,2982,2,07,617426014000,2026091202,1000,N,438,1,,62.19,750,1,Q10-D-23,日野,未,2026-09-08T15:51:20Z,"Kotani, Miki/小谷 美輝",18:30,False,4.0,126,,
02N,8482,W,B3,581167801100,2026082002,1000,N,700,1,,313.7402,830,1,C15-A-1,KVC,未,2026-09-08T15:50:19Z,"Kotani, Miki/小谷 美輝",18:46,False,1.0,127,,
02N,8482,W,B7,581167801100,2026082002,1000,N,700,1,,313.7402,830,1,C15-A-1,KVC,未,2026-09-08T15:50:28Z,"Kotani, Miki/小谷 美輝",06:45,False,1.0,127,,
02N,1000,H,1W,537141101000,2026090702,829,L,566,1,,153.54,515,1,N12-B-1,元町,未,2026-09-08T15:50:34Z,"Kotani, Miki/小谷 美輝",07:28,False,1.0,128,,
02N,1000,H,1W,571121101000,2026090302,829,L,320,1,,168.3904,800,1,N12-A-19,元町,未,2026-09-08T15:50:35Z,"Kotani, Miki/小谷 美輝",07:28,False,1.0,129,,
02N,2982,2,07,5831160F1000,2026090702,1000,N,248,1,,72.918,600,5,Q10-B-23,日野,未,2026-09-08T15:51:11Z,"Kotani, Miki/小谷 美輝",18:30,,,130,16.0,
02N,2982,2,07,5831160F1000,2026090802,1000,N,248,1,,72.918,600,5,Q10-B-23,日野,未,2026-09-08T15:51:12Z,"Kotani, Miki/小谷 美輝",18:30,,,130,16.0,
02N,2982,2,07,5831160F1000,2026091202,1000,N,248,1,,72.918,600,5,Q10-B-23,日野,未,2026-09-08T15:51:12Z,"Kotani, Miki/小谷 美輝",18:30,,,131,17.0,
02N,2982,2,07,5831160F4000,2026090902,1000,N,250,1,,72.917,600,5,Q10-A-27,日野,未,2026-09-08T15:51:14Z,"Kotani, Miki/小谷 美輝",18:30,,,131,17.0,
02N,2982,2,07,5831160F4000,2026091202,1000,N,250,1,,72.917,600,5,Q10-A-27,日野,未,2026-09-08T15:51:14Z,"Kotani, Miki/小谷 美輝",18:30,,,132,18.0,
02N,7371,4,21,551124202000,2026090702,1000,N,716,1,,16.6501,830,17,Q9-A-5,織機,未,2026-09-08T15:51:00Z,"Kotani, Miki/小谷 美輝",01:00,,,133,1.0,
02N,7371,4,21,551124202000,2026090802,1000,N,716,1,,16.6501,830,17,Q9-A-5,織機,未,2026-09-08T15:51:01Z,"Kotani, Miki/小谷 美輝",01:00,,,133,1.0,
02N,7371,4,21,551124202000,2026090902,1000,N,716,1,,16.6501,830,17,Q9-A-5,織機,未,2026-09-08T15:51:01Z,"Kotani, Miki/小谷 美輝",01:00,,,134,2.0,
02N,7371,4,61,551124202000,2026090702,1000,N,716,1,,16.6501,830,17,Q9-A-5,織機,未,2026-09-08T15:51:02Z,"Kotani, Miki/小谷 美輝",01:00,,,134,2.0,
02N,7371,4,21,551124201000,2026090702,1000,N,715,1,,16.65,830,17,Q9-A-1,織機,未,2026-09-08T15:51:00Z,"Kotani, Miki/小谷 美輝",01:00,,,135,3.0,
02N,7371,4,21,551124201000,2026090802,1000,N,715,1,,16.65,830,17,Q9-A-1,織機,未,2026-09-08T15:51:00Z,"Kotani, Miki/小谷 美輝",01:00,,,135,3.0,
02N,7371,4,21,551124201000,2026090902,1000,N,715,1,,16.65,830,17,Q9-A-1,織機,未,2026-09-08T15:51:00Z,"Kotani, Miki/小谷 美輝",01:00,,,136,4.0,
02N,7371,4,21,551124201000,2026091002,1000,N,715,1,,16.65,830,17,Q9-A-1,織機,未,2026-09-08T15:51:00Z,"Kotani, Miki/小谷 美輝",01:00,,,136,4.0,
02N,7371,4,61,551124201000,2026090702,1000,N,715,1,,16.65,830,17,Q9-A-1,織機,未,2026-09-08T15:51:02Z,"Kotani, Miki/小谷 美輝",01:00,,,137,5.0,
02N,7371,4,61,551124201000,2026090802,1000,N,715,1,,16.65,830,17,Q9-A-1,織機,未,2026-09-08T15:51:02Z,"Kotani, Miki/小谷 美輝",01:00,,,137,5.0,
02N,1000,K,K5,551124202000,2026082502,829,L,716,1,,16.6501,830,17,Q9-A-5,高岡,未,2026-09-08T15:50:46Z,"Kotani, Miki/小谷 美輝",06:45,,,138,6.0,
02N,1000,K,K5,551124202000,2026082602,829,L,716,1,,16.6501,830,17,Q9-A-5,高岡,未,2026-09-08T15:50:46Z,"Kotani, Miki/小谷 美輝",06:45,,,138,6.0,
02N,1000,K,K5,551124202000,2026082702,829,L,716,1,,16.6501,830,17,Q9-A-5,高岡,未,2026-09-08T15:50:46Z,"Kotani, Miki/小谷 美輝",06:45,,,139,7.0,
02N,1000,K,K5,551124202000,2026090102,829,L,716,1,,16.6501,830,17,Q9-A-5,高岡,未,2026-09-08T15:50:47Z,"Kotani, Miki/小谷 美輝",06:45,,,139,7.0,
02N,1000,K,K5,551124202000,2026090402,829,L,716,1,,16.6501,830,17,Q9-A-5,高岡,未,2026-09-08T15:50:48Z,"Kotani, Miki/小谷 美輝",06:45,,,140,8.0,
02N,1000,K,K5,551124202000,2026090802,829,L,716,1,,16.6501,830,17,Q9-A-5,高岡,未,2026-09-08T15:50:48Z,"Kotani, Miki/小谷 美輝",06:45,,,140,8.0,
02N,8482,W,B7,551124202000,2026082402,1000,N,716,1,,16.6501,830,17,Q9-A-5,TMK,未,2026-09-08T15:50:27Z,"Kotani, Miki/小谷 美輝",06:45,,,141,10.0,
02N,8482,W,B7,551124202000,2026082502,1000,N,716,1,,16.6501,830,17,Q9-A-5,TMK,未,2026-09-08T15:50:27Z,"Kotani, Miki/小谷 美輝",06:45,,,141,10.0,
02N,8482,W,B7,551124202000,2026083102,1000,N,716,1,,16.6501,830,17,Q9-A-5,TMK,未,2026-09-08T15:50:27Z,"Kotani, Miki/小谷 美輝",06:45,,,142,12.0,
02N,1000,K,K5,551124201000,2026082502,829,L,715,2,,16.65,830,17,Q9-A-1,高岡,未,2026-09-08T15:50:44Z,"Kotani, Miki/小谷 美輝",06:45,,,142,12.0,
02N,1000,K,K5,551124201000,2026082502,829,L,715,2,,16.65,830,17,Q9-A-1,高岡,未,2026-09-08T15:50:44Z,"Kotani, Miki/小谷 美輝",06:45,,,143,13.0,
02N,1000,K,K5,551124201000,2026082602,829,L,715,2,,16.65,830,17,Q9-A-1,高岡,未,2026-09-08T15:50:44Z,"Kotani, Miki/小谷 美輝",06:45,,,143,13.0,
02N,1000,K,K5,551124201000,2026082602,829,L,715,2,,16.65,830,17,Q9-A-1,高岡,未,2026-09-08T15:50:44Z,"Kotani, Miki/小谷 美輝",06:45,,,144,14.0,
02N,1000,K,K5,551124201000,2026082702,829,L,715,2,,16.65,830,17,Q9-A-1,高岡,未,2026-09-08T15:50:44Z,"Kotani, Miki/小谷 美輝",06:45,,,144,14.0,
02N,1000,K,K5,551124201000,2026082702,829,L,715,2,,16.65,830,17,Q9-A-1,高岡,未,2026-09-08T15:50:44Z,"Kotani, Miki/小谷 美輝",06:45,,,145,15.0,
02N,1000,K,K5,551124201000,2026082802,829,L,715,2,,16.65,830,17,Q9-A-1,高岡,未,2026-09-08T15:50:44Z,"Kotani, Miki/小谷 美輝",06:45,,,145,15.0,
02N,1000,K,K5,551124201000,2026082802,829,L,715,2,,16.65,830,17,Q9-A-1,高岡,未,2026-09-08T15:50:44Z,"Kotani, Miki/小谷 美輝",06:45,,,146,16.0,
02N,1000,K,K5,551124201000,2026083102,829,L,715,1,,16.65,830,17,Q9-A-1,高岡,未,2026-09-08T15:50:44Z,"Kotani, Miki/小谷 美輝",06:45,,,146,16.0,
02N,1000,K,K5,551124201000,2026090102,829,L,715,2,,16.65,830,17,Q9-A-1,高岡,未,2026-09-08T15:50:44Z,"Kotani, Miki/小谷 美輝",06:45,,,147,17.0,
02N,1000,K,K5,551124201000,2026090102,829,L,715,2,,16.65,830,17,Q9-A-1,高岡,未,2026-09-08T15:50:44Z,"Kotani, Miki/小谷 美輝",06:45,,,147,17.0,
02N,1000,K,K5,551124201000,2026090202,829,L,715,1,,16.65,830,17,Q9-A-1,高岡,未,2026-09-08T15:50:45Z,"Kotani, Miki/小谷 美輝",06:45,,,148,18.0,
02N,1000,K,K5,551124201000,2026090302,829,L,715,2,,16.65,830,17,Q9-A-1,高岡,未,2026-09-08T15:50:45Z,"Kotani, Miki/小谷 美輝",06:45,,,148,18.0,
02N,1000,K,K5,551124201000,2026090302,829,L,715,2,,16.65,830,17,Q9-A-1,高岡,未,2026-09-08T15:50:45Z,"Kotani, Miki/小谷 美輝",06:45,,,149,19.0,
02N,1000,K,K5,551124201000,2026090402,829,L,715,2,,16.65,830,17,Q9-A-1,高岡,未,2026-09-08T15:50:45Z,"Kotani, Miki/小谷 美輝",06:45,,,149,19.0,
02N,1000,K,K5,551124201000,2026090402,829,L,715,2,,16.65,830,17,Q9-A-1,高岡,未,2026-09-08T15:50:45Z,"Kotani, Miki/小谷 美輝",06:45,,,150,20.0,
02N,1000,K,K5,551124201000,2026090502,829,L,715,1,,16.65,830,17,Q9-A-1,高岡,未,2026-09-08T15:50:45Z,"Kotani, Miki/小谷 美輝",06:45,,,150,20.0,
02N,1000,K,K5,551124201000,2026090702,829,L,715,2,,16.65,830,17,Q9-A-1,高岡,未,2026-09-08T15:50:46Z,"Kotani, Miki/小谷 美輝",06:45,,,151,21.0,
02N,1000,K,K5,551124201000,2026090702,829,L,715,2,,16.65,830,17,Q9-A-1,高岡,未,2026-09-08T15:50:46Z,"Kotani, Miki/小谷 美輝",06:45,,,151,21.0,
02N,1000,K,K5,551124201000,2026090802,829,L,715,1,,16.65,830,17,Q9-A-1,高岡,未,2026-09-08T15:50:46Z,"Kotani, Miki/小谷 美輝",06:45,,,152,22.0,
02N,1000,K,K5,551124201000,2026090902,829,L,715,2,,16.65,830,17,Q9-A-1,高岡,未,2026-09-08T15:50:46Z,"Kotani, Miki/小谷 美輝",06:45,,,152,22.0,
02N,1000,K,K5,551124201000,2026090902,829,L,715,2,,16.65,830,17,Q9-A-1,高岡,未,2026-09-08T15:50:46Z,"Kotani, Miki/小谷 美輝",06:45,,,153,23.0,
02N,1000,H,1W,551115010000,2026090302,829,L,749,1,,168.3901,600,17,N12-A-8,元町,未,2026-09-08T15:50:34Z,"Kotani, Miki/小谷 美輝",07:28,,,154,24.0,
02N,1000,H,1W,576525091400,2026090702,829,L,613,1,,62.109,670,19,Q10-F-7,元町,未,2026-09-08T15:50:36Z,"Kotani, Miki/小谷 美輝",07:28,,,155,1.0,
02N,1000,H,1W,616415003000,2026090302,829,L,739,1,,238.6801,600,20,I12-B-5,元町,未,2026-09-08T15:50:36Z,"Kotani, Miki/小谷 美輝",07:28,,,156,1.0,
02N,1000,H,1W,616455005000,2026090302,829,L,741,1,,238.6801,600,20,I12-B-5,元町,未,2026-09-08T15:50:36Z,"Kotani, Miki/小谷 美輝",07:28,,,156,1.0,
02N,2982,2,W5,671456020000,2026090702,1000,N,477,2,,72.915,500,21,Q10-A-22,日野,未,2026-09-08T15:51:24Z,"Kotani, Miki/小谷 美輝",18:30,False,1.0,157,,
02N,2982,2,W5,671456020000,2026090702,1000,N,477,2,,72.915,500,21,Q10-A-22,日野,未,2026-09-08T15:51:24Z,"Kotani, Miki/小谷 美輝",18:30,False,1.0,157,,
02N,2982,2,W5,671466020000,2026090702,1000,N,478,1,,72.914,500,21,Q10-A-20,日野,未,2026-09-08T15:51:25Z,"Kotani, Miki/小谷 美輝",18:30,False,1.0,157,,
02N,2982,2,07,617756002000,2026090702,1000,N,439,1,,72.906,500,21,Q10-B-3,日野,未,2026-09-08T15:51:21Z,"Kotani, Miki/小谷 美輝",18:30,False,1.0,157,,
02N,2982,2,07,617766004000,2026090702,1000,N,442,1,,72.9,500,21,Q10-B-A,日野,未,2026-09-08T15:51:22Z,"Kotani, Miki/小谷 美輝",18:30,False,2.0,158,,
02N,2982,2,W5,671466020000,2026090902,1000,N,478,1,,72.914,500,21,Q10-A-20,日野,未,2026-09-08T15:51:26Z,"Kotani, Miki/小谷 美輝",18:30,False,1.0,159,,
02N,8482,W,B3,581167801100,2026082003,1000,N,700,1,,313.7402,830,1,C15-A-1,KVC,未,2026-09-08T15:50:19Z,"Kotani, Miki/小谷 美輝",22:41,False,1.0,160,,
02N,8482,W,B7,581167801100,2026082003,1000,N,700,1,,313.7402,830,1,C15-A-1,KVC,未,2026-09-08T15:50:28Z,"Kotani, Miki/小谷 美輝",10:51,False,1.0,160,,
02N,8482,W,B7,537224207090,2026082003,1000,N,720,1,,194.1302,515,1,L12-D-8,KVC,未,2026-09-08T15:50:25Z,"Kotani, Miki/小谷 美輝",10:51,False,1.0,160,,
02N,8482,W,B7,581167801100,2026082103,1000,N,700,1,,313.7402,830,1,C15-A-1,KVC,未,2026-09-08T15:50:28Z,"Kotani, Miki/小谷 美輝",10:51,False,1.0,161,,
02N,8482,W,B7,537224207090,2026082103,1000,N,720,1,,194.1302,515,1,L12-D-8,KVC,未,2026-09-08T15:50:25Z,"Kotani, Miki/小谷 美輝",10:51,False,1.0,161,,
02N,8482,W,B7,537214206090,2026082104,1000,N,719,1,,194.1301,515,1,L12-C-5,KVC,未,2026-09-08T15:50:21Z,"Kotani, Miki/小谷 美輝",10:51,False,2.0,161,,
02N,8482,W,B7,537214206090,2026082103,1000,N,719,1,,194.1301,515,1,L12-C-5,KVC,未,2026-09-08T15:50:21Z,"Kotani, Miki/小谷 美輝",10:51,False,1.0,161,,
02N,8482,W,B7,581164203000,2026082403,1000,N,726,1,,313.74,830,1,C15-B-5,KVC,未,2026-09-08T15:50:28Z,"Kotani, Miki/小谷 美輝",10:51,False,2.0,162,,
02N,8482,W,B7,537224207090,2026082403,1000,N,720,1,,194.1302,515,1,L12-D-8,KVC,未,2026-09-08T15:50:25Z,"Kotani, Miki/小谷 美輝",10:51,False,2.0,162,,
02N,8482,W,B7,537214206090,2026082403,1000,N,719,1,,194.1301,515,1,L12-C-5,KVC,未,2026-09-08T15:50:22Z,"Kotani, Miki/小谷 美輝",10:51,False,2.0,162,,
02N,8482,W,B7,537214206090,2026082604,1000,N,719,1,,194.1301,515,1,L12-C-5,KVC,未,2026-09-08T15:50:22Z,"Kotani, Miki/小谷 美輝",10:51,False,2.0,162,,
02N,8482,W,B7,582114202000,2026082503,1000,N,728,1,,346.5,550,1,C12-B-6,KVC,未,2026-09-08T15:50:30Z,"Kotani, Miki/小谷 美輝",10:51,False,1.0,163,,
02N,8482,W,B3,581167801100,2026082503,1000,N,700,1,,313.7402,830,1,C15-A-1,KVC,未,2026-09-08T15:50:20Z,"Kotani, Miki/小谷 美輝",22:41,False,1.0,163,,
02N,8482,W,B7,581167801100,2026082503,1000,N,700,1,,313.7402,830,1,C15-A-1,KVC,未,2026-09-08T15:50:28Z,"Kotani, Miki/小谷 美輝",10:51,False,1.0,163,,
02N,1000,K,K5,583114214100,2026082503,829,L,730,1,,313.7401,750,1,C15-A-3,高岡,未,2026-09-08T15:50:50Z,"Kotani, Miki/小谷 美輝",10:51,False,1.0,164,,
02N,1000,K,K5,537224207000,2026082503,829,L,720,1,,194.1302,515,1,L12-D-8,高岡,未,2026-09-08T15:50:43Z,"Kotani, Miki/小谷 美輝",10:51,False,1.0,164,,
02N,2982,2,W5,671456020000,2026090709,1000,N,477,1,,72.915,500,21,Q10-A-22,日野,未,2026-09-08T15:51:24Z,"Kotani, Miki/小谷 美輝",07:55,False,1.0,164,,
02N,2982,2,07,617756002000,2026090709,1000,N,439,1,,72.906,500,21,Q10-B-3,日野,未,2026-09-08T15:51:21Z,"Kotani, Miki/小谷 美輝",07:55,False,1.0,164,,
02N,8482,W,B7,581167801100,2026082504,1000,N,700,1,,313.7402,830,1,C15-A-1,KVC,未,2026-09-08T15:50:28Z,"Kotani, Miki/小谷 美輝",10:51,False,1.0,165,,
02N,8482,W,B7,537224207090,2026082504,1000,N,720,1,,194.1302,515,1,L12-D-8,KVC,未,2026-09-08T15:50:25Z,"Kotani, Miki/小谷 美輝",10:51,False,1.0,165,,
02N,8482,W,B7,537214206090,2026082703,1000,N,719,1,,194.1301,515,1,L12-C-5,KVC,未,2026-09-08T15:50:22Z,"Kotani, Miki/小谷 美輝",10:51,False,2.0,165,,
02N,8482,W,B7,537214206090,2026082504,1000,N,719,1,,194.1301,515,1,L12-C-5,KVC,未,2026-09-08T15:50:22Z,"Kotani, Miki/小谷 美輝",10:51,False,1.0,165,,
02N,8482,W,B7,581167801100,2026082603,1000,N,700,1,,313.7402,830,1,C15-A-1,KVC,未,2026-09-08T15:50:28Z,"Kotani, Miki/小谷 美輝",10:51,False,1.0,166,,
02N,8482,W,B7,537224207090,2026082603,1000,N,720,1,,194.1302,515,1,L12-D-8,KVC,未,2026-09-08T15:50:25Z,"Kotani, Miki/小谷 美輝",10:51,False,1.0,166,,
02N,8482,W,B3,581167801100,2026082703,1000,N,700,1,,313.7402,830,1,C15-A-1,KVC,未,2026-09-08T15:50:20Z,"Kotani, Miki/小谷 美輝",22:41,False,1.0,167,,
02N,8482,W,B7,581167801100,2026082703,1000,N,700,1,,313.7402,830,1,C15-A-1,KVC,未,2026-09-08T15:50:28Z,"Kotani, Miki/小谷 美輝",10:51,False,1.0,167,,
02N,8482,W,B7,537224207090,2026082703,1000,N,720,1,,194.1302,515,1,L12-D-8,KVC,未,2026-09-08T15:50:25Z,"Kotani, Miki/小谷 美輝",10:51,False,1.0,167,,
02N,8482,W,B3,581167801100,2026082803,1000,N,700,1,,313.7402,830,1,C15-A-1,KVC,未,2026-09-08T15:50:20Z,"Kotani, Miki/小谷 美輝",22:41,False,1.0,168,,
02N,8482,W,B7,581167801100,2026082803,1000,N,700,1,,313.7402,830,1,C15-A-1,KVC,未,2026-09-08T15:50:29Z,"Kotani, Miki/小谷 美輝",10:51,False,1.0,168,,
02N,8482,W,B7,537224207090,2026082803,1000,N,720,1,,194.1302,515,1,L12-D-8,KVC,未,2026-09-08T15:50:26Z,"Kotani, Miki/小谷 美輝",10:51,False,1.0,168,,
02N,8482,W,B7,581167801100,2026082804,1000,N,700,1,,313.7402,830,1,C15-A-1,KVC,未,2026-09-08T15:50:29Z,"Kotani, Miki/小谷 美輝",10:51,False,1.0,169,,
02N,8482,W,B7,537224207090,2026082503,1000,N,720,1,,194.1302,515,1,L12-D-8,KVC,未,2026-09-08T15:50:25Z,"Kotani, Miki/小谷 美輝",10:51,False,2.0,169,,
02N,8482,W,B7,537224207090,2026082804,1000,N,720,1,,194.1302,515,1,L12-D-8,KVC,未,2026-09-08T15:50:26Z,"Kotani, Miki/小谷 美輝",10:51,False,1.0,169,,
02N,8482,W,B7,537214206090,2026082503,1000,N,719,1,,194.1301,515,1,L12-C-5,KVC,未,2026-09-08T15:50:22Z,"Kotani, Miki/小谷 美輝",10:51,False,2.0,169,,
02N,8482,W,B3,581167801100,2026083103,1000,N,700,1,,313.7402,830,1,C15-A-1,KVC,未,2026-09-08T15:50:21Z,"Kotani, Miki/小谷 美輝",22:41,False,1.0,170,,
02N,8482,W,B7,581167801100,2026083103,1000,N,700,1,,313.7402,830,1,C15-A-1,KVC,未,2026-09-08T15:50:29Z,"Kotani, Miki/小谷 美輝",10:51,False,1.0,170,,
02N,8482,W,B7,537224207090,2026083103,1000,N,720,1,,194.1302,515,1,L12-D-8,KVC,未,2026-09-08T15:50:26Z,"Kotani, Miki/小谷 美輝",10:51,False,1.0,170,,
02N,1000,H,1W,571165008000,2026090103,829,L,736,1,,204.3,800,1,L12-A-5,元町,未,2026-09-08T15:50:35Z,"Kotani, Miki/小谷 美輝",12:21,False,1.0,171,,
02N,1000,H,1W,571155008000,2026090103,829,L,735,1,,194.13,800,1,L12-D-1,元町,未,2026-09-08T15:50:35Z,"Kotani, Miki/小谷 美輝",12:21,False,1.0,171,,
02N,1000,H,1W,537141101000,2026090103,829,L,566,1,,153.54,515,1,N12-B-1,元町,未,2026-09-08T15:50:34Z,"Kotani, Miki/小谷 美輝",12:21,False,1.0,171,,
02N,1000,K,K5,583114214100,2026090203,829,L,730,1,,313.7401,750,1,C15-A-3,高岡,未,2026-09-08T15:50:51Z,"Kotani, Miki/小谷 美輝",10:51,False,1.0,172,,
02N,1000,K,K5,537224207000,2026090203,829,L,720,1,,194.1302,515,1,L12-D-8,高岡,未,2026-09-08T15:50:43Z,"Kotani, Miki/小谷 美輝",10:51,False,1.0,172,,
02N,2982,2,07,617426014000,2026090711,1000,N,438,1,,62.19,750,1,Q10-D-23,日野,未,2026-09-08T15:51:19Z,"Kotani, Miki/小谷 美輝",11:06,False,4.0,172,,
02N,1000,K,K5,583114214100,2026090403,829,L,730,1,,313.7401,750,1,C15-A-3,高岡,未,2026-09-08T15:50:51Z,"Kotani, Miki/小谷 美輝",10:51,False,1.0,173,,
02N,1000,H,1W,537131101000,2026082704,829,L,565,1,,153.5401,515,1,N12-B-3,元町,未,2026-09-08T15:50:34Z,"Kotani, Miki/小谷 美輝",17:18,False,1.0,173,,
02N,1000,K,K5,583114214100,2026090503,829,L,730,1,,313.7401,750,1,C15-A-3,高岡,未,2026-09-08T15:50:51Z,"Kotani, Miki/小谷 美輝",10:51,False,1.0,174,,
02N,1000,K,K5,537214206000,2026090503,829,L,719,1,,194.1301,515,1,L12-C-5,高岡,未,2026-09-08T15:50:43Z,"Kotani, Miki/小谷 美輝",10:51,False,1.0,174,,
02N,2982,2,07,631426010000,2026090909,1000,N,443,3,,72.916,1000,1,Q10-A-24,日野,未,2026-09-08T15:51:23Z,"Kotani, Miki/小谷 美輝",07:55,True,2.0,174,,
02N,1000,H,1W,571155008000,2026090403,829,L,735,1,,194.13,800,1,L12-D-1,元町,未,2026-09-08T15:50:35Z,"Kotani, Miki/小谷 美輝",12:21,False,1.0,175,,
02N,1000,D,1P,671466020000,2026090703,829,L,478,1,,62.112,500,21,Q10-E-21,三栄,未,2026-09-08T15:50:53Z,"Kotani, Miki/小谷 美輝",17:30,False,1.0,175,,
02N,1000,D,1P,671456020000,2026090703,829,L,477,2,,62.111,500,21,Q10-E-20,三栄,未,2026-09-08T15:50:53Z,"Kotani, Miki/小谷 美輝",17:30,False,1.0,175,,
02N,1000,D,1P,671456020000,2026090703,829,L,477,2,,62.111,500,21,Q10-E-20,三栄,未,2026-09-08T15:50:53Z,"Kotani, Miki/小谷 美輝",17:30,False,1.0,175,,
02N,2982,2,06,486246006000,2026090703,1000,N,196,1,,72.913,750,1,Q10-A-13,日野,未,2026-09-08T15:51:08Z,"Kotani, Miki/小谷 美輝",19:27,False,2.0,176,,
02N,2982,2,06,486236006000,2026090703,1000,N,195,1,,72.912,750,1,Q10-A-12,日野,未,2026-09-08T15:51:07Z,"Kotani, Miki/小谷 美輝",19:27,False,2.0,176,,
02N,2982,2,07,616246010000,2026090703,1000,N,432,1,,72.907,500,1,Q10-B-5,日野,未,2026-09-08T15:51:15Z,"Kotani, Miki/小谷 美輝",19:27,False,2.0,176,,
02N,7371,4,28,583114214100,2026090703,1000,N,730,1,,313.7401,750,1,C15-A-3,織機,未,2026-09-08T15:51:01Z,"Kotani, Miki/小谷 美輝",08:30,False,1.0,177,,
02N,8482,W,B7,537214206090,2026082803,1000,N,719,1,,194.1301,515,1,L12-C-5,KVC,未,2026-09-08T15:50:22Z,"Kotani, Miki/小谷 美輝",10:51,False,2.0,178,,
02N,8482,W,B7,537214206090,2026083103,1000,N,719,1,,194.1301,515,1,L12-C-5,KVC,未,2026-09-08T15:50:22Z,"Kotani, Miki/小谷 美輝",10:51,False,2.0,178,,
02N,8482,W,B7,581167801100,2026090803,1000,N,700,1,,313.7402,830,1,C15-A-1,KVC,未,2026-09-08T15:50:29Z,"Kotani, Miki/小谷 美輝",10:51,False,1.0,179,,
02N,8482,W,B7,537224207090,2026083104,1000,N,720,1,,194.1302,515,1,L12-D-8,KVC,未,2026-09-08T15:50:26Z,"Kotani, Miki/小谷 美輝",10:51,False,2.0,179,,
02N,8482,W,B7,537214206090,2026083104,1000,N,719,1,,194.1301,515,1,L12-C-5,KVC,未,2026-09-08T15:50:22Z,"Kotani, Miki/小谷 美輝",10:51,False,2.0,179,,
02N,8482,W,B7,537214206090,2026090803,1000,N,719,1,,194.1301,515,1,L12-C-5,KVC,未,2026-09-08T15:50:23Z,"Kotani, Miki/小谷 美輝",10:51,False,1.0,179,,
02N,2982,2,07,631426010000,2026090803,1000,N,443,1,,72.916,1000,1,Q10-A-24,日野,未,2026-09-08T15:51:23Z,"Kotani, Miki/小谷 美輝",19:27,True,1.0,180,,
02N,2982,2,06,486236006000,2026090803,1000,N,195,1,,72.912,750,1,Q10-A-12,日野,未,2026-09-08T15:51:07Z,"Kotani, Miki/小谷 美輝",19:27,False,2.0,180,,
02N,2982,2,07,617426014000,2026090803,1000,N,438,1,,62.19,750,1,Q10-D-23,日野,未,2026-09-08T15:51:19Z,"Kotani, Miki/小谷 美輝",19:27,False,2.0,180,,
02N,7371,4,28,583114214100,2026090708,1000,N,730,1,,313.7401,750,1,C15-A-3,織機,未,2026-09-08T15:51:01Z,"Kotani, Miki/小谷 美輝",20:35,False,1.0,181,,
02N,2982,2,W5,671456020000,2026090803,1000,N,477,1,,72.915,500,21,Q10-A-22,日野,未,2026-09-08T15:51:24Z,"Kotani, Miki/小谷 美輝",19:27,False,1.0,181,,
02N,2982,2,W5,671466020000,2026090803,1000,N,478,1,,72.914,500,21,Q10-A-20,日野,未,2026-09-08T15:51:25Z,"Kotani, Miki/小谷 美輝",19:27,False,1.0,181,,
02N,2982,2,07,617766003000,2026090803,1000,N,440,1,,72.905,500,21,Q10-B-1,日野,未,2026-09-08T15:51:22Z,"Kotani, Miki/小谷 美輝",19:27,False,1.0,181,,
02N,7371,4,28,583114214100,2026090803,1000,N,730,2,,313.7401,750,1,C15-A-3,織機,未,2026-09-08T15:51:01Z,"Kotani, Miki/小谷 美輝",08:30,False,1.0,182,,
02N,7371,4,28,583114214100,2026090803,1000,N,730,2,,313.7401,750,1,C15-A-3,織機,未,2026-09-08T15:51:01Z,"Kotani, Miki/小谷 美輝",08:30,False,1.0,182,,
02N,7371,4,61,583114214100,2026090803,1000,N,730,1,,313.7401,750,1,C15-A-3,織機,未,2026-09-08T15:51:03Z,"Kotani, Miki/小谷 美輝",08:30,False,1.0,182,,
02N,1000,K,K5,583114214100,2026090803,829,L,730,1,,313.7401,750,1,C15-A-3,高岡,未,2026-09-08T15:50:51Z,"Kotani, Miki/小谷 美輝",10:51,False,1.0,183,,
02N,1000,K,K5,537214206000,2026090803,829,L,719,1,,194.1301,515,1,L12-C-5,高岡,未,2026-09-08T15:50:43Z,"Kotani, Miki/小谷 美輝",10:51,False,1.0,183,,
02N,2982,2,07,631426010000,2026090911,1000,N,443,1,,72.916,1000,1,Q10-A-24,日野,未,2026-09-08T15:51:23Z,"Kotani, Miki/小谷 美輝",11:06,True,1.0,183,,
02N,1000,K,K5,583114214100,2026083103,829,L,730,1,,313.7401,750,1,C15-A-3,高岡,未,2026-09-08T15:50:50Z,"Kotani, Miki/小谷 美輝",10:51,False,1.0,184,,
02N,7371,4,61,583114214100,2026090805,1000,N,730,1,,313.7401,750,1,C15-A-3,織機,未,2026-09-08T15:51:03Z,"Kotani, Miki/小谷 美輝",12:30,False,2.0,184,,
02N,8482,W,B7,537214206090,2026082705,1000,N,719,1,,194.1301,515,1,L12-C-5,KVC,未,2026-09-08T15:50:22Z,"Kotani, Miki/小谷 美輝",14:40,False,2.0,184,,
02N,8482,W,B3,581167801100,2026090903,1000,N,700,1,,313.7402,830,1,C15-A-1,KVC,未,2026-09-08T15:50:21Z,"Kotani, Miki/小谷 美輝",22:41,False,1.0,185,,
02N,1000,K,K5,583114214100,2026090303,829,L,730,1,,313.7401,750,1,C15-A-3,高岡,未,2026-09-08T15:50:51Z,"Kotani, Miki/小谷 美輝",10:51,False,1.0,186,,
02N,2982,2,07,631436012000,2026090810,1000,N,445,1,,72.909,515,1,Q10-A-7,日野,未,2026-09-08T15:51:24Z,"Kotani, Miki/小谷 美輝",09:25,False,2.0,186,,
02N,2982,2,07,617426014000,2026090810,1000,N,438,1,,62.19,750,1,Q10-D-23,日野,未,2026-09-08T15:51:20Z,"Kotani, Miki/小谷 美輝",09:25,False,2.0,186,,
02N,2982,2,06,486236006000,2026090903,1000,N,195,1,,72.912,750,1,Q10-A-12,日野,未,2026-09-08T15:51:08Z,"Kotani, Miki/小谷 美輝",19:27,False,1.0,187,,
02N,2982,2,06,486216006000,2026090903,1000,N,193,1,,72.91,750,1,Q10-A-10,日野,未,2026-09-08T15:51:05Z,"Kotani, Miki/小谷 美輝",19:27,False,1.0,187,,
02N,2982,2,07,617416014000,2026090903,1000,N,437,1,,62.1901,750,1,Q10-D-25,日野,未,2026-09-08T15:51:18Z,"Kotani, Miki/小谷 美輝",19:27,False,1.0,187,,
02N,2982,2,07,617426014000,2026090903,1000,N,438,1,,62.19,750,1,Q10-D-23,日野,未,2026-09-08T15:51:20Z,"Kotani, Miki/小谷 美輝",19:27,False,2.0,188,,
02N,2982,2,W5,671456020000,2026090903,1000,N,477,1,,72.915,500,21,Q10-A-22,日野,未,2026-09-08T15:51:24Z,"Kotani, Miki/小谷 美輝",19:27,False,1.0,188,,
02N,2982,2,W5,671466020000,2026090903,1000,N,478,1,,72.914,500,21,Q10-A-20,日野,未,2026-09-08T15:51:26Z,"Kotani, Miki/小谷 美輝",19:27,False,1.0,188,,
02N,7371,4,28,583114214100,2026090903,1000,N,730,1,,313.7401,750,1,C15-A-3,織機,未,2026-09-08T15:51:02Z,"Kotani, Miki/小谷 美輝",08:30,False,1.0,189,,
02N,7371,4,61,583114214100,2026090903,1000,N,730,1,,313.7401,750,1,C15-A-3,織機,未,2026-09-08T15:51:03Z,"Kotani, Miki/小谷 美輝",08:30,False,1.0,189,,
02N,8482,W,B7,581167801100,2026090909,1000,N,700,1,,313.7402,830,1,C15-A-1,KVC,未,2026-09-08T15:50:29Z,"Kotani, Miki/小谷 美輝",22:41,False,1.0,190,,
02N,8482,W,B7,537224207090,2026090909,1000,N,720,1,,194.1302,515,1,L12-D-8,KVC,未,2026-09-08T15:50:26Z,"Kotani, Miki/小谷 美輝",22:41,False,1.0,190,,
02N,2982,2,07,631426010000,2026090703,1000,N,443,1,,72.916,1000,1,Q10-A-24,日野,未,2026-09-08T15:51:22Z,"Kotani, Miki/小谷 美輝",19:27,True,1.0,190,,
02N,8482,W,B7,582114202000,2026091003,1000,N,728,1,,346.5,550,1,C12-B-6,KVC,未,2026-09-08T15:50:30Z,"Kotani, Miki/小谷 美輝",10:51,False,1.0,191,,
02N,8482,W,B3,581167801100,2026091003,1000,N,700,1,,313.7402,830,1,C15-A-1,KVC,未,2026-09-08T15:50:21Z,"Kotani, Miki/小谷 美輝",22:41,False,1.0,191,,
02N,8482,W,B7,537224207090,2026091003,1000,N,720,1,,194.1302,515,1,L12-D-8,KVC,未,2026-09-08T15:50:26Z,"Kotani, Miki/小谷 美輝",10:51,False,1.0,191,,
02N,8482,W,B7,537214206090,2026082003,1000,N,719,1,,194.1301,515,1,L12-C-5,KVC,未,2026-09-08T15:50:21Z,"Kotani, Miki/小谷 美輝",10:51,False,2.0,191,,
02N,2982,2,07,631426010000,2026091203,1000,N,443,1,,72.916,1000,1,Q10-A-24,日野,未,2026-09-08T15:51:23Z,"Kotani, Miki/小谷 美輝",19:27,True,1.0,192,,
02N,2982,2,06,486246006000,2026091203,1000,N,196,1,,72.913,750,1,Q10-A-13,日野,未,2026-09-08T15:51:11Z,"Kotani, Miki/小谷 美輝",19:27,False,2.0,193,,
02N,2982,2,06,486236006000,2026091203,1000,N,195,1,,72.912,750,1,Q10-A-12,日野,未,2026-09-08T15:51:08Z,"Kotani, Miki/小谷 美輝",19:27,False,2.0,193,,
02N,2982,2,06,486226006000,2026091203,1000,N,194,1,,72.911,750,1,Q10-A-11,日野,未,2026-09-08T15:51:07Z,"Kotani, Miki/小谷 美輝",19:27,False,2.0,193,,
02N,2982,2,06,486216006000,2026091203,1000,N,193,1,,72.91,750,1,Q10-A-10,日野,未,2026-09-08T15:51:05Z,"Kotani, Miki/小谷 美輝",19:27,False,3.0,194,,
02N,2982,2,07,617416014000,2026091203,1000,N,437,1,,62.1901,750,1,Q10-D-25,日野,未,2026-09-08T15:51:18Z,"Kotani, Miki/小谷 美輝",19:27,False,3.0,194,,
02N,2982,2,07,617426014000,2026091203,1000,N,438,1,,62.19,750,1,Q10-D-23,日野,未,2026-09-08T15:51:20Z,"Kotani, Miki/小谷 美輝",19:27,False,3.0,194,,
02N,1000,K,K5,583114214100,2026082603,829,L,730,1,,313.7401,750,1,C15-A-3,高岡,未,2026-09-08T15:50:50Z,"Kotani, Miki/小谷 美輝",10:51,False,1.0,195,,
02N,1000,H,1W,571165008000,2026082703,829,L,736,1,,204.3,800,1,L12-A-5,元町,未,2026-09-08T15:50:35Z,"Kotani, Miki/小谷 美輝",12:21,False,1.0,196,,
02N,1000,H,1W,571155008000,2026082703,829,L,735,1,,194.13,800,1,L12-D-1,元町,未,2026-09-08T15:50:35Z,"Kotani, Miki/小谷 美輝",12:21,False,1.0,196,,
02N,1000,K,K5,583114214100,2026082703,829,L,730,1,,313.7401,750,1,C15-A-3,高岡,未,2026-09-08T15:50:50Z,"Kotani, Miki/小谷 美輝",10:51,False,1.0,197,,
02N,1000,K,K5,537224207000,2026082703,829,L,720,1,,194.1302,515,1,L12-D-8,高岡,未,2026-09-08T15:50:43Z,"Kotani, Miki/小谷 美輝",10:51,False,1.0,197,,
02N,1000,K,K5,537214206000,2026082703,829,L,719,1,,194.1301,515,1,L12-C-5,高岡,未,2026-09-08T15:50:42Z,"Kotani, Miki/小谷 美輝",10:51,False,1.0,197,,
02N,1000,K,K5,583114214100,2026082803,829,L,730,1,,313.7401,750,1,C15-A-3,高岡,未,2026-09-08T15:50:50Z,"Kotani, Miki/小谷 美輝",10:51,False,1.0,198,,
02N,1000,K,K5,581164203000,2026082803,829,L,726,1,,313.74,830,1,C15-B-5,高岡,未,2026-09-08T15:50:48Z,"Kotani, Miki/小谷 美輝",10:51,False,1.0,198,,
02N,1000,K,K5,583114214100,2026090103,829,L,730,1,,313.7401,750,1,C15-A-3,高岡,未,2026-09-08T15:50:51Z,"Kotani, Miki/小谷 美輝",10:51,False,1.0,199,,
02N,1000,K,K5,581164203000,2026090103,829,L,726,1,,313.74,830,1,C15-B-5,高岡,未,2026-09-08T15:50:48Z,"Kotani, Miki/小谷 美輝",10:51,False,1.0,199,,
02N,1000,K,K5,583114214100,2026090703,829,L,730,1,,313.7401,750,1,C15-A-3,高岡,未,2026-09-08T15:50:51Z,"Kotani, Miki/小谷 美輝",10:51,False,1.0,200,,
02N,2982,2,07,5831160F4000,2026090703,1000,N,250,1,,72.917,600,5,Q10-A-27,日野,未,2026-09-08T15:51:14Z,"Kotani, Miki/小谷 美輝",19:27,,,201,19.0,
02N,2982,2,07,5831160F4000,2026090803,1000,N,250,1,,72.917,600,5,Q10-A-27,日野,未,2026-09-08T15:51:14Z,"Kotani, Miki/小谷 美輝",19:27,,,201,19.0,
02N,1000,H,1W,572421101000,2026090103,829,L,328,1,,182.97,800,7,L12-B-26,元町,未,2026-09-08T15:50:36Z,"Kotani, Miki/小谷 美輝",12:21,,,202,1.0,
02N,1000,H,1W,572425003000,2026082703,829,L,330,1,,168.3903,800,7,M12-B-21,元町,未,2026-09-08T15:50:36Z,"Kotani, Miki/小谷 美輝",12:21,,,202,1.0,
02N,1000,H,1W,572411101000,2026082703,829,L,327,1,,168.3902,800,7,M12-B-17,元町,未,2026-09-08T15:50:36Z,"Kotani, Miki/小谷 美輝",12:21,,,202,1.0,
02N,7371,4,21,551124202000,2026090803,1000,N,716,1,,16.6501,830,17,Q9-A-5,織機,未,2026-09-08T15:51:01Z,"Kotani, Miki/小谷 美輝",08:30,,,203,25.0,
02N,7371,4,61,551124202000,2026090803,1000,N,716,1,,16.6501,830,17,Q9-A-5,織機,未,2026-09-08T15:51:02Z,"Kotani, Miki/小谷 美輝",08:30,,,203,25.0,
02N,7371,4,61,551124202000,2026090903,1000,N,716,1,,16.6501,830,17,Q9-A-5,織機,未,2026-09-08T15:51:02Z,"Kotani, Miki/小谷 美輝",08:30,,,204,26.0,
02N,7371,4,21,551124201000,2026090703,1000,N,715,1,,16.65,830,17,Q9-A-1,織機,未,2026-09-08T15:51:00Z,"Kotani, Miki/小谷 美輝",08:30,,,204,26.0,
02N,7371,4,21,551124201000,2026090803,1000,N,715,1,,16.65,830,17,Q9-A-1,織機,未,2026-09-08T15:51:00Z,"Kotani, Miki/小谷 美輝",08:30,,,205,27.0,
02N,7371,4,21,551124201000,2026090903,1000,N,715,2,,16.65,830,17,Q9-A-1,織機,未,2026-09-08T15:51:00Z,"Kotani, Miki/小谷 美輝",08:30,,,205,27.0,
02N,7371,4,21,551124201000,2026090903,1000,N,715,2,,16.65,830,17,Q9-A-1,織機,未,2026-09-08T15:51:00Z,"Kotani, Miki/小谷 美輝",08:30,,,206,28.0,
02N,7371,4,61,551124201000,2026090803,1000,N,715,1,,16.65,830,17,Q9-A-1,織機,未,2026-09-08T15:51:02Z,"Kotani, Miki/小谷 美輝",08:30,,,206,28.0,
02N,7371,4,61,551124201000,2026090903,1000,N,715,1,,16.65,830,17,Q9-A-1,織機,未,2026-09-08T15:51:02Z,"Kotani, Miki/小谷 美輝",08:30,,,207,29.0,
02N,1000,K,K5,551124202000,2026082503,829,L,716,1,,16.6501,830,17,Q9-A-5,高岡,未,2026-09-08T15:50:46Z,"Kotani, Miki/小谷 美輝",10:51,,,208,34.0,
02N,1000,K,K5,551124202000,2026082603,829,L,716,1,,16.6501,830,17,Q9-A-5,高岡,未,2026-09-08T15:50:46Z,"Kotani, Miki/小谷 美輝",10:51,,,208,34.0,
02N,1000,K,K5,551124202000,2026082703,829,L,716,1,,16.6501,830,17,Q9-A-5,高岡,未,2026-09-08T15:50:46Z,"Kotani, Miki/小谷 美輝",10:51,,,209,35.0,
02N,1000,K,K5,551124202000,2026082803,829,L,716,1,,16.6501,830,17,Q9-A-5,高岡,未,2026-09-08T15:50:46Z,"Kotani, Miki/小谷 美輝",10:51,,,209,35.0,
02N,1000,K,K5,551124202000,2026083103,829,L,716,1,,16.6501,830,17,Q9-A-5,高岡,未,2026-09-08T15:50:47Z,"Kotani, Miki/小谷 美輝",10:51,,,210,36.0,
02N,1000,K,K5,551124202000,2026090203,829,L,716,1,,16.6501,830,17,Q9-A-5,高岡,未,2026-09-08T15:50:47Z,"Kotani, Miki/小谷 美輝",10:51,,,210,36.0,
02N,1000,K,K5,551124202000,2026090303,829,L,716,1,,16.6501,830,17,Q9-A-5,高岡,未,2026-09-08T15:50:47Z,"Kotani, Miki/小谷 美輝",10:51,,,211,37.0,
02N,1000,K,K5,551124202000,2026090703,829,L,716,1,,16.6501,830,17,Q9-A-5,高岡,未,2026-09-08T15:50:48Z,"Kotani, Miki/小谷 美輝",10:51,,,211,37.0,
02N,8482,W,B7,551124202000,2026082103,1000,N,716,1,,16.6501,830,17,Q9-A-5,TMK,未,2026-09-08T15:50:27Z,"Kotani, Miki/小谷 美輝",10:51,,,212,38.0,
02N,1000,K,K5,551124202000,2026090803,829,L,716,1,,16.6501,830,17,Q9-A-5,高岡,未,2026-09-08T15:50:48Z,"Kotani, Miki/小谷 美輝",10:51,,,212,38.0,
02N,8482,W,B7,551124202000,2026082404,1000,N,716,1,,16.6501,830,17,Q9-A-5,TMK,未,2026-09-08T15:50:27Z,"Kotani, Miki/小谷 美輝",10:51,,,213,39.0,
02N,8482,W,B7,551124202000,2026082603,1000,N,716,1,,16.6501,830,17,Q9-A-5,TMK,未,2026-09-08T15:50:27Z,"Kotani, Miki/小谷 美輝",10:51,,,213,39.0,
02N,8482,W,B7,551124202000,2026082704,1000,N,716,1,,16.6501,830,17,Q9-A-5,TMK,未,2026-09-08T15:50:27Z,"Kotani, Miki/小谷 美輝",10:51,,,214,40.0,
02N,8482,W,B7,551124202000,2026082803,1000,N,716,1,,16.6501,830,17,Q9-A-5,TMK,未,2026-09-08T15:50:27Z,"Kotani, Miki/小谷 美輝",10:51,,,214,40.0,
02N,8482,W,B7,551124202000,2026091004,1000,N,716,1,,16.6501,830,17,Q9-A-5,TMK,未,2026-09-08T15:50:28Z,"Kotani, Miki/小谷 美輝",10:51,,,215,42.0,
02N,1000,K,K5,551124201000,2026082503,829,L,715,2,,16.65,830,17,Q9-A-1,高岡,未,2026-09-08T15:50:44Z,"Kotani, Miki/小谷 美輝",10:51,,,215,42.0,
02N,1000,K,K5,551124201000,2026082503,829,L,715,2,,16.65,830,17,Q9-A-1,高岡,未,2026-09-08T15:50:44Z,"Kotani, Miki/小谷 美輝",10:51,,,216,43.0,
02N,1000,K,K5,551124201000,2026082603,829,L,715,2,,16.65,830,17,Q9-A-1,高岡,未,2026-09-08T15:50:44Z,"Kotani, Miki/小谷 美輝",10:51,,,216,43.0,
02N,1000,K,K5,551124201000,2026082603,829,L,715,2,,16.65,830,17,Q9-A-1,高岡,未,2026-09-08T15:50:44Z,"Kotani, Miki/小谷 美輝",10:51,,,217,44.0,
02N,1000,K,K5,551124201000,2026082703,829,L,715,2,,16.65,830,17,Q9-A-1,高岡,未,2026-09-08T15:50:44Z,"Kotani, Miki/小谷 美輝",10:51,,,217,44.0,
02N,1000,K,K5,551124201000,2026082703,829,L,715,2,,16.65,830,17,Q9-A-1,高岡,未,2026-09-08T15:50:44Z,"Kotani, Miki/小谷 美輝",10:51,,,218,45.0,
02N,1000,K,K5,551124201000,2026082803,829,L,715,3,,16.65,830,17,Q9-A-1,高岡,未,2026-09-08T15:50:44Z,"Kotani, Miki/小谷 美輝",10:51,,,218,45.0,
02N,1000,K,K5,551124201000,2026082803,829,L,715,3,,16.65,830,17,Q9-A-1,高岡,未,2026-09-08T15:50:44Z,"Kotani, Miki/小谷 美輝",10:51,,,219,46.0,
02N,1000,K,K5,551124201000,2026082803,829,L,715,3,,16.65,830,17,Q9-A-1,高岡,未,2026-09-08T15:50:44Z,"Kotani, Miki/小谷 美輝",10:51,,,219,46.0,
02N,1000,K,K5,551124201000,2026083103,829,L,715,2,,16.65,830,17,Q9-A-1,高岡,未,2026-09-08T15:50:44Z,"Kotani, Miki/小谷 美輝",10:51,,,220,47.0,
02N,1000,K,K5,551124201000,2026083103,829,L,715,2,,16.65,830,17,Q9-A-1,高岡,未,2026-09-08T15:50:44Z,"Kotani, Miki/小谷 美輝",10:51,,,220,47.0,
02N,1000,K,K5,551124201000,2026090103,829,L,715,2,,16.65,830,17,Q9-A-1,高岡,未,2026-09-08T15:50:45Z,"Kotani, Miki/小谷 美輝",10:51,,,221,48.0,
02N,1000,K,K5,551124201000,2026090103,829,L,715,2,,16.65,830,17,Q9-A-1,高岡,未,2026-09-08T15:50:45Z,"Kotani, Miki/小谷 美輝",10:51,,,221,48.0,
02N,1000,K,K5,551124201000,2026090203,829,L,715,2,,16.65,830,17,Q9-A-1,高岡,未,2026-09-08T15:50:45Z,"Kotani, Miki/小谷 美輝",10:51,,,222,49.0,
02N,1000,K,K5,551124201000,2026090203,829,L,715,2,,16.65,830,17,Q9-A-1,高岡,未,2026-09-08T15:50:45Z,"Kotani, Miki/小谷 美輝",10:51,,,222,49.0,
02N,1000,K,K5,551124201000,2026090303,829,L,715,2,,16.65,830,17,Q9-A-1,高岡,未,2026-09-08T15:50:45Z,"Kotani, Miki/小谷 美輝",10:51,,,223,50.0,
02N,1000,K,K5,551124201000,2026090303,829,L,715,2,,16.65,830,17,Q9-A-1,高岡,未,2026-09-08T15:50:45Z,"Kotani, Miki/小谷 美輝",10:51,,,223,50.0,
02N,1000,K,K5,551124201000,2026090403,829,L,715,1,,16.65,830,17,Q9-A-1,高岡,未,2026-09-08T15:50:45Z,"Kotani, Miki/小谷 美輝",10:51,,,224,51.0,
02N,1000,K,K5,551124201000,2026090503,829,L,715,1,,16.65,830,17,Q9-A-1,高岡,未,2026-09-08T15:50:45Z,"Kotani, Miki/小谷 美輝",10:51,,,224,51.0,
02N,1000,K,K5,551124201000,2026090703,829,L,715,2,,16.65,830,17,Q9-A-1,高岡,未,2026-09-08T15:50:46Z,"Kotani, Miki/小谷 美輝",10:51,,,225,52.0,
02N,1000,K,K5,551124201000,2026090703,829,L,715,2,,16.65,830,17,Q9-A-1,高岡,未,2026-09-08T15:50:46Z,"Kotani, Miki/小谷 美輝",10:51,,,225,52.0,
02N,1000,K,K5,551124201000,2026090803,829,L,715,2,,16.65,830,17,Q9-A-1,高岡,未,2026-09-08T15:50:46Z,"Kotani, Miki/小谷 美輝",10:51,,,226,53.0,
02N,1000,K,K5,551124201000,2026090803,829,L,715,2,,16.65,830,17,Q9-A-1,高岡,未,2026-09-08T15:50:46Z,"Kotani, Miki/小谷 美輝",10:51,,,226,53.0,
02N,1000,H,1W,582111190500,2026090403,829,L,544,1,,346.501,600,17,C12-B-2,元町,未,2026-09-08T15:50:36Z,"Kotani, Miki/小谷 美輝",12:21,,,227,54.0,
02N,1000,H,1W,551115009000,2026082603,829,L,748,1,,168.39,600,17,N12-A-6,元町,未,2026-09-08T15:50:34Z,"Kotani, Miki/小谷 美輝",12:21,,,227,54.0,
02N,1000,H,1W,616415003000,2026082603,829,L,739,1,,238.6801,600,20,I12-B-5,元町,未,2026-09-08T15:50:36Z,"Kotani, Miki/小谷 美輝",12:21,,,228,2.0,
02N,1000,H,1W,616455005000,2026082603,829,L,741,1,,238.6801,600,20,I12-B-5,元町,未,2026-09-08T15:50:36Z,"Kotani, Miki/小谷 美輝",12:21,,,228,2.0,
02N,1000,H,1W,616425003000,2026090303,829,L,740,1,,238.68,600,20,I12-B-3,元町,未,2026-09-08T15:50:36Z,"Kotani, Miki/小谷 美輝",12:21,,,228,2.0,
02N,1000,H,1W,616465005000,2026090303,829,L,742,1,,238.68,600,20,I12-B-3,元町,未,2026-09-08T15:50:36Z,"Kotani, Miki/小谷 美輝",12:21,,,228,2.0,
02N,2982,2,W5,671456020000,2026091203,1000,N,477,1,,72.915,500,21,Q10-A-22,日野,未,2026-09-08T15:51:25Z,"Kotani, Miki/小谷 美輝",19:27,False,1.0,229,,
02N,2982,2,W5,671466020000,2026091203,1000,N,478,1,,72.914,500,21,Q10-A-20,日野,未,2026-09-08T15:51:26Z,"Kotani, Miki/小谷 美輝",19:27,False,1.0,229,,
02N,2982,2,07,617756002000,2026091203,1000,N,439,1,,72.906,500,21,Q10-B-3,日野,未,2026-09-08T15:51:21Z,"Kotani, Miki/小谷 美輝",19:27,False,1.0,229,,
02N,2982,2,07,617766003000,2026091203,1000,N,440,1,,72.905,500,21,Q10-B-1,日野,未,2026-09-08T15:51:22Z,"Kotani, Miki/小谷 美輝",19:27,False,1.0,229,,
02N,2982,2,W5,671466020000,2026090703,1000,N,478,1,,72.914,500,21,Q10-A-20,日野,未,2026-09-08T15:51:25Z,"Kotani, Miki/小谷 美輝",19:27,False,1.0,230,,
02N,2982,2,07,617766003000,2026090703,1000,N,440,1,,72.905,500,21,Q10-B-1,日野,未,2026-09-08T15:51:21Z,"Kotani, Miki/小谷 美輝",19:27,False,1.0,230,,
02N,8482,W,B3,581167801100,2026082004,1000,N,700,1,,313.7402,830,1,C15-A-1,KVC,未,2026-09-08T15:50:19Z,"Kotani, Miki/小谷 美輝",06:45,False,1.0,231,,
02N,8482,W,B7,581167801100,2026082004,1000,N,700,1,,313.7402,830,1,C15-A-1,KVC,未,2026-09-08T15:50:28Z,"Kotani, Miki/小谷 美輝",10:51,False,1.0,231,,
02N,8482,W,B7,537224207090,2026082004,1000,N,720,1,,194.1302,515,1,L12-D-8,KVC,未,2026-09-08T15:50:25Z,"Kotani, Miki/小谷 美輝",10:51,False,1.0,231,,
02N,8482,W,B3,581167801100,2026082104,1000,N,700,1,,313.7402,830,1,C15-A-1,KVC,未,2026-09-08T15:50:19Z,"Kotani, Miki/小谷 美輝",06:45,False,1.0,232,,
02N,8482,W,B7,581167801100,2026082104,1000,N,700,1,,313.7402,830,1,C15-A-1,KVC,未,2026-09-08T15:50:28Z,"Kotani, Miki/小谷 美輝",10:51,False,1.0,232,,
02N,8482,W,B7,537224207090,2026082104,1000,N,720,1,,194.1302,515,1,L12-D-8,KVC,未,2026-09-08T15:50:25Z,"Kotani, Miki/小谷 美輝",10:51,False,1.0,232,,
02N,8482,W,B7,582114202000,2026082404,1000,N,728,1,,346.5,550,1,C12-B-6,KVC,未,2026-09-08T15:50:30Z,"Kotani, Miki/小谷 美輝",10:51,False,1.0,233,,
02N,8482,W,B3,581167801100,2026082404,1000,N,700,1,,313.7402,830,1,C15-A-1,KVC,未,2026-09-08T15:50:19Z,"Kotani, Miki/小谷 美輝",06:45,False,1.0,233,,
02N,8482,W,B7,581167801100,2026082404,1000,N,700,1,,313.7402,830,1,C15-A-1,KVC,未,2026-09-08T15:50:28Z,"Kotani, Miki/小谷 美輝",10:51,False,1.0,233,,
02N,1000,K,K5,583114214100,2026082504,829,L,730,1,,313.7401,750,1,C15-A-3,高岡,未,2026-09-08T15:50:50Z,"Kotani, Miki/小谷 美輝",14:40,False,1.0,234,,
02N,1000,K,K5,581164203000,2026082504,829,L,726,1,,313.74,830,1,C15-B-5,高岡,未,2026-09-08T15:50:48Z,"Kotani, Miki/小谷 美輝",14:40,False,1.0,234,,
02N,8482,W,B3,581167801100,2026082604,1000,N,700,1,,313.7402,830,1,C15-A-1,KVC,未,2026-09-08T15:50:20Z,"Kotani, Miki/小谷 美輝",06:45,False,1.0,235,,
02N,8482,W,B7,581167801100,2026082604,1000,N,700,1,,313.7402,830,1,C15-A-1,KVC,未,2026-09-08T15:50:28Z,"Kotani, Miki/小谷 美輝",10:51,False,1.0,235,,
02N,8482,W,B7,537224207090,2026082604,1000,N,720,1,,194.1302,515,1,L12-D-8,KVC,未,2026-09-08T15:50:25Z,"Kotani, Miki/小谷 美輝",10:51,False,1.0,235,,
02N,8482,W,B7,537224207090,2026082805,1000,N,720,1,,194.1302,515,1,L12-D-8,KVC,未,2026-09-08T15:50:26Z,"Kotani, Miki/小谷 美輝",14:40,False,2.0,236,,
02N,8482,W,B7,537214206090,2026082805,1000,N,719,1,,194.1301,515,1,L12-C-5,KVC,未,2026-09-08T15:50:22Z,"Kotani, Miki/小谷 美輝",14:40,False,2.0,236,,
02N,1000,H,1W,571111101000,2026082604,829,L,319,1,,168.3905,800,1,N12-A-21,元町,未,2026-09-08T15:50:34Z,"Kotani, Miki/小谷 美輝",17:18,False,1.0,236,,
02N,1000,H,1W,537141101000,2026082604,829,L,566,1,,153.54,515,1,N12-B-1,元町,未,2026-09-08T15:50:34Z,"Kotani, Miki/小谷 美輝",17:18,False,1.0,236,,
02N,1000,K,K5,583114214100,2026082604,829,L,730,1,,313.7401,750,1,C15-A-3,高岡,未,2026-09-08T15:50:50Z,"Kotani, Miki/小谷 美輝",14:40,False,1.0,237,,
02N,1000,K,K5,581164203000,2026082604,829,L,726,1,,313.74,830,1,C15-B-5,高岡,未,2026-09-08T15:50:48Z,"Kotani, Miki/小谷 美輝",14:40,False,1.0,237,,
02N,1000,K,K5,537224207000,2026082604,829,L,720,1,,194.1302,515,1,L12-D-8,高岡,未,2026-09-08T15:50:43Z,"Kotani, Miki/小谷 美輝",14:40,False,1.0,237,,
02N,1000,K,K5,583114214100,2026082804,829,L,730,1,,313.7401,750,1,C15-A-3,高岡,未,2026-09-08T15:50:50Z,"Kotani, Miki/小谷 美輝",14:40,False,1.0,238,,
02N,1000,K,K5,537214206000,2026082804,829,L,719,1,,194.1301,515,1,L12-C-5,高岡,未,2026-09-08T15:50:43Z,"Kotani, Miki/小谷 美輝",14:40,False,1.0,238,,
02N,2982,2,07,631426010000,2026090814,1000,N,443,1,,72.916,1000,1,Q10-A-24,日野,未,2026-09-08T15:51:23Z,"Kotani, Miki/小谷 美輝",14:15,True,1.0,238,,
02N,8482,W,B7,582114202000,2026083104,1000,N,728,1,,346.5,550,1,C12-B-6,KVC,未,2026-09-08T15:50:30Z,"Kotani, Miki/小谷 美輝",10:51,False,1.0,239,,
02N,8482,W,B3,581167801100,2026083104,1000,N,700,1,,313.7402,830,1,C15-A-1,KVC,未,2026-09-08T15:50:21Z,"Kotani, Miki/小谷 美輝",06:45,False,1.0,239,,
02N,8482,W,B7,581167801100,2026083104,1000,N,700,1,,313.7402,830,1,C15-A-1,KVC,未,2026-09-08T15:50:29Z,"Kotani, Miki/小谷 美輝",10:51,False,1.0,239,,
02N,1000,K,K5,583114214100,2026083104,829,L,730,1,,313.7401,750,1,C15-A-3,高岡,未,2026-09-08T15:50:50Z,"Kotani, Miki/小谷 美輝",14:40,False,1.0,240,,
02N,1000,K,K5,537214206000,2026083104,829,L,719,1,,194.1301,515,1,L12-C-5,高岡,未,2026-09-08T15:50:43Z,"Kotani, Miki/小谷 美輝",14:40,False,1.0,240,,
02N,2982,2,07,631426010000,2026090714,1000,N,443,1,,72.916,1000,1,Q10-A-24,日野,未,2026-09-08T15:51:23Z,"Kotani, Miki/小谷 美輝",14:15,True,1.0,240,,
02N,8482,W,B7,537224207090,2026082405,1000,N,720,1,,194.1302,515,1,L12-D-8,KVC,未,2026-09-08T15:50:25Z,"Kotani, Miki/小谷 美輝",14:40,False,1.0,241,,
02N,8482,W,B7,537214206090,2026082405,1000,N,719,1,,194.1301,515,1,L12-C-5,KVC,未,2026-09-08T15:50:22Z,"Kotani, Miki/小谷 美輝",14:40,False,1.0,241,,
02N,1000,H,1W,571111101000,2026090204,829,L,319,1,,168.3905,800,1,N12-A-21,元町,未,2026-09-08T15:50:35Z,"Kotani, Miki/小谷 美輝",17:18,False,1.0,241,,
02N,1000,H,1W,537131101000,2026090204,829,L,565,1,,153.5401,515,1,N12-B-3,元町,未,2026-09-08T15:50:34Z,"Kotani, Miki/小谷 美輝",17:18,False,1.0,241,,
02N,1000,K,K5,583114214100,2026090304,829,L,730,1,,313.7401,750,1,C15-A-3,高岡,未,2026-09-08T15:50:51Z,"Kotani, Miki/小谷 美輝",14:40,False,1.0,242,,
02N,1000,K,K5,537214206000,2026090304,829,L,719,1,,194.1301,515,1,L12-C-5,高岡,未,2026-09-08T15:50:43Z,"Kotani, Miki/小谷 美輝",14:40,False,1.0,242,,
02N,2982,2,W5,671456020000,2026090814,1000,N,477,1,,72.915,500,21,Q10-A-22,日野,未,2026-09-08T15:51:24Z,"Kotani, Miki/小谷 美輝",14:15,False,1.0,242,,
02N,2982,2,07,617756003000,2026090814,1000,N,441,1,,72.901,500,21,Q10-B-B,日野,未,2026-09-08T15:51:21Z,"Kotani, Miki/小谷 美輝",14:15,False,1.0,242,,
02N,1000,K,K5,583114214100,2026090404,829,L,730,1,,313.7401,750,1,C15-A-3,高岡,未,2026-09-08T15:50:51Z,"Kotani, Miki/小谷 美輝",14:40,False,1.0,243,,
02N,1000,K,K5,537214206000,2026090404,829,L,719,1,,194.1301,515,1,L12-C-5,高岡,未,2026-09-08T15:50:43Z,"Kotani, Miki/小谷 美輝",14:40,False,1.0,243,,
02N,2982,2,07,631426010000,2026090812,1000,N,443,1,,72.916,1000,1,Q10-A-24,日野,未,2026-09-08T15:51:23Z,"Kotani, Miki/小谷 美輝",12:05,True,1.0,243,,
02N,1000,K,K5,583114214100,2026090105,829,L,730,1,,313.7401,750,1,C15-A-3,高岡,未,2026-09-08T15:50:51Z,"Kotani, Miki/小谷 美輝",18:46,False,1.0,244,,
02N,1000,D,1P,671466020000,2026090704,829,L,478,2,,62.112,500,21,Q10-E-21,三栄,未,2026-09-08T15:50:53Z,"Kotani, Miki/小谷 美輝",22:00,False,1.0,244,,
02N,1000,D,1P,671466020000,2026090704,829,L,478,2,,62.112,500,21,Q10-E-21,三栄,未,2026-09-08T15:50:53Z,"Kotani, Miki/小谷 美輝",22:00,False,1.0,244,,
02N,1000,D,1P,671456020000,2026090704,829,L,477,1,,62.111,500,21,Q10-E-20,三栄,未,2026-09-08T15:50:53Z,"Kotani, Miki/小谷 美輝",22:00,False,1.0,244,,
02N,2982,2,06,486246006000,2026090704,1000,N,196,1,,72.913,750,1,Q10-A-13,日野,未,2026-09-08T15:51:08Z,"Kotani, Miki/小谷 美輝",21:15,False,1.0,245,,
02N,2982,2,06,486226006000,2026090704,1000,N,194,1,,72.911,750,1,Q10-A-11,日野,未,2026-09-08T15:51:06Z,"Kotani, Miki/小谷 美輝",21:15,False,1.0,245,,
02N,2982,2,06,486216006000,2026090704,1000,N,193,1,,72.91,750,1,Q10-A-10,日野,未,2026-09-08T15:51:04Z,"Kotani, Miki/小谷 美輝",21:15,False,1.0,245,,
02N,7371,4,28,583114214100,2026090704,1000,N,730,2,,313.7401,750,1,C15-A-3,織機,未,2026-09-08T15:51:01Z,"Kotani, Miki/小谷 美輝",10:30,False,1.0,246,,
02N,7371,4,28,583114214100,2026090704,1000,N,730,2,,313.7401,750,1,C15-A-3,織機,未,2026-09-08T15:51:01Z,"Kotani, Miki/小谷 美輝",10:30,False,1.0,246,,
02N,7371,4,61,583114214100,2026090704,1000,N,730,1,,313.7401,750,1,C15-A-3,織機,未,2026-09-08T15:51:02Z,"Kotani, Miki/小谷 美輝",10:30,False,1.0,246,,
02N,1000,K,K5,583114214100,2026090704,829,L,730,1,,313.7401,750,1,C15-A-3,高岡,未,2026-09-08T15:50:51Z,"Kotani, Miki/小谷 美輝",14:40,False,1.0,247,,
02N,1000,K,K5,581164203000,2026090704,829,L,726,1,,313.74,830,1,C15-B-5,高岡,未,2026-09-08T15:50:49Z,"Kotani, Miki/小谷 美輝",14:40,False,1.0,247,,
02N,1000,K,K5,537214206000,2026090704,829,L,719,1,,194.1301,515,1,L12-C-5,高岡,未,2026-09-08T15:50:43Z,"Kotani, Miki/小谷 美輝",14:40,False,1.0,247,,
02N,1000,H,1W,571165008000,2026090404,829,L,736,1,,204.3,800,1,L12-A-5,元町,未,2026-09-08T15:50:36Z,"Kotani, Miki/小谷 美輝",17:18,False,1.0,248,,
02N,1000,H,1W,571121101000,2026083104,829,L,320,1,,168.3904,800,1,N12-A-19,元町,未,2026-09-08T15:50:35Z,"Kotani, Miki/小谷 美輝",17:18,False,1.0,249,,
02N,2982,2,07,617416014000,2026090713,1000,N,437,1,,62.1901,750,1,Q10-D-25,日野,未,2026-09-08T15:51:18Z,"Kotani, Miki/小谷 美輝",13:21,False,4.0,249,,
02N,2982,2,07,617426014000,2026090713,1000,N,438,1,,62.19,750,1,Q10-D-23,日野,未,2026-09-08T15:51:19Z,"Kotani, Miki/小谷 美輝",13:21,False,4.0,249,,
02N,1000,K,K5,583114214100,2026090204,829,L,730,1,,313.7401,750,1,C15-A-3,高岡,未,2026-09-08T15:50:51Z,"Kotani, Miki/小谷 美輝",14:40,False,1.0,250,,
02N,2982,2,07,616246010000,2026090714,1000,N,432,1,,72.907,500,1,Q10-B-5,日野,未,2026-09-08T15:51:16Z,"Kotani, Miki/小谷 美輝",14:15,False,3.0,250,,
02N,2982,2,07,617416014000,2026090714,1000,N,437,1,,62.1901,750,1,Q10-D-25,日野,未,2026-09-08T15:51:18Z,"Kotani, Miki/小谷 美輝",14:15,False,3.0,250,,
02N,8482,W,B7,581167801100,2026090804,1000,N,700,1,,313.7402,830,1,C15-A-1,KVC,未,2026-09-08T15:50:29Z,"Kotani, Miki/小谷 美輝",10:51,False,1.0,251,,
02N,8482,W,B7,537224207090,2026082404,1000,N,720,1,,194.1302,515,1,L12-D-8,KVC,未,2026-09-08T15:50:25Z,"Kotani, Miki/小谷 美輝",10:51,False,2.0,251,,
02N,8482,W,B7,537224207090,2026090804,1000,N,720,1,,194.1302,515,1,L12-D-8,KVC,未,2026-09-08T15:50:26Z,"Kotani, Miki/小谷 美輝",10:51,False,1.0,251,,
02N,8482,W,B7,537214206090,2026082404,1000,N,719,1,,194.1301,515,1,L12-C-5,KVC,未,2026-09-08T15:50:22Z,"Kotani, Miki/小谷 美輝",10:51,False,2.0,251,,
02N,2982,2,07,631426010000,2026090804,1000,N,443,1,,72.916,1000,1,Q10-A-24,日野,未,2026-09-08T15:51:23Z,"Kotani, Miki/小谷 美輝",21:15,True,1.0,252,,
02N,2982,2,06,486246006000,2026090804,1000,N,196,1,,72.913,750,1,Q10-A-13,日野,未,2026-09-08T15:51:10Z,"Kotani, Miki/小谷 美輝",21:15,False,2.0,253,,
02N,2982,2,06,486236006000,2026090804,1000,N,195,1,,72.912,750,1,Q10-A-12,日野,未,2026-09-08T15:51:08Z,"Kotani, Miki/小谷 美輝",21:15,False,2.0,253,,
02N,2982,2,06,486226006000,2026090804,1000,N,194,1,,72.911,750,1,Q10-A-11,日野,未,2026-09-08T15:51:06Z,"Kotani, Miki/小谷 美輝",21:15,False,2.0,253,,
02N,2982,2,06,486216006000,2026090804,1000,N,193,1,,72.91,750,1,Q10-A-10,日野,未,2026-09-08T15:51:04Z,"Kotani, Miki/小谷 美輝",21:15,False,3.0,254,,
02N,2982,2,07,617416014000,2026090804,1000,N,437,1,,62.1901,750,1,Q10-D-25,日野,未,2026-09-08T15:51:18Z,"Kotani, Miki/小谷 美輝",21:15,False,3.0,254,,
02N,2982,2,07,617426014000,2026090804,1000,N,438,1,,62.19,750,1,Q10-D-23,日野,未,2026-09-08T15:51:19Z,"Kotani, Miki/小谷 美輝",21:15,False,3.0,254,,
02N,7371,4,28,583114214100,2026090804,1000,N,730,2,,313.7401,750,1,C15-A-3,織機,未,2026-09-08T15:51:01Z,"Kotani, Miki/小谷 美輝",10:30,False,1.0,255,,
02N,7371,4,28,583114214100,2026090804,1000,N,730,2,,313.7401,750,1,C15-A-3,織機,未,2026-09-08T15:51:01Z,"Kotani, Miki/小谷 美輝",10:30,False,1.0,255,,
02N,2982,2,07,631426010000,2026090711,1000,N,443,1,,72.916,1000,1,Q10-A-24,日野,未,2026-09-08T15:51:22Z,"Kotani, Miki/小谷 美輝",11:06,True,1.0,255,,
02N,1000,K,K5,583114214100,2026090804,829,L,730,1,,313.7401,750,1,C15-A-3,高岡,未,2026-09-08T15:50:51Z,"Kotani, Miki/小谷 美輝",14:40,False,1.0,256,,
02N,1000,K,K5,537224207000,2026090804,829,L,720,1,,194.1302,515,1,L12-D-8,高岡,未,2026-09-08T15:50:44Z,"Kotani, Miki/小谷 美輝",14:40,False,1.0,256,,
02N,2982,2,07,631426010000,2026090712,1000,N,443,1,,72.916,1000,1,Q10-A-24,日野,未,2026-09-08T15:51:23Z,"Kotani, Miki/小谷 美輝",12:05,True,1.0,256,,
02N,8482,W,B7,537224207090,2026091005,1000,N,720,1,,194.1302,515,1,L12-D-8,KVC,未,2026-09-08T15:50:26Z,"Kotani, Miki/小谷 美輝",14:40,False,1.0,257,,
02N,8482,W,B7,537214206090,2026090805,1000,N,719,1,,194.1301,515,1,L12-C-5,KVC,未,2026-09-08T15:50:23Z,"Kotani, Miki/小谷 美輝",14:40,False,1.0,257,,
02N,1000,H,1W,537131101000,2026090804,829,L,565,1,,153.5401,515,1,N12-B-3,元町,未,2026-09-08T15:50:34Z,"Kotani, Miki/小谷 美輝",17:18,False,1.0,257,,
02N,1000,K,K5,537224207000,2026090104,829,L,720,1,,194.1302,515,1,L12-D-8,高岡,未,2026-09-08T15:50:43Z,"Kotani, Miki/小谷 美輝",14:40,False,1.0,258,,
02N,1000,K,K5,537214206000,2026090104,829,L,719,1,,194.1301,515,1,L12-C-5,高岡,未,2026-09-08T15:50:43Z,"Kotani, Miki/小谷 美輝",14:40,False,1.0,258,,
02N,1000,K,K5,537214206000,2026082604,829,L,719,1,,194.1301,515,1,L12-C-5,高岡,未,2026-09-08T15:50:42Z,"Kotani, Miki/小谷 美輝",14:40,False,2.0,259,,
02N,2982,2,07,616236014000,2026090812,1000,N,431,1,,72.908,500,1,Q10-B-7,日野,未,2026-09-08T15:51:15Z,"Kotani, Miki/小谷 美輝",12:05,False,3.0,259,,
02N,2982,2,07,616246010000,2026090812,1000,N,432,1,,72.907,500,1,Q10-B-5,日野,未,2026-09-08T15:51:17Z,"Kotani, Miki/小谷 美輝",12:05,False,3.0,259,,
02N,2982,2,07,617416014000,2026090812,1000,N,437,1,,62.1901,750,1,Q10-D-25,日野,未,2026-09-08T15:51:18Z,"Kotani, Miki/小谷 美輝",12:05,False,3.0,259,,
02N,8482,W,B7,582114202000,2026090904,1000,N,728,1,,346.5,550,1,C12-B-6,KVC,未,2026-09-08T15:50:30Z,"Kotani, Miki/小谷 美輝",10:51,False,1.0,260,,
02N,8482,W,B7,581167801100,2026090904,1000,N,700,1,,313.7402,830,1,C15-A-1,KVC,未,2026-09-08T15:50:29Z,"Kotani, Miki/小谷 美輝",10:51,False,1.0,260,,
02N,8482,W,B7,537214206090,2026082004,1000,N,719,1,,194.1301,515,1,L12-C-5,KVC,未,2026-09-08T15:50:21Z,"Kotani, Miki/小谷 美輝",10:51,False,2.0,260,,
02N,8482,W,B7,537214206090,2026090904,1000,N,719,1,,194.1301,515,1,L12-C-5,KVC,未,2026-09-08T15:50:23Z,"Kotani, Miki/小谷 美輝",10:51,False,1.0,260,,
02N,2982,2,07,631426010000,2026090904,1000,N,443,1,,72.916,1000,1,Q10-A-24,日野,未,2026-09-08T15:51:23Z,"Kotani, Miki/小谷 美輝",21:15,True,1.0,261,,
02N,2982,2,07,617426014000,2026090904,1000,N,438,1,,62.19,750,1,Q10-D-23,日野,未,2026-09-08T15:51:20Z,"Kotani, Miki/小谷 美輝",21:15,False,4.0,261,,
02N,2982,2,06,486246006000,2026090904,1000,N,196,1,,72.913,750,1,Q10-A-13,日野,未,2026-09-08T15:51:11Z,"Kotani, Miki/小谷 美輝",21:15,False,2.0,262,,
02N,2982,2,06,486236006000,2026090904,1000,N,195,1,,72.912,750,1,Q10-A-12,日野,未,2026-09-08T15:51:08Z,"Kotani, Miki/小谷 美輝",21:15,False,2.0,262,,
02N,2982,2,06,486226006000,2026090904,1000,N,194,1,,72.911,750,1,Q10-A-11,日野,未,2026-09-08T15:51:07Z,"Kotani, Miki/小谷 美輝",21:15,False,2.0,262,,
02N,2982,2,06,486216006000,2026090904,1000,N,193,1,,72.91,750,1,Q10-A-10,日野,未,2026-09-08T15:51:05Z,"Kotani, Miki/小谷 美輝",21:15,False,3.0,263,,
02N,2982,2,07,616246010000,2026090904,1000,N,432,1,,72.907,500,1,Q10-B-5,日野,未,2026-09-08T15:51:17Z,"Kotani, Miki/小谷 美輝",21:15,False,3.0,263,,
02N,2982,2,07,617416014000,2026090904,1000,N,437,1,,62.1901,750,1,Q10-D-25,日野,未,2026-09-08T15:51:18Z,"Kotani, Miki/小谷 美輝",21:15,False,3.0,263,,
02N,7371,4,28,582114202000,2026090904,1000,N,728,1,,346.5,550,1,C12-B-6,織機,未,2026-09-08T15:51:01Z,"Kotani, Miki/小谷 美輝",10:30,False,1.0,264,,
02N,7371,4,28,583114214100,2026090904,1000,N,730,2,,313.7401,750,1,C15-A-3,織機,未,2026-09-08T15:51:02Z,"Kotani, Miki/小谷 美輝",10:30,False,1.0,264,,
02N,7371,4,28,583114214100,2026090904,1000,N,730,2,,313.7401,750,1,C15-A-3,織機,未,2026-09-08T15:51:02Z,"Kotani, Miki/小谷 美輝",10:30,False,1.0,264,,
02N,8482,W,B3,581167801100,2026091004,1000,N,700,1,,313.7402,830,1,C15-A-1,KVC,未,2026-09-08T15:50:21Z,"Kotani, Miki/小谷 美輝",06:45,False,1.0,265,,
02N,8482,W,B7,581167801100,2026091004,1000,N,700,1,,313.7402,830,1,C15-A-1,KVC,未,2026-09-08T15:50:29Z,"Kotani, Miki/小谷 美輝",10:51,False,1.0,265,,
02N,8482,W,B7,537214206090,2026091004,1000,N,719,1,,194.1301,515,1,L12-C-5,KVC,未,2026-09-08T15:50:24Z,"Kotani, Miki/小谷 美輝",10:51,False,1.0,265,,
02N,2982,2,07,631426010000,2026091204,1000,N,443,1,,72.916,1000,1,Q10-A-24,日野,未,2026-09-08T15:51:23Z,"Kotani, Miki/小谷 美輝",21:15,True,1.0,266,,
02N,2982,2,07,617426014000,2026091204,1000,N,438,1,,62.19,750,1,Q10-D-23,日野,未,2026-09-08T15:51:20Z,"Kotani, Miki/小谷 美輝",21:15,False,3.0,266,,
02N,8482,W,B7,537214206090,2026090809,1000,N,719,1,,194.1301,515,1,L12-C-5,KVC,未,2026-09-08T15:50:23Z,"Kotani, Miki/小谷 美輝",22:41,False,1.0,267,,
02N,2982,2,07,616236014000,2026091204,1000,N,431,1,,72.908,500,1,Q10-B-7,日野,未,2026-09-08T15:51:15Z,"Kotani, Miki/小谷 美輝",21:15,False,2.0,267,,
02N,2982,2,07,616246010000,2026091204,1000,N,432,1,,72.907,500,1,Q10-B-5,日野,未,2026-09-08T15:51:17Z,"Kotani, Miki/小谷 美輝",21:15,False,2.0,267,,
02N,2982,2,07,617416014000,2026091204,1000,N,437,1,,62.1901,750,1,Q10-D-25,日野,未,2026-09-08T15:51:18Z,"Kotani, Miki/小谷 美輝",21:15,False,2.0,267,,
02N,8482,W,B7,537224207090,2026082704,1000,N,720,1,,194.1302,515,1,L12-D-8,KVC,未,2026-09-08T15:50:26Z,"Kotani, Miki/小谷 美輝",10:51,False,1.0,268,,
02N,2982,2,07,5831160F1000,2026090904,1000,N,248,1,,72.918,600,5,Q10-B-23,日野,未,2026-09-08T15:51:12Z,"Kotani, Miki/小谷 美輝",21:15,,,269,20.0,
02N,2982,2,07,5831160F1000,2026091204,1000,N,248,1,,72.918,600,5,Q10-B-23,日野,未,2026-09-08T15:51:12Z,"Kotani, Miki/小谷 美輝",21:15,,,269,20.0,
02N,2982,2,07,5831160F4000,2026090904,1000,N,250,1,,72.917,600,5,Q10-A-27,日野,未,2026-09-08T15:51:14Z,"Kotani, Miki/小谷 美輝",21:15,,,270,21.0,
02N,2982,2,07,5831160F4000,2026091204,1000,N,250,1,,72.917,600,5,Q10-A-27,日野,未,2026-09-08T15:51:14Z,"Kotani, Miki/小谷 美輝",21:15,,,270,21.0,
02N,1000,H,1W,572421101000,2026090804,829,L,328,1,,182.97,800,7,L12-B-26,元町,未,2026-09-08T15:50:36Z,"Kotani, Miki/小谷 美輝",17:18,,,271,2.0,
02N,7371,4,21,551124202000,2026090704,1000,N,716,1,,16.6501,830,17,Q9-A-5,織機,未,2026-09-08T15:51:00Z,"Kotani, Miki/小谷 美輝",10:30,,,272,30.0,
02N,7371,4,21,551124202000,2026090904,1000,N,716,1,,16.6501,830,17,Q9-A-5,織機,未,2026-09-08T15:51:01Z,"Kotani, Miki/小谷 美輝",10:30,,,272,30.0,
02N,7371,4,61,551124202000,2026090704,1000,N,716,1,,16.6501,830,17,Q9-A-5,織機,未,2026-09-08T15:51:02Z,"Kotani, Miki/小谷 美輝",10:30,,,273,31.0,
02N,7371,4,21,551124201000,2026090704,1000,N,715,1,,16.65,830,17,Q9-A-1,織機,未,2026-09-08T15:51:00Z,"Kotani, Miki/小谷 美輝",10:30,,,273,31.0,
02N,7371,4,21,551124201000,2026090804,1000,N,715,1,,16.65,830,17,Q9-A-1,織機,未,2026-09-08T15:51:00Z,"Kotani, Miki/小谷 美輝",10:30,,,274,32.0,
02N,7371,4,21,551124201000,2026090904,1000,N,715,1,,16.65,830,17,Q9-A-1,織機,未,2026-09-08T15:51:00Z,"Kotani, Miki/小谷 美輝",10:30,,,274,32.0,
02N,7371,4,61,551124201000,2026090704,1000,N,715,1,,16.65,830,17,Q9-A-1,織機,未,2026-09-08T15:51:02Z,"Kotani, Miki/小谷 美輝",10:30,,,275,33.0,
02N,8482,W,B7,551124202000,2026090804,1000,N,716,1,,16.6501,830,17,Q9-A-5,TMK,未,2026-09-08T15:50:27Z,"Kotani, Miki/小谷 美輝",10:51,,,276,41.0,
02N,8482,W,B7,551124202000,2026090904,1000,N,716,1,,16.6501,830,17,Q9-A-5,TMK,未,2026-09-08T15:50:28Z,"Kotani, Miki/小谷 美輝",10:51,,,276,41.0,
02N,1000,K,K5,551124202000,2026082604,829,L,716,1,,16.6501,830,17,Q9-A-5,高岡,未,2026-09-08T15:50:46Z,"Kotani, Miki/小谷 美輝",14:40,,,277,60.0,
02N,1000,K,K5,551124202000,2026082704,829,L,716,1,,16.6501,830,17,Q9-A-5,高岡,未,2026-09-08T15:50:46Z,"Kotani, Miki/小谷 美輝",14:40,,,277,60.0,
02N,1000,K,K5,551124202000,2026082804,829,L,716,1,,16.6501,830,17,Q9-A-5,高岡,未,2026-09-08T15:50:46Z,"Kotani, Miki/小谷 美輝",14:40,,,278,61.0,
02N,1000,K,K5,551124202000,2026090104,829,L,716,1,,16.6501,830,17,Q9-A-5,高岡,未,2026-09-08T15:50:47Z,"Kotani, Miki/小谷 美輝",14:40,,,278,61.0,
02N,1000,K,K5,551124202000,2026090404,829,L,716,1,,16.6501,830,17,Q9-A-5,高岡,未,2026-09-08T15:50:48Z,"Kotani, Miki/小谷 美輝",14:40,,,279,62.0,
02N,1000,K,K5,551124202000,2026090704,829,L,716,1,,16.6501,830,17,Q9-A-5,高岡,未,2026-09-08T15:50:48Z,"Kotani, Miki/小谷 美輝",14:40,,,279,62.0,
02N,1000,K,K5,551124201000,2026082504,829,L,715,2,,16.65,830,17,Q9-A-1,高岡,未,2026-09-08T15:50:44Z,"Kotani, Miki/小谷 美輝",14:40,,,280,67.0,
02N,1000,K,K5,551124201000,2026082504,829,L,715,2,,16.65,830,17,Q9-A-1,高岡,未,2026-09-08T15:50:44Z,"Kotani, Miki/小谷 美輝",14:40,,,280,67.0,
02N,1000,K,K5,551124201000,2026082604,829,L,715,2,,16.65,830,17,Q9-A-1,高岡,未,2026-09-08T15:50:44Z,"Kotani, Miki/小谷 美輝",14:40,,,281,68.0,
02N,1000,K,K5,551124201000,2026082604,829,L,715,2,,16.65,830,17,Q9-A-1,高岡,未,2026-09-08T15:50:44Z,"Kotani, Miki/小谷 美輝",14:40,,,281,68.0,
02N,1000,K,K5,551124201000,2026082704,829,L,715,2,,16.65,830,17,Q9-A-1,高岡,未,2026-09-08T15:50:44Z,"Kotani, Miki/小谷 美輝",14:40,,,282,69.0,
02N,1000,K,K5,551124201000,2026082704,829,L,715,2,,16.65,830,17,Q9-A-1,高岡,未,2026-09-08T15:50:44Z,"Kotani, Miki/小谷 美輝",14:40,,,282,69.0,
02N,1000,K,K5,551124201000,2026082804,829,L,715,2,,16.65,830,17,Q9-A-1,高岡,未,2026-09-08T15:50:44Z,"Kotani, Miki/小谷 美輝",14:40,,,283,70.0,
02N,1000,K,K5,551124201000,2026082804,829,L,715,2,,16.65,830,17,Q9-A-1,高岡,未,2026-09-08T15:50:44Z,"Kotani, Miki/小谷 美輝",14:40,,,283,70.0,
02N,1000,K,K5,551124201000,2026083104,829,L,715,2,,16.65,830,17,Q9-A-1,高岡,未,2026-09-08T15:50:44Z,"Kotani, Miki/小谷 美輝",14:40,,,284,71.0,
02N,1000,K,K5,551124201000,2026083104,829,L,715,2,,16.65,830,17,Q9-A-1,高岡,未,2026-09-08T15:50:44Z,"Kotani, Miki/小谷 美輝",14:40,,,284,71.0,
02N,1000,K,K5,551124201000,2026090104,829,L,715,2,,16.65,830,17,Q9-A-1,高岡,未,2026-09-08T15:50:45Z,"Kotani, Miki/小谷 美輝",14:40,,,285,72.0,
02N,1000,K,K5,551124201000,2026090104,829,L,715,2,,16.65,830,17,Q9-A-1,高岡,未,2026-09-08T15:50:45Z,"Kotani, Miki/小谷 美輝",14:40,,,285,72.0,
02N,1000,K,K5,551124201000,2026090204,829,L,715,2,,16.65,830,17,Q9-A-1,高岡,未,2026-09-08T15:50:45Z,"Kotani, Miki/小谷 美輝",14:40,,,286,73.0,
02N,1000,K,K5,551124201000,2026090204,829,L,715,2,,16.65,830,17,Q9-A-1,高岡,未,2026-09-08T15:50:45Z,"Kotani, Miki/小谷 美輝",14:40,,,286,73.0,
02N,1000,K,K5,551124201000,2026090304,829,L,715,2,,16.65,830,17,Q9-A-1,高岡,未,2026-09-08T15:50:45Z,"Kotani, Miki/小谷 美輝",14:40,,,287,74.0,
02N,1000,K,K5,551124201000,2026090304,829,L,715,2,,16.65,830,17,Q9-A-1,高岡,未,2026-09-08T15:50:45Z,"Kotani, Miki/小谷 美輝",14:40,,,287,74.0,
02N,1000,K,K5,551124201000,2026090404,829,L,715,2,,16.65,830,17,Q9-A-1,高岡,未,2026-09-08T15:50:45Z,"Kotani, Miki/小谷 美輝",14:40,,,288,75.0,
02N,1000,K,K5,551124201000,2026090404,829,L,715,2,,16.65,830,17,Q9-A-1,高岡,未,2026-09-08T15:50:45Z,"Kotani, Miki/小谷 美輝",14:40,,,288,75.0,
02N,1000,K,K5,551124201000,2026090704,829,L,715,2,,16.65,830,17,Q9-A-1,高岡,未,2026-09-08T15:50:46Z,"Kotani, Miki/小谷 美輝",14:40,,,289,76.0,
02N,1000,K,K5,551124201000,2026090704,829,L,715,2,,16.65,830,17,Q9-A-1,高岡,未,2026-09-08T15:50:46Z,"Kotani, Miki/小谷 美輝",14:40,,,289,76.0,
02N,1000,K,K5,551124201000,2026090804,829,L,715,2,,16.65,830,17,Q9-A-1,高岡,未,2026-09-08T15:50:46Z,"Kotani, Miki/小谷 美輝",14:40,,,290,77.0,
02N,1000,K,K5,551124201000,2026090804,829,L,715,2,,16.65,830,17,Q9-A-1,高岡,未,2026-09-08T15:50:46Z,"Kotani, Miki/小谷 美輝",14:40,,,290,77.0,
02N,1000,H,1W,582111190500,2026082604,829,L,544,1,,346.501,600,17,C12-B-2,元町,未,2026-09-08T15:50:36Z,"Kotani, Miki/小谷 美輝",17:18,,,291,81.0,
02N,1000,H,1W,576525091400,2026082604,829,L,613,1,,62.109,670,19,Q10-F-7,元町,未,2026-09-08T15:50:36Z,"Kotani, Miki/小谷 美輝",17:18,,,292,2.0,
02N,1000,H,1W,616425003000,2026082604,829,L,740,1,,238.68,600,20,I12-B-3,元町,未,2026-09-08T15:50:36Z,"Kotani, Miki/小谷 美輝",17:18,,,293,3.0,
02N,1000,H,1W,616465005000,2026082604,829,L,742,1,,238.68,600,20,I12-B-3,元町,未,2026-09-08T15:50:36Z,"Kotani, Miki/小谷 美輝",17:18,,,293,3.0,
02N,2982,2,07,617756002000,2026090704,1000,N,439,1,,72.906,500,21,Q10-B-3,日野,未,2026-09-08T15:51:21Z,"Kotani, Miki/小谷 美輝",21:15,False,1.0,294,,
02N,2982,2,W5,671456020000,2026091204,1000,N,477,1,,72.915,500,21,Q10-A-22,日野,未,2026-09-08T15:51:25Z,"Kotani, Miki/小谷 美輝",21:15,False,1.0,295,,
02N,2982,2,W5,671466020000,2026091204,1000,N,478,1,,72.914,500,21,Q10-A-20,日野,未,2026-09-08T15:51:26Z,"Kotani, Miki/小谷 美輝",21:15,False,1.0,295,,
02N,8482,W,B7,581167801100,2026082005,1000,N,700,1,,313.7402,830,1,C15-A-1,KVC,未,2026-09-08T15:50:28Z,"Kotani, Miki/小谷 美輝",14:40,False,1.0,296,,
02N,8482,W,B7,581164203000,2026082005,1000,N,726,1,,313.74,830,1,C15-B-5,KVC,未,2026-09-08T15:50:28Z,"Kotani, Miki/小谷 美輝",14:40,False,1.0,296,,
02N,8482,W,B7,537224207090,2026082005,1000,N,720,1,,194.1302,515,1,L12-D-8,KVC,未,2026-09-08T15:50:25Z,"Kotani, Miki/小谷 美輝",14:40,False,1.0,296,,
02N,8482,W,B7,582114202000,2026082105,1000,N,728,1,,346.5,550,1,C12-B-6,KVC,未,2026-09-08T15:50:29Z,"Kotani, Miki/小谷 美輝",14:40,False,1.0,297,,
02N,8482,W,B3,581167801100,2026082105,1000,N,700,1,,313.7402,830,1,C15-A-1,KVC,未,2026-09-08T15:50:19Z,"Kotani, Miki/小谷 美輝",06:45,False,1.0,297,,
02N,8482,W,B7,581167801100,2026082105,1000,N,700,1,,313.7402,830,1,C15-A-1,KVC,未,2026-09-08T15:50:28Z,"Kotani, Miki/小谷 美輝",14:40,False,1.0,297,,
02N,8482,W,B3,581167801100,2026082505,1000,N,700,1,,313.7402,830,1,C15-A-1,KVC,未,2026-09-08T15:50:20Z,"Kotani, Miki/小谷 美輝",06:45,False,1.0,298,,
02N,8482,W,B7,581167801100,2026082505,1000,N,700,1,,313.7402,830,1,C15-A-1,KVC,未,2026-09-08T15:50:28Z,"Kotani, Miki/小谷 美輝",14:40,False,1.0,298,,
02N,8482,W,B7,537224207090,2026082505,1000,N,720,1,,194.1302,515,1,L12-D-8,KVC,未,2026-09-08T15:50:25Z,"Kotani, Miki/小谷 美輝",14:40,False,1.0,298,,
02N,8482,W,B7,581167801100,2026082605,1000,N,700,1,,313.7402,830,1,C15-A-1,KVC,未,2026-09-08T15:50:28Z,"Kotani, Miki/小谷 美輝",14:40,False,1.0,299,,
02N,8482,W,B7,537224207090,2026082605,1000,N,720,1,,194.1302,515,1,L12-D-8,KVC,未,2026-09-08T15:50:25Z,"Kotani, Miki/小谷 美輝",14:40,False,1.0,299,,
02N,8482,W,B7,537214206090,2026082106,1000,N,719,1,,194.1301,515,1,L12-C-5,KVC,未,2026-09-08T15:50:21Z,"Kotani, Miki/小谷 美輝",14:40,False,2.0,299,,
02N,8482,W,B7,537214206090,2026082605,1000,N,719,1,,194.1301,515,1,L12-C-5,KVC,未,2026-09-08T15:50:22Z,"Kotani, Miki/小谷 美輝",14:40,False,1.0,299,,
02N,8482,W,B3,581167801100,2026082705,1000,N,700,1,,313.7402,830,1,C15-A-1,KVC,未,2026-09-08T15:50:20Z,"Kotani, Miki/小谷 美輝",06:45,False,1.0,300,,
02N,8482,W,B7,581167801100,2026082705,1000,N,700,1,,313.7402,830,1,C15-A-1,KVC,未,2026-09-08T15:50:28Z,"Kotani, Miki/小谷 美輝",14:40,False,1.0,300,,
02N,8482,W,B7,537224207090,2026082705,1000,N,720,1,,194.1302,515,1,L12-D-8,KVC,未,2026-09-08T15:50:26Z,"Kotani, Miki/小谷 美輝",14:40,False,1.0,300,,
02N,8482,W,B7,581164203000,2026082706,1000,N,726,1,,313.74,830,1,C15-B-5,KVC,未,2026-09-08T15:50:28Z,"Kotani, Miki/小谷 美輝",14:40,False,2.0,301,,
02N,8482,W,B7,537224207090,2026082706,1000,N,720,1,,194.1302,515,1,L12-D-8,KVC,未,2026-09-08T15:50:26Z,"Kotani, Miki/小谷 美輝",14:40,False,2.0,301,,
02N,8482,W,B7,537214206090,2026082505,1000,N,719,1,,194.1301,515,1,L12-C-5,KVC,未,2026-09-08T15:50:22Z,"Kotani, Miki/小谷 美輝",14:40,False,2.0,301,,
02N,8482,W,B7,537214206090,2026082706,1000,N,719,1,,194.1301,515,1,L12-C-5,KVC,未,2026-09-08T15:50:22Z,"Kotani, Miki/小谷 美輝",14:40,False,2.0,301,,
02N,8482,W,B7,582114202000,2026082805,1000,N,728,1,,346.5,550,1,C12-B-6,KVC,未,2026-09-08T15:50:30Z,"Kotani, Miki/小谷 美輝",14:40,False,1.0,302,,
02N,8482,W,B3,581167801100,2026082805,1000,N,700,1,,313.7402,830,1,C15-A-1,KVC,未,2026-09-08T15:50:20Z,"Kotani, Miki/小谷 美輝",06:45,False,1.0,302,,
02N,8482,W,B7,581167801100,2026082805,1000,N,700,1,,313.7402,830,1,C15-A-1,KVC,未,2026-09-08T15:50:29Z,"Kotani, Miki/小谷 美輝",14:40,False,1.0,302,,
02N,1000,K,K5,583114214100,2026090405,829,L,730,1,,313.7401,750,1,C15-A-3,高岡,未,2026-09-08T15:50:51Z,"Kotani, Miki/小谷 美輝",18:46,False,1.0,303,,
02N,1000,K,K5,581164203000,2026090405,829,L,726,1,,313.74,830,1,C15-B-5,高岡,未,2026-09-08T15:50:48Z,"Kotani, Miki/小谷 美輝",18:46,False,1.0,303,,
02N,1000,K,K5,537224207000,2026090405,829,L,720,1,,194.1302,515,1,L12-D-8,高岡,未,2026-09-08T15:50:43Z,"Kotani, Miki/小谷 美輝",18:46,False,1.0,303,,
02N,2982,2,07,631426010000,2026090705,1000,N,443,2,,72.916,1000,1,Q10-A-24,日野,未,2026-09-08T15:51:22Z,"Kotani, Miki/小谷 美輝",22:18,True,1.0,304,,
02N,2982,2,07,631426010000,2026090705,1000,N,443,2,,72.916,1000,1,Q10-A-24,日野,未,2026-09-08T15:51:22Z,"Kotani, Miki/小谷 美輝",22:18,True,1.0,304,,
02N,2982,2,06,486236006000,2026090705,1000,N,195,1,,72.912,750,1,Q10-A-12,日野,未,2026-09-08T15:51:07Z,"Kotani, Miki/小谷 美輝",22:18,False,2.0,305,,
02N,2982,2,06,486226006000,2026090705,1000,N,194,1,,72.911,750,1,Q10-A-11,日野,未,2026-09-08T15:51:06Z,"Kotani, Miki/小谷 美輝",22:18,False,2.0,305,,
02N,2982,2,06,486216006000,2026090705,1000,N,193,1,,72.91,750,1,Q10-A-10,日野,未,2026-09-08T15:51:04Z,"Kotani, Miki/小谷 美輝",22:18,False,2.0,305,,
02N,2982,2,07,616236014000,2026090705,1000,N,431,1,,72.908,500,1,Q10-B-7,日野,未,2026-09-08T15:51:14Z,"Kotani, Miki/小谷 美輝",22:18,False,3.0,306,,
02N,2982,2,07,616246010000,2026090705,1000,N,432,1,,72.907,500,1,Q10-B-5,日野,未,2026-09-08T15:51:15Z,"Kotani, Miki/小谷 美輝",22:18,False,3.0,306,,
02N,2982,2,07,617416014000,2026090705,1000,N,437,1,,62.1901,750,1,Q10-D-25,日野,未,2026-09-08T15:51:17Z,"Kotani, Miki/小谷 美輝",22:18,False,3.0,306,,
02N,2982,2,07,617426014000,2026090705,1000,N,438,1,,62.19,750,1,Q10-D-23,日野,未,2026-09-08T15:51:19Z,"Kotani, Miki/小谷 美輝",22:18,False,4.0,307,,
02N,7371,4,28,582114202000,2026090705,1000,N,728,1,,346.5,550,1,C12-B-6,織機,未,2026-09-08T15:51:01Z,"Kotani, Miki/小谷 美輝",12:30,False,1.0,308,,
02N,7371,4,28,583114214100,2026090705,1000,N,730,2,,313.7401,750,1,C15-A-3,織機,未,2026-09-08T15:51:01Z,"Kotani, Miki/小谷 美輝",12:30,False,1.0,308,,
02N,7371,4,28,583114214100,2026090705,1000,N,730,2,,313.7401,750,1,C15-A-3,織機,未,2026-09-08T15:51:01Z,"Kotani, Miki/小谷 美輝",12:30,False,1.0,308,,
02N,2982,2,06,486246006000,2026090805,1000,N,196,1,,72.913,750,1,Q10-A-13,日野,未,2026-09-08T15:51:10Z,"Kotani, Miki/小谷 美輝",22:18,False,2.0,309,,
02N,2982,2,06,486226006000,2026090805,1000,N,194,1,,72.911,750,1,Q10-A-11,日野,未,2026-09-08T15:51:06Z,"Kotani, Miki/小谷 美輝",22:18,False,2.0,309,,
02N,2982,2,07,616236014000,2026090805,1000,N,431,1,,72.908,500,1,Q10-B-7,日野,未,2026-09-08T15:51:15Z,"Kotani, Miki/小谷 美輝",22:18,False,2.0,309,,
02N,2982,2,07,617416014000,2026090805,1000,N,437,2,,62.1901,750,1,Q10-D-25,日野,未,2026-09-08T15:51:18Z,"Kotani, Miki/小谷 美輝",22:18,False,3.0,310,,
02N,2982,2,07,617416014000,2026090805,1000,N,437,2,,62.1901,750,1,Q10-D-25,日野,未,2026-09-08T15:51:18Z,"Kotani, Miki/小谷 美輝",22:18,False,3.0,310,,
02N,2982,2,07,617426014000,2026090805,1000,N,438,1,,62.19,750,1,Q10-D-23,日野,未,2026-09-08T15:51:19Z,"Kotani, Miki/小谷 美輝",22:18,False,3.0,310,,
02N,7371,4,28,582114202000,2026090805,1000,N,728,1,,346.5,550,1,C12-B-6,織機,未,2026-09-08T15:51:01Z,"Kotani, Miki/小谷 美輝",12:30,False,1.0,311,,
02N,7371,4,28,583114214100,2026090805,1000,N,730,2,,313.7401,750,1,C15-A-3,織機,未,2026-09-08T15:51:01Z,"Kotani, Miki/小谷 美輝",12:30,False,1.0,311,,
02N,7371,4,28,583114214100,2026090805,1000,N,730,2,,313.7401,750,1,C15-A-3,織機,未,2026-09-08T15:51:01Z,"Kotani, Miki/小谷 美輝",12:30,False,1.0,311,,
02N,8482,W,B7,582114202000,2026090806,1000,N,728,1,,346.5,550,1,C12-B-6,KVC,未,2026-09-08T15:50:30Z,"Kotani, Miki/小谷 美輝",14:40,False,1.0,312,,
02N,8482,W,B7,581167801100,2026090806,1000,N,700,1,,313.7402,830,1,C15-A-1,KVC,未,2026-09-08T15:50:29Z,"Kotani, Miki/小谷 美輝",14:40,False,1.0,312,,
02N,8482,W,B7,537224207090,2026090806,1000,N,720,1,,194.1302,515,1,L12-D-8,KVC,未,2026-09-08T15:50:26Z,"Kotani, Miki/小谷 美輝",14:40,False,1.0,312,,
02N,8482,W,B7,537214206090,2026082005,1000,N,719,1,,194.1301,515,1,L12-C-5,KVC,未,2026-09-08T15:50:21Z,"Kotani, Miki/小谷 美輝",14:40,False,2.0,312,,
02N,8482,W,B7,537214206090,2026082806,1000,N,719,1,,194.1301,515,1,L12-C-5,KVC,未,2026-09-08T15:50:22Z,"Kotani, Miki/小谷 美輝",14:40,False,2.0,313,,
02N,8482,W,B7,537214206090,2026083105,1000,N,719,1,,194.1301,515,1,L12-C-5,KVC,未,2026-09-08T15:50:22Z,"Kotani, Miki/小谷 美輝",14:40,False,1.0,313,,
02N,8482,W,B3,581167801100,2026090905,1000,N,700,1,,313.7402,830,1,C15-A-1,KVC,未,2026-09-08T15:50:21Z,"Kotani, Miki/小谷 美輝",06:45,False,1.0,314,,
02N,8482,W,B7,581167801100,2026090905,1000,N,700,1,,313.7402,830,1,C15-A-1,KVC,未,2026-09-08T15:50:29Z,"Kotani, Miki/小谷 美輝",14:40,False,1.0,314,,
02N,8482,W,B7,537224207090,2026090905,1000,N,720,1,,194.1302,515,1,L12-D-8,KVC,未,2026-09-08T15:50:26Z,"Kotani, Miki/小谷 美輝",14:40,False,1.0,314,,
02N,2982,2,07,631426010000,2026090905,1000,N,443,2,,72.916,1000,1,Q10-A-24,日野,未,2026-09-08T15:51:23Z,"Kotani, Miki/小谷 美輝",22:18,True,1.0,315,,
02N,2982,2,07,631426010000,2026090905,1000,N,443,2,,72.916,1000,1,Q10-A-24,日野,未,2026-09-08T15:51:23Z,"Kotani, Miki/小谷 美輝",22:18,True,1.0,315,,
02N,2982,2,06,486246006000,2026090905,1000,N,196,1,,72.913,750,1,Q10-A-13,日野,未,2026-09-08T15:51:11Z,"Kotani, Miki/小谷 美輝",22:18,False,2.0,316,,
02N,2982,2,06,486236006000,2026090905,1000,N,195,1,,72.912,750,1,Q10-A-12,日野,未,2026-09-08T15:51:08Z,"Kotani, Miki/小谷 美輝",22:18,False,2.0,316,,
02N,2982,2,06,486216006000,2026090905,1000,N,193,1,,72.91,750,1,Q10-A-10,日野,未,2026-09-08T15:51:05Z,"Kotani, Miki/小谷 美輝",22:18,False,2.0,316,,
02N,2982,2,07,616236014000,2026090905,1000,N,431,1,,72.908,500,1,Q10-B-7,日野,未,2026-09-08T15:51:15Z,"Kotani, Miki/小谷 美輝",22:18,False,3.0,317,,
02N,2982,2,07,617416014000,2026090905,1000,N,437,1,,62.1901,750,1,Q10-D-25,日野,未,2026-09-08T15:51:18Z,"Kotani, Miki/小谷 美輝",22:18,False,3.0,317,,
02N,2982,2,07,617426014000,2026090905,1000,N,438,1,,62.19,750,1,Q10-D-23,日野,未,2026-09-08T15:51:20Z,"Kotani, Miki/小谷 美輝",22:18,False,3.0,317,,
02N,8482,W,B3,581167801100,2026090908,1000,N,700,1,,313.7402,830,1,C15-A-1,KVC,未,2026-09-08T15:50:21Z,"Kotani, Miki/小谷 美輝",14:40,False,1.0,318,,
02N,8482,W,B7,537224207090,2026082105,1000,N,720,1,,194.1302,515,1,L12-D-8,KVC,未,2026-09-08T15:50:25Z,"Kotani, Miki/小谷 美輝",14:40,False,2.0,318,,
02N,8482,W,B7,537214206090,2026082105,1000,N,719,1,,194.1301,515,1,L12-C-5,KVC,未,2026-09-08T15:50:21Z,"Kotani, Miki/小谷 美輝",14:40,False,2.0,318,,
02N,8482,W,B7,537214206090,2026090908,1000,N,719,1,,194.1301,515,1,L12-C-5,KVC,未,2026-09-08T15:50:24Z,"Kotani, Miki/小谷 美輝",18:46,False,1.0,318,,
02N,2982,2,06,486246006000,2026091205,1000,N,196,1,,72.913,750,1,Q10-A-13,日野,未,2026-09-08T15:51:11Z,"Kotani, Miki/小谷 美輝",22:18,False,2.0,319,,
02N,2982,2,06,486236006000,2026091205,1000,N,195,1,,72.912,750,1,Q10-A-12,日野,未,2026-09-08T15:51:08Z,"Kotani, Miki/小谷 美輝",22:18,False,2.0,319,,
02N,2982,2,06,486226006000,2026091205,1000,N,194,1,,72.911,750,1,Q10-A-11,日野,未,2026-09-08T15:51:07Z,"Kotani, Miki/小谷 美輝",22:18,False,2.0,319,,
02N,2982,2,06,486216006000,2026091205,1000,N,193,1,,72.91,750,1,Q10-A-10,日野,未,2026-09-08T15:51:05Z,"Kotani, Miki/小谷 美輝",22:18,False,3.0,320,,
02N,2982,2,07,616236014000,2026091205,1000,N,431,1,,72.908,500,1,Q10-B-7,日野,未,2026-09-08T15:51:15Z,"Kotani, Miki/小谷 美輝",22:18,False,3.0,320,,
02N,2982,2,07,616246010000,2026091205,1000,N,432,1,,72.907,500,1,Q10-B-5,日野,未,2026-09-08T15:51:17Z,"Kotani, Miki/小谷 美輝",22:18,False,3.0,320,,
02N,2982,2,07,631426010000,2026091205,1000,N,443,1,,72.916,1000,1,Q10-A-24,日野,未,2026-09-08T15:51:23Z,"Kotani, Miki/小谷 美輝",22:18,True,1.0,321,,
02N,2982,2,07,617416014000,2026091205,1000,N,437,1,,62.1901,750,1,Q10-D-25,日野,未,2026-09-08T15:51:18Z,"Kotani, Miki/小谷 美輝",22:18,False,4.0,321,,
02N,2982,2,07,617426014000,2026091205,1000,N,438,1,,62.19,750,1,Q10-D-23,日野,未,2026-09-08T15:51:20Z,"Kotani, Miki/小谷 美輝",22:18,False,4.0,321,,
02N,1000,K,K5,583114214100,2026090805,829,L,730,1,,313.7401,750,1,C15-A-3,高岡,未,2026-09-08T15:50:51Z,"Kotani, Miki/小谷 美輝",18:46,False,1.0,322,,
02N,1000,K,K5,581164203000,2026090805,829,L,726,1,,313.74,830,1,C15-B-5,高岡,未,2026-09-08T15:50:49Z,"Kotani, Miki/小谷 美輝",18:46,False,1.0,322,,
02N,2982,2,07,5831160F1000,2026090705,1000,N,248,1,,72.918,600,5,Q10-B-23,日野,未,2026-09-08T15:51:11Z,"Kotani, Miki/小谷 美輝",22:18,,,323,22.0,
02N,2982,2,07,5831160F1000,2026090805,1000,N,248,1,,72.918,600,5,Q10-B-23,日野,未,2026-09-08T15:51:12Z,"Kotani, Miki/小谷 美輝",22:18,,,323,22.0,
02N,2982,2,07,5831160F1000,2026090905,1000,N,248,1,,72.918,600,5,Q10-B-23,日野,未,2026-09-08T15:51:12Z,"Kotani, Miki/小谷 美輝",22:18,,,324,23.0,
02N,2982,2,07,5831160F4000,2026090705,1000,N,250,1,,72.917,600,5,Q10-A-27,日野,未,2026-09-08T15:51:14Z,"Kotani, Miki/小谷 美輝",22:18,,,324,23.0,
02N,2982,2,07,5831160F4000,2026090805,1000,N,250,1,,72.917,600,5,Q10-A-27,日野,未,2026-09-08T15:51:14Z,"Kotani, Miki/小谷 美輝",22:18,,,325,24.0,
02N,7371,4,21,551124202000,2026090705,1000,N,716,1,,16.6501,830,17,Q9-A-5,織機,未,2026-09-08T15:51:00Z,"Kotani, Miki/小谷 美輝",12:30,,,326,55.0,
02N,7371,4,21,551124202000,2026090805,1000,N,716,1,,16.6501,830,17,Q9-A-5,織機,未,2026-09-08T15:51:01Z,"Kotani, Miki/小谷 美輝",12:30,,,326,55.0,
02N,7371,4,21,551124202000,2026090905,1000,N,716,1,,16.6501,830,17,Q9-A-5,織機,未,2026-09-08T15:51:01Z,"Kotani, Miki/小谷 美輝",12:30,,,327,56.0,
02N,7371,4,61,551124202000,2026090805,1000,N,716,1,,16.6501,830,17,Q9-A-5,織機,未,2026-09-08T15:51:02Z,"Kotani, Miki/小谷 美輝",12:30,,,327,56.0,
02N,7371,4,21,551124201000,2026090705,1000,N,715,1,,16.65,830,17,Q9-A-1,織機,未,2026-09-08T15:51:00Z,"Kotani, Miki/小谷 美輝",12:30,,,328,57.0,
02N,7371,4,21,551124201000,2026090805,1000,N,715,2,,16.65,830,17,Q9-A-1,織機,未,2026-09-08T15:51:00Z,"Kotani, Miki/小谷 美輝",12:30,,,328,57.0,
02N,7371,4,21,551124201000,2026090805,1000,N,715,2,,16.65,830,17,Q9-A-1,織機,未,2026-09-08T15:51:00Z,"Kotani, Miki/小谷 美輝",12:30,,,329,58.0,
02N,7371,4,21,551124201000,2026090905,1000,N,715,1,,16.65,830,17,Q9-A-1,織機,未,2026-09-08T15:51:00Z,"Kotani, Miki/小谷 美輝",12:30,,,329,58.0,
02N,7371,4,61,551124201000,2026090805,1000,N,715,1,,16.65,830,17,Q9-A-1,織機,未,2026-09-08T15:51:02Z,"Kotani, Miki/小谷 美輝",12:30,,,330,59.0,
02N,8482,W,B7,551124202000,2026082005,1000,N,716,1,,16.6501,830,17,Q9-A-5,TMK,未,2026-09-08T15:50:27Z,"Kotani, Miki/小谷 美輝",14:40,,,331,63.0,
02N,8482,W,B7,551124202000,2026082105,1000,N,716,1,,16.6501,830,17,Q9-A-5,TMK,未,2026-09-08T15:50:27Z,"Kotani, Miki/小谷 美輝",14:40,,,331,63.0,
02N,8482,W,B7,551124202000,2026082406,1000,N,716,1,,16.6501,830,17,Q9-A-5,TMK,未,2026-09-08T15:50:27Z,"Kotani, Miki/小谷 美輝",14:40,,,332,64.0,
02N,8482,W,B7,551124202000,2026082505,1000,N,716,1,,16.6501,830,17,Q9-A-5,TMK,未,2026-09-08T15:50:27Z,"Kotani, Miki/小谷 美輝",14:40,,,332,64.0,
02N,8482,W,B7,551124202000,2026082605,1000,N,716,1,,16.6501,830,17,Q9-A-5,TMK,未,2026-09-08T15:50:27Z,"Kotani, Miki/小谷 美輝",14:40,,,333,65.0,
02N,8482,W,B7,551124202000,2026082706,1000,N,716,1,,16.6501,830,17,Q9-A-5,TMK,未,2026-09-08T15:50:27Z,"Kotani, Miki/小谷 美輝",14:40,,,333,65.0,
02N,8482,W,B7,551124202000,2026082805,1000,N,716,1,,16.6501,830,17,Q9-A-5,TMK,未,2026-09-08T15:50:27Z,"Kotani, Miki/小谷 美輝",14:40,,,334,66.0,
02N,8482,W,B7,551124202000,2026083105,1000,N,716,1,,16.6501,830,17,Q9-A-5,TMK,未,2026-09-08T15:50:27Z,"Kotani, Miki/小谷 美輝",14:40,,,334,66.0,
02N,1000,K,K5,551124202000,2026083105,829,L,716,1,,16.6501,830,17,Q9-A-5,高岡,未,2026-09-08T15:50:47Z,"Kotani, Miki/小谷 美輝",18:46,,,335,87.0,
02N,1000,K,K5,551124202000,2026090205,829,L,716,1,,16.6501,830,17,Q9-A-5,高岡,未,2026-09-08T15:50:47Z,"Kotani, Miki/小谷 美輝",18:46,,,335,87.0,
02N,1000,K,K5,551124202000,2026090305,829,L,716,1,,16.6501,830,17,Q9-A-5,高岡,未,2026-09-08T15:50:47Z,"Kotani, Miki/小谷 美輝",18:46,,,336,88.0,
02N,1000,K,K5,551124202000,2026090805,829,L,716,1,,16.6501,830,17,Q9-A-5,高岡,未,2026-09-08T15:50:48Z,"Kotani, Miki/小谷 美輝",18:46,,,336,88.0,
02N,1000,K,K5,551124201000,2026083105,829,L,715,1,,16.65,830,17,Q9-A-1,高岡,未,2026-09-08T15:50:44Z,"Kotani, Miki/小谷 美輝",18:46,,,337,89.0,
02N,1000,K,K5,551124201000,2026090105,829,L,715,2,,16.65,830,17,Q9-A-1,高岡,未,2026-09-08T15:50:45Z,"Kotani, Miki/小谷 美輝",18:46,,,337,89.0,
02N,1000,K,K5,551124201000,2026090105,829,L,715,2,,16.65,830,17,Q9-A-1,高岡,未,2026-09-08T15:50:45Z,"Kotani, Miki/小谷 美輝",18:46,,,338,90.0,
02N,1000,K,K5,551124201000,2026090205,829,L,715,2,,16.65,830,17,Q9-A-1,高岡,未,2026-09-08T15:50:45Z,"Kotani, Miki/小谷 美輝",18:46,,,338,90.0,
02N,1000,K,K5,551124201000,2026090205,829,L,715,2,,16.65,830,17,Q9-A-1,高岡,未,2026-09-08T15:50:45Z,"Kotani, Miki/小谷 美輝",18:46,,,339,91.0,
02N,1000,K,K5,551124201000,2026090305,829,L,715,2,,16.65,830,17,Q9-A-1,高岡,未,2026-09-08T15:50:45Z,"Kotani, Miki/小谷 美輝",18:46,,,339,91.0,
02N,1000,K,K5,551124201000,2026090305,829,L,715,2,,16.65,830,17,Q9-A-1,高岡,未,2026-09-08T15:50:45Z,"Kotani, Miki/小谷 美輝",18:46,,,340,92.0,
02N,1000,K,K5,551124201000,2026090405,829,L,715,2,,16.65,830,17,Q9-A-1,高岡,未,2026-09-08T15:50:45Z,"Kotani, Miki/小谷 美輝",18:46,,,340,92.0,
02N,1000,K,K5,551124201000,2026090405,829,L,715,2,,16.65,830,17,Q9-A-1,高岡,未,2026-09-08T15:50:45Z,"Kotani, Miki/小谷 美輝",18:46,,,341,93.0,
02N,1000,K,K5,551124201000,2026090705,829,L,715,2,,16.65,830,17,Q9-A-1,高岡,未,2026-09-08T15:50:46Z,"Kotani, Miki/小谷 美輝",18:46,,,341,93.0,
02N,1000,K,K5,551124201000,2026090705,829,L,715,2,,16.65,830,17,Q9-A-1,高岡,未,2026-09-08T15:50:46Z,"Kotani, Miki/小谷 美輝",18:46,,,342,94.0,
02N,1000,K,K5,551124201000,2026090805,829,L,715,1,,16.65,830,17,Q9-A-1,高岡,未,2026-09-08T15:50:46Z,"Kotani, Miki/小谷 美輝",18:46,,,342,94.0,
02N,2982,2,W5,671456020000,2026090805,1000,N,477,1,,72.915,500,21,Q10-A-22,日野,未,2026-09-08T15:51:24Z,"Kotani, Miki/小谷 美輝",22:18,False,1.0,343,,
02N,2982,2,W5,671466020000,2026090805,1000,N,478,1,,72.914,500,21,Q10-A-20,日野,未,2026-09-08T15:51:25Z,"Kotani, Miki/小谷 美輝",22:18,False,1.0,343,,
02N,2982,2,W5,671456020000,2026090905,1000,N,477,1,,72.915,500,21,Q10-A-22,日野,未,2026-09-08T15:51:24Z,"Kotani, Miki/小谷 美輝",22:18,False,1.0,344,,
02N,2982,2,W5,671466020000,2026090905,1000,N,478,1,,72.914,500,21,Q10-A-20,日野,未,2026-09-08T15:51:26Z,"Kotani, Miki/小谷 美輝",22:18,False,1.0,344,,
02N,2982,2,07,617766003000,2026090905,1000,N,440,1,,72.905,500,21,Q10-B-1,日野,未,2026-09-08T15:51:22Z,"Kotani, Miki/小谷 美輝",22:18,False,1.0,344,,
02N,2982,2,07,617766004000,2026090905,1000,N,442,1,,72.9,500,21,Q10-B-A,日野,未,2026-09-08T15:51:22Z,"Kotani, Miki/小谷 美輝",22:18,False,1.0,344,,
02N,2982,2,07,617756002000,2026091205,1000,N,439,1,,72.906,500,21,Q10-B-3,日野,未,2026-09-08T15:51:21Z,"Kotani, Miki/小谷 美輝",22:18,False,1.0,345,,
02N,2982,2,07,617766003000,2026091205,1000,N,440,1,,72.905,500,21,Q10-B-1,日野,未,2026-09-08T15:51:22Z,"Kotani, Miki/小谷 美輝",22:18,False,1.0,345,,
02N,8482,W,B7,582114202000,2026082006,1000,N,728,1,,346.5,550,1,C12-B-6,KVC,未,2026-09-08T15:50:29Z,"Kotani, Miki/小谷 美輝",14:40,False,1.0,346,,
02N,8482,W,B3,581167801100,2026082006,1000,N,700,1,,313.7402,830,1,C15-A-1,KVC,未,2026-09-08T15:50:19Z,"Kotani, Miki/小谷 美輝",10:51,False,1.0,346,,
02N,8482,W,B7,581167801100,2026082006,1000,N,700,1,,313.7402,830,1,C15-A-1,KVC,未,2026-09-08T15:50:28Z,"Kotani, Miki/小谷 美輝",14:40,False,1.0,346,,
02N,8482,W,B3,581167801100,2026082106,1000,N,700,1,,313.7402,830,1,C15-A-1,KVC,未,2026-09-08T15:50:19Z,"Kotani, Miki/小谷 美輝",10:51,False,1.0,347,,
02N,8482,W,B7,581167801100,2026082106,1000,N,700,1,,313.7402,830,1,C15-A-1,KVC,未,2026-09-08T15:50:28Z,"Kotani, Miki/小谷 美輝",14:40,False,1.0,347,,
02N,8482,W,B7,537224207090,2026082106,1000,N,720,1,,194.1302,515,1,L12-D-8,KVC,未,2026-09-08T15:50:25Z,"Kotani, Miki/小谷 美輝",14:40,False,1.0,347,,
02N,8482,W,B3,581167801100,2026082406,1000,N,700,1,,313.7402,830,1,C15-A-1,KVC,未,2026-09-08T15:50:19Z,"Kotani, Miki/小谷 美輝",10:51,False,1.0,348,,
02N,8482,W,B7,581167801100,2026082406,1000,N,700,1,,313.7402,830,1,C15-A-1,KVC,未,2026-09-08T15:50:28Z,"Kotani, Miki/小谷 美輝",14:40,False,1.0,348,,
02N,8482,W,B3,581167801100,2026082506,1000,N,700,1,,313.7402,830,1,C15-A-1,KVC,未,2026-09-08T15:50:20Z,"Kotani, Miki/小谷 美輝",10:51,False,1.0,349,,
02N,8482,W,B7,581167801100,2026082506,1000,N,700,1,,313.7402,830,1,C15-A-1,KVC,未,2026-09-08T15:50:28Z,"Kotani, Miki/小谷 美輝",14:40,False,1.0,349,,
02N,8482,W,B7,537224207090,2026082506,1000,N,720,1,,194.1302,515,1,L12-D-8,KVC,未,2026-09-08T15:50:25Z,"Kotani, Miki/小谷 美輝",14:40,False,1.0,349,,
02N,8482,W,B3,581167801100,2026082606,1000,N,700,1,,313.7402,830,1,C15-A-1,KVC,未,2026-09-08T15:50:20Z,"Kotani, Miki/小谷 美輝",10:51,False,1.0,350,,
02N,8482,W,B7,581167801100,2026082606,1000,N,700,1,,313.7402,830,1,C15-A-1,KVC,未,2026-09-08T15:50:28Z,"Kotani, Miki/小谷 美輝",14:40,False,1.0,350,,
02N,8482,W,B7,537224207090,2026082606,1000,N,720,1,,194.1302,515,1,L12-D-8,KVC,未,2026-09-08T15:50:25Z,"Kotani, Miki/小谷 美輝",14:40,False,1.0,350,,
02N,8482,W,B7,537214206090,2026082606,1000,N,719,1,,194.1301,515,1,L12-C-5,KVC,未,2026-09-08T15:50:22Z,"Kotani, Miki/小谷 美輝",14:40,False,2.0,351,,
02N,8482,W,B7,582114202000,2026082706,1000,N,728,1,,346.5,550,1,C12-B-6,KVC,未,2026-09-08T15:50:30Z,"Kotani, Miki/小谷 美輝",14:40,False,1.0,352,,
02N,8482,W,B3,581167801100,2026082706,1000,N,700,1,,313.7402,830,1,C15-A-1,KVC,未,2026-09-08T15:50:20Z,"Kotani, Miki/小谷 美輝",10:51,False,1.0,352,,
02N,8482,W,B7,581167801100,2026082706,1000,N,700,1,,313.7402,830,1,C15-A-1,KVC,未,2026-09-08T15:50:29Z,"Kotani, Miki/小谷 美輝",14:40,False,1.0,352,,
02N,8482,W,B3,581167801100,2026082806,1000,N,700,1,,313.7402,830,1,C15-A-1,KVC,未,2026-09-08T15:50:20Z,"Kotani, Miki/小谷 美輝",10:51,False,1.0,353,,
02N,8482,W,B7,581167801100,2026082806,1000,N,700,1,,313.7402,830,1,C15-A-1,KVC,未,2026-09-08T15:50:29Z,"Kotani, Miki/小谷 美輝",14:40,False,1.0,353,,
02N,8482,W,B7,537224207090,2026082806,1000,N,720,1,,194.1302,515,1,L12-D-8,KVC,未,2026-09-08T15:50:26Z,"Kotani, Miki/小谷 美輝",14:40,False,1.0,353,,
02N,8482,W,B3,581167801100,2026083106,1000,N,700,1,,313.7402,830,1,C15-A-1,KVC,未,2026-09-08T15:50:21Z,"Kotani, Miki/小谷 美輝",10:51,False,1.0,354,,
02N,8482,W,B7,581167801100,2026083106,1000,N,700,1,,313.7402,830,1,C15-A-1,KVC,未,2026-09-08T15:50:29Z,"Kotani, Miki/小谷 美輝",14:40,False,1.0,354,,
02N,8482,W,B7,537224207090,2026083106,1000,N,720,1,,194.1302,515,1,L12-D-8,KVC,未,2026-09-08T15:50:26Z,"Kotani, Miki/小谷 美輝",14:40,False,1.0,354,,
02N,2982,2,06,486246006000,2026090706,1000,N,196,1,,72.913,750,1,Q10-A-13,日野,未,2026-09-08T15:51:08Z,"Kotani, Miki/小谷 美輝",23:50,False,2.0,355,,
02N,2982,2,06,486236006000,2026090706,1000,N,195,1,,72.912,750,1,Q10-A-12,日野,未,2026-09-08T15:51:07Z,"Kotani, Miki/小谷 美輝",23:50,False,2.0,355,,
02N,2982,2,06,486226006000,2026090706,1000,N,194,1,,72.911,750,1,Q10-A-11,日野,未,2026-09-08T15:51:06Z,"Kotani, Miki/小谷 美輝",23:50,False,2.0,355,,
02N,2982,2,06,486216006000,2026090706,1000,N,193,1,,72.91,750,1,Q10-A-10,日野,未,2026-09-08T15:51:04Z,"Kotani, Miki/小谷 美輝",23:50,False,3.0,356,,
02N,2982,2,07,616236014000,2026090706,1000,N,431,1,,72.908,500,1,Q10-B-7,日野,未,2026-09-08T15:51:14Z,"Kotani, Miki/小谷 美輝",23:50,False,3.0,356,,
02N,2982,2,07,616246010000,2026090706,1000,N,432,1,,72.907,500,1,Q10-B-5,日野,未,2026-09-08T15:51:16Z,"Kotani, Miki/小谷 美輝",23:50,False,3.0,356,,
02N,2982,2,07,617766003000,2026090706,1000,N,440,1,,72.905,500,21,Q10-B-1,日野,未,2026-09-08T15:51:21Z,"Kotani, Miki/小谷 美輝",23:50,False,2.0,356,,
02N,2982,2,07,617416014000,2026090706,1000,N,437,1,,62.1901,750,1,Q10-D-25,日野,未,2026-09-08T15:51:17Z,"Kotani, Miki/小谷 美輝",23:50,False,4.0,357,,
02N,2982,2,07,617426014000,2026090706,1000,N,438,2,,62.19,750,1,Q10-D-23,日野,未,2026-09-08T15:51:19Z,"Kotani, Miki/小谷 美輝",23:50,False,4.0,357,,
02N,2982,2,07,617426014000,2026090706,1000,N,438,2,,62.19,750,1,Q10-D-23,日野,未,2026-09-08T15:51:19Z,"Kotani, Miki/小谷 美輝",23:50,False,4.0,357,,
02N,7371,4,28,583114214100,2026090706,1000,N,730,2,,313.7401,750,1,C15-A-3,織機,未,2026-09-08T15:51:01Z,"Kotani, Miki/小谷 美輝",16:00,False,1.0,358,,
02N,7371,4,28,583114214100,2026090706,1000,N,730,2,,313.7401,750,1,C15-A-3,織機,未,2026-09-08T15:51:01Z,"Kotani, Miki/小谷 美輝",16:00,False,1.0,358,,
02N,7371,4,61,583114214100,2026090706,1000,N,730,1,,313.7401,750,1,C15-A-3,織機,未,2026-09-08T15:51:03Z,"Kotani, Miki/小谷 美輝",16:00,False,1.0,358,,
02N,2982,2,07,631426010000,2026090806,1000,N,443,1,,72.916,1000,1,Q10-A-24,日野,未,2026-09-08T15:51:23Z,"Kotani, Miki/小谷 美輝",23:50,True,1.0,359,,
02N,2982,2,07,617426014000,2026090806,1000,N,438,1,,62.19,750,1,Q10-D-23,日野,未,2026-09-08T15:51:19Z,"Kotani, Miki/小谷 美輝",23:50,False,4.0,359,,
02N,2982,2,06,486236006000,2026090806,1000,N,195,1,,72.912,750,1,Q10-A-12,日野,未,2026-09-08T15:51:08Z,"Kotani, Miki/小谷 美輝",23:50,False,2.0,360,,
02N,2982,2,06,486226006000,2026090806,1000,N,194,1,,72.911,750,1,Q10-A-11,日野,未,2026-09-08T15:51:06Z,"Kotani, Miki/小谷 美輝",23:50,False,2.0,360,,
02N,2982,2,06,486216006000,2026090806,1000,N,193,1,,72.91,750,1,Q10-A-10,日野,未,2026-09-08T15:51:04Z,"Kotani, Miki/小谷 美輝",23:50,False,2.0,360,,
02N,2982,2,07,616236014000,2026090806,1000,N,431,1,,72.908,500,1,Q10-B-7,日野,未,2026-09-08T15:51:15Z,"Kotani, Miki/小谷 美輝",23:50,False,3.0,361,,
02N,2982,2,07,616246010000,2026090806,1000,N,432,1,,72.907,500,1,Q10-B-5,日野,未,2026-09-08T15:51:17Z,"Kotani, Miki/小谷 美輝",23:50,False,3.0,361,,
02N,2982,2,07,617416014000,2026090806,1000,N,437,1,,62.1901,750,1,Q10-D-25,日野,未,2026-09-08T15:51:18Z,"Kotani, Miki/小谷 美輝",23:50,False,3.0,361,,
02N,2982,2,07,617766004000,2026090806,1000,N,442,1,,72.9,500,21,Q10-B-A,日野,未,2026-09-08T15:51:22Z,"Kotani, Miki/小谷 美輝",23:50,False,2.0,361,,
02N,7371,4,28,583114214100,2026090806,1000,N,730,2,,313.7401,750,1,C15-A-3,織機,未,2026-09-08T15:51:02Z,"Kotani, Miki/小谷 美輝",16:00,False,1.0,362,,
02N,7371,4,28,583114214100,2026090806,1000,N,730,2,,313.7401,750,1,C15-A-3,織機,未,2026-09-08T15:51:02Z,"Kotani, Miki/小谷 美輝",16:00,False,1.0,362,,
02N,2982,2,07,631426010000,2026090713,1000,N,443,1,,72.916,1000,1,Q10-A-24,日野,未,2026-09-08T15:51:23Z,"Kotani, Miki/小谷 美輝",13:21,True,1.0,362,,
02N,8482,W,B3,581167801100,2026090906,1000,N,700,1,,313.7402,830,1,C15-A-1,KVC,未,2026-09-08T15:50:21Z,"Kotani, Miki/小谷 美輝",10:51,False,1.0,363,,
02N,8482,W,B7,537214206090,2026090906,1000,N,719,1,,194.1301,515,1,L12-C-5,KVC,未,2026-09-08T15:50:24Z,"Kotani, Miki/小谷 美輝",14:40,False,1.0,363,,
02N,2982,2,06,486246006000,2026090906,1000,N,196,1,,72.913,750,1,Q10-A-13,日野,未,2026-09-08T15:51:11Z,"Kotani, Miki/小谷 美輝",23:50,False,1.0,364,,
02N,2982,2,06,486226006000,2026090906,1000,N,194,1,,72.911,750,1,Q10-A-11,日野,未,2026-09-08T15:51:07Z,"Kotani, Miki/小谷 美輝",23:50,False,1.0,364,,
02N,2982,2,07,616236014000,2026090906,1000,N,431,1,,72.908,500,1,Q10-B-7,日野,未,2026-09-08T15:51:15Z,"Kotani, Miki/小谷 美輝",23:50,False,1.0,364,,
02N,2982,2,07,616246010000,2026090906,1000,N,432,1,,72.907,500,1,Q10-B-5,日野,未,2026-09-08T15:51:17Z,"Kotani, Miki/小谷 美輝",23:50,False,2.0,365,,
02N,2982,2,07,617416014000,2026090906,1000,N,437,1,,62.1901,750,1,Q10-D-25,日野,未,2026-09-08T15:51:18Z,"Kotani, Miki/小谷 美輝",23:50,False,2.0,365,,
02N,2982,2,07,617426014000,2026090906,1000,N,438,2,,62.19,750,1,Q10-D-23,日野,未,2026-09-08T15:51:20Z,"Kotani, Miki/小谷 美輝",23:50,False,2.0,365,,
02N,2982,2,07,617426014000,2026090906,1000,N,438,2,,62.19,750,1,Q10-D-23,日野,未,2026-09-08T15:51:20Z,"Kotani, Miki/小谷 美輝",23:50,False,3.0,366,,
02N,2982,2,07,631426010000,2026090706,1000,N,443,1,,72.916,1000,1,Q10-A-24,日野,未,2026-09-08T15:51:22Z,"Kotani, Miki/小谷 美輝",23:50,True,1.0,367,,
02N,8482,W,B3,581167801100,2026091006,1000,N,700,1,,313.7402,830,1,C15-A-1,KVC,未,2026-09-08T15:50:21Z,"Kotani, Miki/小谷 美輝",10:51,False,1.0,368,,
02N,8482,W,B7,581167801100,2026091006,1000,N,700,1,,313.7402,830,1,C15-A-1,KVC,未,2026-09-08T15:50:29Z,"Kotani, Miki/小谷 美輝",14:40,False,1.0,368,,
02N,8482,W,B7,537214206090,2026091006,1000,N,719,1,,194.1301,515,1,L12-C-5,KVC,未,2026-09-08T15:50:24Z,"Kotani, Miki/小谷 美輝",14:40,False,1.0,368,,
02N,2982,2,07,631426010000,2026091206,1000,N,443,1,,72.916,1000,1,Q10-A-24,日野,未,2026-09-08T15:51:23Z,"Kotani, Miki/小谷 美輝",23:50,True,1.0,369,,
02N,2982,2,06,486246006000,2026091206,1000,N,196,1,,72.913,750,1,Q10-A-13,日野,未,2026-09-08T15:51:11Z,"Kotani, Miki/小谷 美輝",23:50,False,2.0,370,,
02N,2982,2,06,486236006000,2026091206,1000,N,195,1,,72.912,750,1,Q10-A-12,日野,未,2026-09-08T15:51:08Z,"Kotani, Miki/小谷 美輝",23:50,False,2.0,370,,
02N,2982,2,06,486226006000,2026091206,1000,N,194,1,,72.911,750,1,Q10-A-11,日野,未,2026-09-08T15:51:07Z,"Kotani, Miki/小谷 美輝",23:50,False,2.0,370,,
02N,2982,2,06,486216006000,2026091206,1000,N,193,1,,72.91,750,1,Q10-A-10,日野,未,2026-09-08T15:51:06Z,"Kotani, Miki/小谷 美輝",23:50,False,3.0,371,,
02N,2982,2,07,617416014000,2026091206,1000,N,437,1,,62.1901,750,1,Q10-D-25,日野,未,2026-09-08T15:51:19Z,"Kotani, Miki/小谷 美輝",23:50,False,3.0,371,,
02N,2982,2,07,617426014000,2026091206,1000,N,438,1,,62.19,750,1,Q10-D-23,日野,未,2026-09-08T15:51:20Z,"Kotani, Miki/小谷 美輝",23:50,False,3.0,371,,
02N,8482,W,B7,537224207090,2026082006,1000,N,720,1,,194.1302,515,1,L12-D-8,KVC,未,2026-09-08T15:50:25Z,"Kotani, Miki/小谷 美輝",14:40,False,2.0,372,,
02N,8482,W,B7,537214206090,2026082006,1000,N,719,1,,194.1301,515,1,L12-C-5,KVC,未,2026-09-08T15:50:21Z,"Kotani, Miki/小谷 美輝",14:40,False,2.0,372,,
02N,2982,2,07,5831160F1000,2026090706,1000,N,248,1,,72.918,600,5,Q10-B-23,日野,未,2026-09-08T15:51:11Z,"Kotani, Miki/小谷 美輝",23:50,,,373,25.0,
02N,2982,2,07,5831160F1000,2026091206,1000,N,248,1,,72.918,600,5,Q10-B-23,日野,未,2026-09-08T15:51:13Z,"Kotani, Miki/小谷 美輝",23:50,,,373,25.0,
02N,2982,2,07,5831160F4000,2026090906,1000,N,250,1,,72.917,600,5,Q10-A-27,日野,未,2026-09-08T15:51:14Z,"Kotani, Miki/小谷 美輝",23:50,,,374,26.0,
02N,2982,2,07,5831160F4000,2026091206,1000,N,250,1,,72.917,600,5,Q10-A-27,日野,未,2026-09-08T15:51:14Z,"Kotani, Miki/小谷 美輝",23:50,,,374,26.0,
02N,7371,4,21,551124202000,2026090806,1000,N,716,1,,16.6501,830,17,Q9-A-5,織機,未,2026-09-08T15:51:01Z,"Kotani, Miki/小谷 美輝",16:00,,,375,78.0,
02N,7371,4,21,551124201000,2026090706,1000,N,715,1,,16.65,830,17,Q9-A-1,織機,未,2026-09-08T15:51:00Z,"Kotani, Miki/小谷 美輝",16:00,,,375,78.0,
02N,7371,4,21,551124201000,2026090806,1000,N,715,1,,16.65,830,17,Q9-A-1,織機,未,2026-09-08T15:51:00Z,"Kotani, Miki/小谷 美輝",16:00,,,376,79.0,
02N,7371,4,21,551124201000,2026090906,1000,N,715,1,,16.65,830,17,Q9-A-1,織機,未,2026-09-08T15:51:00Z,"Kotani, Miki/小谷 美輝",16:00,,,376,79.0,
02N,7371,4,61,551124201000,2026090706,1000,N,715,1,,16.65,830,17,Q9-A-1,織機,未,2026-09-08T15:51:02Z,"Kotani, Miki/小谷 美輝",16:00,,,377,80.0,
02N,2982,2,W5,671456020000,2026090706,1000,N,477,1,,72.915,500,21,Q10-A-22,日野,未,2026-09-08T15:51:24Z,"Kotani, Miki/小谷 美輝",23:50,False,1.0,378,,
02N,2982,2,W5,671466020000,2026090706,1000,N,478,1,,72.914,500,21,Q10-A-20,日野,未,2026-09-08T15:51:25Z,"Kotani, Miki/小谷 美輝",23:50,False,1.0,378,,
02N,2982,2,07,617756002000,2026090706,1000,N,439,2,,72.906,500,21,Q10-B-3,日野,未,2026-09-08T15:51:21Z,"Kotani, Miki/小谷 美輝",23:50,False,1.0,378,,
02N,2982,2,07,617756002000,2026090706,1000,N,439,2,,72.906,500,21,Q10-B-3,日野,未,2026-09-08T15:51:21Z,"Kotani, Miki/小谷 美輝",23:50,False,1.0,378,,
02N,2982,2,W5,671456020000,2026090806,1000,N,477,1,,72.915,500,21,Q10-A-22,日野,未,2026-09-08T15:51:24Z,"Kotani, Miki/小谷 美輝",23:50,False,1.0,379,,
02N,2982,2,07,617756002000,2026090806,1000,N,439,1,,72.906,500,21,Q10-B-3,日野,未,2026-09-08T15:51:21Z,"Kotani, Miki/小谷 美輝",23:50,False,1.0,379,,
02N,2982,2,07,617766003000,2026090806,1000,N,440,1,,72.905,500,21,Q10-B-1,日野,未,2026-09-08T15:51:22Z,"Kotani, Miki/小谷 美輝",23:50,False,1.0,379,,
02N,2982,2,07,617756003000,2026090806,1000,N,441,1,,72.901,500,21,Q10-B-B,日野,未,2026-09-08T15:51:21Z,"Kotani, Miki/小谷 美輝",23:50,False,1.0,379,,
02N,2982,2,W5,671456020000,2026090906,1000,N,477,1,,72.915,500,21,Q10-A-22,日野,未,2026-09-08T15:51:24Z,"Kotani, Miki/小谷 美輝",23:50,False,1.0,380,,
02N,2982,2,W5,671466020000,2026090906,1000,N,478,1,,72.914,500,21,Q10-A-20,日野,未,2026-09-08T15:51:26Z,"Kotani, Miki/小谷 美輝",23:50,False,1.0,380,,
02N,2982,2,07,617756002000,2026090906,1000,N,439,1,,72.906,500,21,Q10-B-3,日野,未,2026-09-08T15:51:21Z,"Kotani, Miki/小谷 美輝",23:50,False,1.0,380,,
02N,2982,2,07,617756003000,2026090906,1000,N,441,1,,72.901,500,21,Q10-B-B,日野,未,2026-09-08T15:51:21Z,"Kotani, Miki/小谷 美輝",23:50,False,1.0,380,,
02N,2982,2,W5,671456020000,2026091206,1000,N,477,1,,72.915,500,21,Q10-A-22,日野,未,2026-09-08T15:51:25Z,"Kotani, Miki/小谷 美輝",23:50,False,1.0,381,,
02N,2982,2,W5,671466020000,2026091206,1000,N,478,1,,72.914,500,21,Q10-A-20,日野,未,2026-09-08T15:51:26Z,"Kotani, Miki/小谷 美輝",23:50,False,1.0,381,,
02N,8482,W,B3,581167801100,2026082007,1000,N,700,1,,313.7402,830,1,C15-A-1,KVC,未,2026-09-08T15:50:19Z,"Kotani, Miki/小谷 美輝",14:40,False,1.0,382,,
02N,8482,W,B3,581167801100,2026082707,1000,N,700,1,,313.7402,830,1,C15-A-1,KVC,未,2026-09-08T15:50:20Z,"Kotani, Miki/小谷 美輝",14:40,False,1.0,383,,
02N,8482,W,B3,581167801100,2026082407,1000,N,700,1,,313.7402,830,1,C15-A-1,KVC,未,2026-09-08T15:50:19Z,"Kotani, Miki/小谷 美輝",14:40,False,1.0,384,,
02N,2982,2,07,616236014000,2026090707,1000,N,431,1,,72.908,500,1,Q10-B-7,日野,未,2026-09-08T15:51:14Z,"Kotani, Miki/小谷 美輝",01:22,False,1.0,385,,
02N,2982,2,07,617416014000,2026090707,1000,N,437,1,,62.1901,750,1,Q10-D-25,日野,未,2026-09-08T15:51:17Z,"Kotani, Miki/小谷 美輝",01:22,False,1.0,385,,
02N,2982,2,W5,671456020000,2026090707,1000,N,477,1,,72.915,500,21,Q10-A-22,日野,未,2026-09-08T15:51:24Z,"Kotani, Miki/小谷 美輝",01:22,False,1.0,385,,
02N,2982,2,W5,671466020000,2026090707,1000,N,478,1,,72.914,500,21,Q10-A-20,日野,未,2026-09-08T15:51:25Z,"Kotani, Miki/小谷 美輝",01:22,False,1.0,385,,
02N,2982,2,06,486246006000,2026090807,1000,N,196,1,,72.913,750,1,Q10-A-13,日野,未,2026-09-08T15:51:10Z,"Kotani, Miki/小谷 美輝",01:22,False,1.0,386,,
02N,2982,2,07,617426014000,2026090807,1000,N,438,1,,62.19,750,1,Q10-D-23,日野,未,2026-09-08T15:51:19Z,"Kotani, Miki/小谷 美輝",01:22,False,1.0,386,,
02N,2982,2,W5,671466020000,2026090807,1000,N,478,1,,72.914,500,21,Q10-A-20,日野,未,2026-09-08T15:51:25Z,"Kotani, Miki/小谷 美輝",01:22,False,1.0,386,,
02N,7371,4,28,583114214100,2026090807,1000,N,730,2,,313.7401,750,1,C15-A-3,織機,未,2026-09-08T15:51:02Z,"Kotani, Miki/小谷 美輝",18:15,False,1.0,387,,
02N,7371,4,28,583114214100,2026090807,1000,N,730,2,,313.7401,750,1,C15-A-3,織機,未,2026-09-08T15:51:02Z,"Kotani, Miki/小谷 美輝",18:15,False,1.0,387,,
02N,7371,4,61,583114214100,2026090807,1000,N,730,1,,313.7401,750,1,C15-A-3,織機,未,2026-09-08T15:51:03Z,"Kotani, Miki/小谷 美輝",18:15,False,1.0,387,,
02N,8482,W,B3,581167801100,2026083107,1000,N,700,1,,313.7402,830,1,C15-A-1,KVC,未,2026-09-08T15:50:21Z,"Kotani, Miki/小谷 美輝",14:40,False,1.0,388,,
02N,8482,W,B7,581167801100,2026090907,1000,N,700,1,,313.7402,830,1,C15-A-1,KVC,未,2026-09-08T15:50:29Z,"Kotani, Miki/小谷 美輝",18:46,False,1.0,389,,
02N,8482,W,B7,537224207090,2026090907,1000,N,720,1,,194.1302,515,1,L12-D-8,KVC,未,2026-09-08T15:50:26Z,"Kotani, Miki/小谷 美輝",18:46,False,1.0,389,,
02N,2982,2,06,486236006000,2026090907,1000,N,195,1,,72.912,750,1,Q10-A-12,日野,未,2026-09-08T15:51:08Z,"Kotani, Miki/小谷 美輝",01:22,False,1.0,390,,
02N,2982,2,06,486226006000,2026090907,1000,N,194,1,,72.911,750,1,Q10-A-11,日野,未,2026-09-08T15:51:07Z,"Kotani, Miki/小谷 美輝",01:22,False,1.0,390,,
02N,2982,2,06,486216006000,2026090907,1000,N,193,1,,72.91,750,1,Q10-A-10,日野,未,2026-09-08T15:51:05Z,"Kotani, Miki/小谷 美輝",01:22,False,1.0,390,,
02N,2982,2,07,616236014000,2026091207,1000,N,431,1,,72.908,500,1,Q10-B-7,日野,未,2026-09-08T15:51:15Z,"Kotani, Miki/小谷 美輝",01:22,False,2.0,391,,
02N,2982,2,07,616246010000,2026091207,1000,N,432,1,,72.907,500,1,Q10-B-5,日野,未,2026-09-08T15:51:17Z,"Kotani, Miki/小谷 美輝",01:22,False,2.0,391,,
02N,2982,2,07,617416014000,2026091207,1000,N,437,1,,62.1901,750,1,Q10-D-25,日野,未,2026-09-08T15:51:19Z,"Kotani, Miki/小谷 美輝",01:22,False,2.0,391,,
02N,8482,W,B3,581167801100,2026082607,1000,N,700,1,,313.7402,830,1,C15-A-1,KVC,未,2026-09-08T15:50:20Z,"Kotani, Miki/小谷 美輝",14:40,False,1.0,392,,
02N,8482,W,B7,537224207090,2026091007,1000,N,720,1,,194.1302,515,1,L12-D-8,KVC,未,2026-09-08T15:50:26Z,"Kotani, Miki/小谷 美輝",18:46,False,1.0,393,,
02N,8482,W,B7,537214206090,2026090807,1000,N,719,1,,194.1301,515,1,L12-C-5,KVC,未,2026-09-08T15:50:23Z,"Kotani, Miki/小谷 美輝",18:46,False,1.0,394,,
02N,2982,2,07,5831160F4000,2026090707,1000,N,250,1,,72.917,600,5,Q10-A-27,日野,未,2026-09-08T15:51:14Z,"Kotani, Miki/小谷 美輝",01:22,,,395,1.0,
02N,2982,2,07,5831160F4000,2026090807,1000,N,250,1,,72.917,600,5,Q10-A-27,日野,未,2026-09-08T15:51:14Z,"Kotani, Miki/小谷 美輝",01:22,,,395,1.0,
02N,7371,4,21,551124202000,2026090707,1000,N,716,1,,16.6501,830,17,Q9-A-5,織機,未,2026-09-08T15:51:00Z,"Kotani, Miki/小谷 美輝",18:15,,,396,82.0,
02N,7371,4,21,551124202000,2026090807,1000,N,716,1,,16.6501,830,17,Q9-A-5,織機,未,2026-09-08T15:51:01Z,"Kotani, Miki/小谷 美輝",18:15,,,396,82.0,
02N,7371,4,21,551124202000,2026090907,1000,N,716,1,,16.6501,830,17,Q9-A-5,織機,未,2026-09-08T15:51:01Z,"Kotani, Miki/小谷 美輝",18:15,,,397,83.0,
02N,7371,4,61,551124202000,2026090707,1000,N,716,1,,16.6501,830,17,Q9-A-5,織機,未,2026-09-08T15:51:02Z,"Kotani, Miki/小谷 美輝",18:15,,,397,83.0,
02N,7371,4,61,551124202000,2026090807,1000,N,716,1,,16.6501,830,17,Q9-A-5,織機,未,2026-09-08T15:51:02Z,"Kotani, Miki/小谷 美輝",18:15,,,398,84.0,
02N,7371,4,21,551124201000,2026090707,1000,N,715,1,,16.65,830,17,Q9-A-1,織機,未,2026-09-08T15:51:00Z,"Kotani, Miki/小谷 美輝",18:15,,,398,84.0,
02N,7371,4,21,551124201000,2026090807,1000,N,715,1,,16.65,830,17,Q9-A-1,織機,未,2026-09-08T15:51:00Z,"Kotani, Miki/小谷 美輝",18:15,,,399,85.0,
02N,7371,4,21,551124201000,2026090907,1000,N,715,1,,16.65,830,17,Q9-A-1,織機,未,2026-09-08T15:51:00Z,"Kotani, Miki/小谷 美輝",18:15,,,399,85.0,
02N,7371,4,61,551124201000,2026090807,1000,N,715,1,,16.65,830,17,Q9-A-1,織機,未,2026-09-08T15:51:02Z,"Kotani, Miki/小谷 美輝",18:15,,,400,86.0,
02N,2982,2,W5,671466020000,2026090907,1000,N,478,1,,72.914,500,21,Q10-A-20,日野,未,2026-09-08T15:51:26Z,"Kotani, Miki/小谷 美輝",01:22,False,1.0,401,,
02N,2982,2,W5,671456020000,2026091207,1000,N,477,1,,72.915,500,21,Q10-A-22,日野,未,2026-09-08T15:51:25Z,"Kotani, Miki/小谷 美輝",01:22,False,1.0,402,,
02N,2982,2,W5,671466020000,2026091207,1000,N,478,1,,72.914,500,21,Q10-A-20,日野,未,2026-09-08T15:51:26Z,"Kotani, Miki/小谷 美輝",01:22,False,1.0,402,,
02N,2982,2,07,631426010000,2026090708,1000,N,443,2,,72.916,1000,1,Q10-A-24,日野,未,2026-09-08T15:51:22Z,"Kotani, Miki/小谷 美輝",06:29,True,1.0,403,,
02N,2982,2,07,631426010000,2026090708,1000,N,443,2,,72.916,1000,1,Q10-A-24,日野,未,2026-09-08T15:51:22Z,"Kotani, Miki/小谷 美輝",06:29,True,1.0,403,,
02N,2982,2,06,486246006000,2026090708,1000,N,196,1,,72.913,750,1,Q10-A-13,日野,未,2026-09-08T15:51:08Z,"Kotani, Miki/小谷 美輝",06:29,False,2.0,404,,
02N,2982,2,06,486236006000,2026090708,1000,N,195,1,,72.912,750,1,Q10-A-12,日野,未,2026-09-08T15:51:07Z,"Kotani, Miki/小谷 美輝",06:29,False,2.0,404,,
02N,2982,2,07,616236014000,2026090708,1000,N,431,1,,72.908,500,1,Q10-B-7,日野,未,2026-09-08T15:51:14Z,"Kotani, Miki/小谷 美輝",06:29,False,2.0,404,,
02N,2982,2,07,616246010000,2026090708,1000,N,432,1,,72.907,500,1,Q10-B-5,日野,未,2026-09-08T15:51:16Z,"Kotani, Miki/小谷 美輝",06:29,False,3.0,405,,
02N,2982,2,07,617416014000,2026090708,1000,N,437,1,,62.1901,750,1,Q10-D-25,日野,未,2026-09-08T15:51:17Z,"Kotani, Miki/小谷 美輝",06:29,False,3.0,405,,
02N,2982,2,07,617426014000,2026090708,1000,N,438,1,,62.19,750,1,Q10-D-23,日野,未,2026-09-08T15:51:19Z,"Kotani, Miki/小谷 美輝",06:29,False,3.0,405,,
02N,8482,W,B3,581167801100,2026082808,1000,N,700,1,,313.7402,830,1,C15-A-1,KVC,未,2026-09-08T15:50:20Z,"Kotani, Miki/小谷 美輝",14:40,False,1.0,406,,
02N,2982,2,07,631426010000,2026090808,1000,N,443,2,,72.916,1000,1,Q10-A-24,日野,未,2026-09-08T15:51:23Z,"Kotani, Miki/小谷 美輝",06:29,True,1.0,407,,
02N,2982,2,07,631426010000,2026090808,1000,N,443,2,,72.916,1000,1,Q10-A-24,日野,未,2026-09-08T15:51:23Z,"Kotani, Miki/小谷 美輝",06:29,True,1.0,407,,
02N,2982,2,06,486226006000,2026090808,1000,N,194,1,,72.911,750,1,Q10-A-11,日野,未,2026-09-08T15:51:06Z,"Kotani, Miki/小谷 美輝",06:29,False,2.0,408,,
02N,2982,2,06,486216006000,2026090808,1000,N,193,1,,72.91,750,1,Q10-A-10,日野,未,2026-09-08T15:51:04Z,"Kotani, Miki/小谷 美輝",06:29,False,2.0,408,,
02N,2982,2,07,616236014000,2026090808,1000,N,431,1,,72.908,500,1,Q10-B-7,日野,未,2026-09-08T15:51:15Z,"Kotani, Miki/小谷 美輝",06:29,False,2.0,408,,
02N,2982,2,07,616246010000,2026090808,1000,N,432,1,,72.907,500,1,Q10-B-5,日野,未,2026-09-08T15:51:17Z,"Kotani, Miki/小谷 美輝",06:29,False,3.0,409,,
02N,2982,2,07,617416014000,2026090808,1000,N,437,2,,62.1901,750,1,Q10-D-25,日野,未,2026-09-08T15:51:18Z,"Kotani, Miki/小谷 美輝",06:29,False,3.0,409,,
02N,2982,2,07,617416014000,2026090808,1000,N,437,2,,62.1901,750,1,Q10-D-25,日野,未,2026-09-08T15:51:18Z,"Kotani, Miki/小谷 美輝",06:29,False,3.0,409,,
02N,2982,2,07,617426014000,2026090808,1000,N,438,1,,62.19,750,1,Q10-D-23,日野,未,2026-09-08T15:51:19Z,"Kotani, Miki/小谷 美輝",06:29,False,4.0,410,,
02N,7371,4,28,582114202000,2026090808,1000,N,728,1,,346.5,550,1,C12-B-6,織機,未,2026-09-08T15:51:01Z,"Kotani, Miki/小谷 美輝",20:35,False,1.0,411,,
02N,7371,4,28,583114214100,2026090808,1000,N,730,2,,313.7401,750,1,C15-A-3,織機,未,2026-09-08T15:51:02Z,"Kotani, Miki/小谷 美輝",20:35,False,1.0,411,,
02N,7371,4,28,583114214100,2026090808,1000,N,730,2,,313.7401,750,1,C15-A-3,織機,未,2026-09-08T15:51:02Z,"Kotani, Miki/小谷 美輝",20:35,False,1.0,411,,
02N,8482,W,B3,581167801100,2026083108,1000,N,700,1,,313.7402,830,1,C15-A-1,KVC,未,2026-09-08T15:50:21Z,"Kotani, Miki/小谷 美輝",14:40,False,1.0,412,,
02N,2982,2,07,631426010000,2026090908,1000,N,443,1,,72.916,1000,1,Q10-A-24,日野,未,2026-09-08T15:51:23Z,"Kotani, Miki/小谷 美輝",06:29,True,1.0,413,,
02N,2982,2,06,486236006000,2026090908,1000,N,195,1,,72.912,750,1,Q10-A-12,日野,未,2026-09-08T15:51:08Z,"Kotani, Miki/小谷 美輝",06:29,False,2.0,414,,
02N,2982,2,06,486216006000,2026090908,1000,N,193,1,,72.91,750,1,Q10-A-10,日野,未,2026-09-08T15:51:05Z,"Kotani, Miki/小谷 美輝",06:29,False,2.0,414,,
02N,2982,2,07,616236014000,2026090908,1000,N,431,1,,72.908,500,1,Q10-B-7,日野,未,2026-09-08T15:51:15Z,"Kotani, Miki/小谷 美輝",06:29,False,2.0,414,,
02N,2982,2,07,616246010000,2026090908,1000,N,432,2,,72.907,500,1,Q10-B-5,日野,未,2026-09-08T15:51:17Z,"Kotani, Miki/小谷 美輝",06:29,False,3.0,415,,
02N,2982,2,07,616246010000,2026090908,1000,N,432,2,,72.907,500,1,Q10-B-5,日野,未,2026-09-08T15:51:17Z,"Kotani, Miki/小谷 美輝",06:29,False,3.0,415,,
02N,2982,2,07,617416014000,2026090908,1000,N,437,2,,62.1901,750,1,Q10-D-25,日野,未,2026-09-08T15:51:18Z,"Kotani, Miki/小谷 美輝",06:29,False,3.0,415,,
02N,2982,2,07,617416014000,2026090908,1000,N,437,2,,62.1901,750,1,Q10-D-25,日野,未,2026-09-08T15:51:18Z,"Kotani, Miki/小谷 美輝",06:29,False,4.0,416,,
02N,2982,2,07,617426014000,2026090908,1000,N,438,2,,62.19,750,1,Q10-D-23,日野,未,2026-09-08T15:51:20Z,"Kotani, Miki/小谷 美輝",06:29,False,4.0,416,,
02N,2982,2,07,617426014000,2026090908,1000,N,438,2,,62.19,750,1,Q10-D-23,日野,未,2026-09-08T15:51:20Z,"Kotani, Miki/小谷 美輝",06:29,False,4.0,416,,
02N,8482,W,B3,581167801100,2026082508,1000,N,700,1,,313.7402,830,1,C15-A-1,KVC,未,2026-09-08T15:50:20Z,"Kotani, Miki/小谷 美輝",14:40,False,1.0,417,,
02N,8482,W,B3,581167801100,2026082108,1000,N,700,1,,313.7402,830,1,C15-A-1,KVC,未,2026-09-08T15:50:19Z,"Kotani, Miki/小谷 美輝",14:40,False,1.0,418,,
02N,8482,W,B7,581167801100,2026090808,1000,N,700,1,,313.7402,830,1,C15-A-1,KVC,未,2026-09-08T15:50:29Z,"Kotani, Miki/小谷 美輝",18:46,False,1.0,419,,
02N,8482,W,B7,537224207090,2026090808,1000,N,720,1,,194.1302,515,1,L12-D-8,KVC,未,2026-09-08T15:50:26Z,"Kotani, Miki/小谷 美輝",18:46,False,1.0,419,,
02N,8482,W,B7,581167801100,2026091008,1000,N,700,1,,313.7402,830,1,C15-A-1,KVC,未,2026-09-08T15:50:29Z,"Kotani, Miki/小谷 美輝",18:46,False,1.0,420,,
02N,8482,W,B7,537214206090,2026091008,1000,N,719,1,,194.1301,515,1,L12-C-5,KVC,未,2026-09-08T15:50:25Z,"Kotani, Miki/小谷 美輝",18:46,False,1.0,420,,
02N,2982,2,07,5831160F1000,2026090708,1000,N,248,1,,72.918,600,5,Q10-B-23,日野,未,2026-09-08T15:51:11Z,"Kotani, Miki/小谷 美輝",06:29,,,421,2.0,
02N,2982,2,07,5831160F1000,2026090808,1000,N,248,1,,72.918,600,5,Q10-B-23,日野,未,2026-09-08T15:51:12Z,"Kotani, Miki/小谷 美輝",06:29,,,421,2.0,
02N,2982,2,07,5831160F1000,2026090908,1000,N,248,1,,72.918,600,5,Q10-B-23,日野,未,2026-09-08T15:51:12Z,"Kotani, Miki/小谷 美輝",06:29,,,422,3.0,
02N,2982,2,07,5831160F4000,2026090908,1000,N,250,1,,72.917,600,5,Q10-A-27,日野,未,2026-09-08T15:51:14Z,"Kotani, Miki/小谷 美輝",06:29,,,422,3.0,
02N,7371,4,21,551124202000,2026090708,1000,N,716,1,,16.6501,830,17,Q9-A-5,織機,未,2026-09-08T15:51:01Z,"Kotani, Miki/小谷 美輝",20:35,,,423,95.0,
02N,7371,4,21,551124202000,2026090908,1000,N,716,1,,16.6501,830,17,Q9-A-5,織機,未,2026-09-08T15:51:01Z,"Kotani, Miki/小谷 美輝",20:35,,,423,95.0,
02N,7371,4,21,551124201000,2026090708,1000,N,715,1,,16.65,830,17,Q9-A-1,織機,未,2026-09-08T15:51:00Z,"Kotani, Miki/小谷 美輝",20:35,,,424,96.0,
02N,7371,4,21,551124201000,2026090808,1000,N,715,1,,16.65,830,17,Q9-A-1,織機,未,2026-09-08T15:51:00Z,"Kotani, Miki/小谷 美輝",20:35,,,424,96.0,
02N,7371,4,21,551124201000,2026090908,1000,N,715,1,,16.65,830,17,Q9-A-1,織機,未,2026-09-08T15:51:00Z,"Kotani, Miki/小谷 美輝",20:35,,,425,97.0,
02N,7371,4,61,551124201000,2026090708,1000,N,715,1,,16.65,830,17,Q9-A-1,織機,未,2026-09-08T15:51:02Z,"Kotani, Miki/小谷 美輝",20:35,,,425,97.0,
02N,2982,2,W5,671456020000,2026090708,1000,N,477,1,,72.915,500,21,Q10-A-22,日野,未,2026-09-08T15:51:24Z,"Kotani, Miki/小谷 美輝",06:29,False,1.0,426,,
02N,2982,2,W5,671466020000,2026090708,1000,N,478,1,,72.914,500,21,Q10-A-20,日野,未,2026-09-08T15:51:25Z,"Kotani, Miki/小谷 美輝",06:29,False,1.0,426,,
02N,2982,2,07,617766003000,2026090708,1000,N,440,1,,72.905,500,21,Q10-B-1,日野,未,2026-09-08T15:51:21Z,"Kotani, Miki/小谷 美輝",06:29,False,1.0,426,,
02N,2982,2,07,617756003000,2026090708,1000,N,441,1,,72.901,500,21,Q10-B-B,日野,未,2026-09-08T15:51:21Z,"Kotani, Miki/小谷 美輝",06:29,False,1.0,426,,
02N,2982,2,07,617766004000,2026090708,1000,N,442,1,,72.9,500,21,Q10-B-A,日野,未,2026-09-08T15:51:22Z,"Kotani, Miki/小谷 美輝",06:29,False,2.0,427,,
02N,2982,2,07,617766003000,2026090808,1000,N,440,1,,72.905,500,21,Q10-B-1,日野,未,2026-09-08T15:51:22Z,"Kotani, Miki/小谷 美輝",06:29,False,1.0,428,,
02N,2982,2,W5,671456020000,2026090908,1000,N,477,1,,72.915,500,21,Q10-A-22,日野,未,2026-09-08T15:51:25Z,"Kotani, Miki/小谷 美輝",06:29,False,1.0,429,,
02N,2982,2,W5,671466020000,2026090908,1000,N,478,1,,72.914,500,21,Q10-A-20,日野,未,2026-09-08T15:51:26Z,"Kotani, Miki/小谷 美輝",06:29,False,1.0,429,,
02N,2982,2,07,617756002000,2026090908,1000,N,439,1,,72.906,500,21,Q10-B-3,日野,未,2026-09-08T15:51:21Z,"Kotani, Miki/小谷 美輝",06:29,False,1.0,429,,
02N,2982,2,07,617766003000,2026090908,1000,N,440,1,,72.905,500,21,Q10-B-1,日野,未,2026-09-08T15:51:22Z,"Kotani, Miki/小谷 美輝",06:29,False,1.0,429,,
02N,2982,2,06,486246006000,2026090709,1000,N,196,1,,72.913,750,1,Q10-A-13,日野,未,2026-09-08T15:51:08Z,"Kotani, Miki/小谷 美輝",07:55,False,1.0,430,,
02N,2982,2,06,486236006000,2026090709,1000,N,195,1,,72.912,750,1,Q10-A-12,日野,未,2026-09-08T15:51:07Z,"Kotani, Miki/小谷 美輝",07:55,False,1.0,430,,
02N,2982,2,06,486226006000,2026090709,1000,N,194,1,,72.911,750,1,Q10-A-11,日野,未,2026-09-08T15:51:06Z,"Kotani, Miki/小谷 美輝",07:55,False,1.0,430,,
02N,2982,2,06,486216006000,2026090709,1000,N,193,1,,72.91,750,1,Q10-A-10,日野,未,2026-09-08T15:51:04Z,"Kotani, Miki/小谷 美輝",07:55,False,2.0,431,,
02N,2982,2,07,616246010000,2026090709,1000,N,432,1,,72.907,500,1,Q10-B-5,日野,未,2026-09-08T15:51:16Z,"Kotani, Miki/小谷 美輝",07:55,False,2.0,431,,
02N,2982,2,07,617416014000,2026090709,1000,N,437,1,,62.1901,750,1,Q10-D-25,日野,未,2026-09-08T15:51:17Z,"Kotani, Miki/小谷 美輝",07:55,False,2.0,431,,
02N,2982,2,06,486246006000,2026090809,1000,N,196,1,,72.913,750,1,Q10-A-13,日野,未,2026-09-08T15:51:10Z,"Kotani, Miki/小谷 美輝",07:55,False,2.0,432,,
02N,2982,2,06,486236006000,2026090809,1000,N,195,1,,72.912,750,1,Q10-A-12,日野,未,2026-09-08T15:51:08Z,"Kotani, Miki/小谷 美輝",07:55,False,2.0,432,,
02N,2982,2,06,486226006000,2026090809,1000,N,194,1,,72.911,750,1,Q10-A-11,日野,未,2026-09-08T15:51:06Z,"Kotani, Miki/小谷 美輝",07:55,False,2.0,432,,
02N,2982,2,07,616236014000,2026090809,1000,N,431,1,,72.908,500,1,Q10-B-7,日野,未,2026-09-08T15:51:15Z,"Kotani, Miki/小谷 美輝",07:55,False,3.0,433,,
02N,2982,2,07,616246010000,2026090809,1000,N,432,1,,72.907,500,1,Q10-B-5,日野,未,2026-09-08T15:51:17Z,"Kotani, Miki/小谷 美輝",07:55,False,3.0,433,,
02N,2982,2,07,617416014000,2026090809,1000,N,437,1,,62.1901,750,1,Q10-D-25,日野,未,2026-09-08T15:51:18Z,"Kotani, Miki/小谷 美輝",07:55,False,3.0,433,,
02N,2982,2,07,631426010000,2026090909,1000,N,443,3,,72.916,1000,1,Q10-A-24,日野,未,2026-09-08T15:51:23Z,"Kotani, Miki/小谷 美輝",07:55,True,1.0,434,,
02N,2982,2,07,631426010000,2026090909,1000,N,443,3,,72.916,1000,1,Q10-A-24,日野,未,2026-09-08T15:51:23Z,"Kotani, Miki/小谷 美輝",07:55,True,1.0,434,,
02N,2982,2,06,486246006000,2026090909,1000,N,196,1,,72.913,750,1,Q10-A-13,日野,未,2026-09-08T15:51:11Z,"Kotani, Miki/小谷 美輝",07:55,False,3.0,435,,
02N,2982,2,06,486226006000,2026090909,1000,N,194,1,,72.911,750,1,Q10-A-11,日野,未,2026-09-08T15:51:07Z,"Kotani, Miki/小谷 美輝",07:55,False,3.0,435,,
02N,2982,2,07,616236014000,2026090909,1000,N,431,1,,72.908,500,1,Q10-B-7,日野,未,2026-09-08T15:51:15Z,"Kotani, Miki/小谷 美輝",07:55,False,3.0,435,,
02N,2982,2,07,617416014000,2026090909,1000,N,437,2,,62.1901,750,1,Q10-D-25,日野,未,2026-09-08T15:51:18Z,"Kotani, Miki/小谷 美輝",07:55,False,4.0,436,,
02N,2982,2,07,617416014000,2026090909,1000,N,437,2,,62.1901,750,1,Q10-D-25,日野,未,2026-09-08T15:51:18Z,"Kotani, Miki/小谷 美輝",07:55,False,4.0,436,,
02N,2982,2,07,617426014000,2026090909,1000,N,438,1,,62.19,750,1,Q10-D-23,日野,未,2026-09-08T15:51:20Z,"Kotani, Miki/小谷 美輝",07:55,False,4.0,436,,
02N,2982,2,07,631426010000,2026090809,1000,N,443,1,,72.916,1000,1,Q10-A-24,日野,未,2026-09-08T15:51:23Z,"Kotani, Miki/小谷 美輝",07:55,True,1.0,437,,
02N,2982,2,07,617426014000,2026090809,1000,N,438,1,,62.19,750,1,Q10-D-23,日野,未,2026-09-08T15:51:19Z,"Kotani, Miki/小谷 美輝",07:55,False,4.0,438,,
02N,2982,2,07,617426014000,2026090709,1000,N,438,2,,62.19,750,1,Q10-D-23,日野,未,2026-09-08T15:51:19Z,"Kotani, Miki/小谷 美輝",07:55,False,3.0,439,,
02N,2982,2,07,617426014000,2026090709,1000,N,438,2,,62.19,750,1,Q10-D-23,日野,未,2026-09-08T15:51:19Z,"Kotani, Miki/小谷 美輝",07:55,False,3.0,439,,
02N,2982,2,07,5831160F1000,2026090809,1000,N,248,1,,72.918,600,5,Q10-B-23,日野,未,2026-09-08T15:51:12Z,"Kotani, Miki/小谷 美輝",07:55,,,440,4.0,
02N,2982,2,07,5831160F1000,2026090909,1000,N,248,1,,72.918,600,5,Q10-B-23,日野,未,2026-09-08T15:51:12Z,"Kotani, Miki/小谷 美輝",07:55,,,440,4.0,
02N,2982,2,07,5831160F4000,2026090709,1000,N,250,1,,72.917,600,5,Q10-A-27,日野,未,2026-09-08T15:51:14Z,"Kotani, Miki/小谷 美輝",07:55,,,441,5.0,
02N,2982,2,07,5831160F4000,2026090809,1000,N,250,1,,72.917,600,5,Q10-A-27,日野,未,2026-09-08T15:51:14Z,"Kotani, Miki/小谷 美輝",07:55,,,441,5.0,
02N,2982,2,07,5831160F4000,2026090909,1000,N,250,1,,72.917,600,5,Q10-A-27,日野,未,2026-09-08T15:51:14Z,"Kotani, Miki/小谷 美輝",07:55,,,442,6.0,
02N,8482,W,B7,551124202000,2026090809,1000,N,716,1,,16.6501,830,17,Q9-A-5,TMK,未,2026-09-08T15:50:28Z,"Kotani, Miki/小谷 美輝",22:41,,,443,98.0,
02N,8482,W,B7,551124202000,2026090909,1000,N,716,1,,16.6501,830,17,Q9-A-5,TMK,未,2026-09-08T15:50:28Z,"Kotani, Miki/小谷 美輝",22:41,,,443,98.0,
02N,2982,2,W5,671456020000,2026090809,1000,N,477,1,,72.915,500,21,Q10-A-22,日野,未,2026-09-08T15:51:24Z,"Kotani, Miki/小谷 美輝",07:55,False,1.0,444,,
02N,2982,2,W5,671466020000,2026090809,1000,N,478,2,,72.914,500,21,Q10-A-20,日野,未,2026-09-08T15:51:25Z,"Kotani, Miki/小谷 美輝",07:55,False,1.0,444,,
02N,2982,2,W5,671466020000,2026090809,1000,N,478,2,,72.914,500,21,Q10-A-20,日野,未,2026-09-08T15:51:25Z,"Kotani, Miki/小谷 美輝",07:55,False,1.0,444,,
02N,2982,2,07,617756002000,2026090809,1000,N,439,1,,72.906,500,21,Q10-B-3,日野,未,2026-09-08T15:51:21Z,"Kotani, Miki/小谷 美輝",07:55,False,1.0,444,,
02N,2982,2,W5,671456020000,2026090909,1000,N,477,1,,72.915,500,21,Q10-A-22,日野,未,2026-09-08T15:51:25Z,"Kotani, Miki/小谷 美輝",07:55,False,1.0,445,,
02N,2982,2,W5,671466020000,2026090909,1000,N,478,1,,72.914,500,21,Q10-A-20,日野,未,2026-09-08T15:51:26Z,"Kotani, Miki/小谷 美輝",07:55,False,1.0,445,,
02N,2982,2,06,486246006000,2026090710,1000,N,196,1,,72.913,750,1,Q10-A-13,日野,未,2026-09-08T15:51:08Z,"Kotani, Miki/小谷 美輝",09:25,False,2.0,446,,
02N,2982,2,06,486226006000,2026090710,1000,N,194,1,,72.911,750,1,Q10-A-11,日野,未,2026-09-08T15:51:06Z,"Kotani, Miki/小谷 美輝",09:25,False,2.0,446,,
02N,2982,2,06,486216006000,2026090710,1000,N,193,1,,72.91,750,1,Q10-A-10,日野,未,2026-09-08T15:51:04Z,"Kotani, Miki/小谷 美輝",09:25,False,2.0,446,,
02N,8482,W,B7,581167801100,2026090810,1000,N,700,1,,313.7402,830,1,C15-A-1,KVC,未,2026-09-08T15:50:29Z,"Kotani, Miki/小谷 美輝",22:41,False,1.0,447,,
02N,8482,W,B7,537224207090,2026090810,1000,N,720,1,,194.1302,515,1,L12-D-8,KVC,未,2026-09-08T15:50:26Z,"Kotani, Miki/小谷 美輝",22:41,False,1.0,447,,
02N,2982,2,06,486236006000,2026090810,1000,N,195,1,,72.912,750,1,Q10-A-12,日野,未,2026-09-08T15:51:08Z,"Kotani, Miki/小谷 美輝",09:25,False,1.0,448,,
02N,2982,2,06,486226006000,2026090810,1000,N,194,1,,72.911,750,1,Q10-A-11,日野,未,2026-09-08T15:51:06Z,"Kotani, Miki/小谷 美輝",09:25,False,1.0,448,,
02N,2982,2,06,486216006000,2026090810,1000,N,193,1,,72.91,750,1,Q10-A-10,日野,未,2026-09-08T15:51:04Z,"Kotani, Miki/小谷 美輝",09:25,False,1.0,448,,
02N,2982,2,06,486246006000,2026090910,1000,N,196,1,,72.913,750,1,Q10-A-13,日野,未,2026-09-08T15:51:11Z,"Kotani, Miki/小谷 美輝",09:25,False,1.0,449,,
02N,2982,2,06,486236006000,2026090910,1000,N,195,1,,72.912,750,1,Q10-A-12,日野,未,2026-09-08T15:51:08Z,"Kotani, Miki/小谷 美輝",09:25,False,1.0,449,,
02N,2982,2,06,486226006000,2026090910,1000,N,194,1,,72.911,750,1,Q10-A-11,日野,未,2026-09-08T15:51:07Z,"Kotani, Miki/小谷 美輝",09:25,False,1.0,449,,
02N,2982,2,06,486216006000,2026090910,1000,N,193,1,,72.91,750,1,Q10-A-10,日野,未,2026-09-08T15:51:05Z,"Kotani, Miki/小谷 美輝",09:25,False,2.0,450,,
02N,2982,2,07,616246010000,2026090910,1000,N,432,1,,72.907,500,1,Q10-B-5,日野,未,2026-09-08T15:51:17Z,"Kotani, Miki/小谷 美輝",09:25,False,2.0,450,,
02N,2982,2,07,617426014000,2026090910,1000,N,438,1,,62.19,750,1,Q10-D-23,日野,未,2026-09-08T15:51:20Z,"Kotani, Miki/小谷 美輝",09:25,False,2.0,450,,
02N,8482,W,B7,581167801100,2026090910,1000,N,700,1,,313.7402,830,1,C15-A-1,KVC,未,2026-09-08T15:50:29Z,"Kotani, Miki/小谷 美輝",22:41,False,1.0,451,,
02N,8482,W,B7,537214206090,2026090910,1000,N,719,1,,194.1301,515,1,L12-C-5,KVC,未,2026-09-08T15:50:24Z,"Kotani, Miki/小谷 美輝",22:41,False,1.0,451,,
02N,2982,2,07,617766003000,2026090810,1000,N,440,1,,72.905,500,21,Q10-B-1,日野,未,2026-09-08T15:51:22Z,"Kotani, Miki/小谷 美輝",09:25,False,1.0,452,,
02N,2982,2,W5,671466020000,2026090710,1000,N,478,1,,72.914,500,21,Q10-A-20,日野,未,2026-09-08T15:51:25Z,"Kotani, Miki/小谷 美輝",09:25,False,1.0,453,,
02N,2982,2,07,617766003000,2026090710,1000,N,440,1,,72.905,500,21,Q10-B-1,日野,未,2026-09-08T15:51:22Z,"Kotani, Miki/小谷 美輝",09:25,False,1.0,453,,
02N,2982,2,06,486236006000,2026090711,1000,N,195,1,,72.912,750,1,Q10-A-12,日野,未,2026-09-08T15:51:07Z,"Kotani, Miki/小谷 美輝",11:06,False,2.0,454,,
02N,2982,2,06,486216006000,2026090711,1000,N,193,1,,72.91,750,1,Q10-A-10,日野,未,2026-09-08T15:51:04Z,"Kotani, Miki/小谷 美輝",11:06,False,2.0,454,,
02N,2982,2,07,616236014000,2026090711,1000,N,431,1,,72.908,500,1,Q10-B-7,日野,未,2026-09-08T15:51:14Z,"Kotani, Miki/小谷 美輝",11:06,False,2.0,454,,
02N,2982,2,07,616246010000,2026090711,1000,N,432,1,,72.907,500,1,Q10-B-5,日野,未,2026-09-08T15:51:16Z,"Kotani, Miki/小谷 美輝",11:06,False,3.0,455,,
02N,2982,2,07,617416014000,2026090711,1000,N,437,2,,62.1901,750,1,Q10-D-25,日野,未,2026-09-08T15:51:18Z,"Kotani, Miki/小谷 美輝",11:06,False,3.0,455,,
02N,2982,2,07,617416014000,2026090711,1000,N,437,2,,62.1901,750,1,Q10-D-25,日野,未,2026-09-08T15:51:18Z,"Kotani, Miki/小谷 美輝",11:06,False,3.0,455,,
02N,2982,2,06,486246006000,2026090811,1000,N,196,1,,72.913,750,1,Q10-A-13,日野,未,2026-09-08T15:51:10Z,"Kotani, Miki/小谷 美輝",11:06,False,1.0,456,,
02N,2982,2,06,486216006000,2026090811,1000,N,193,1,,72.91,750,1,Q10-A-10,日野,未,2026-09-08T15:51:04Z,"Kotani, Miki/小谷 美輝",11:06,False,1.0,456,,
02N,2982,2,07,616236014000,2026090811,1000,N,431,1,,72.908,500,1,Q10-B-7,日野,未,2026-09-08T15:51:15Z,"Kotani, Miki/小谷 美輝",11:06,False,1.0,456,,
02N,2982,2,07,616246010000,2026090811,1000,N,432,1,,72.907,500,1,Q10-B-5,日野,未,2026-09-08T15:51:17Z,"Kotani, Miki/小谷 美輝",11:06,False,2.0,457,,
02N,2982,2,07,617416014000,2026090811,1000,N,437,1,,62.1901,750,1,Q10-D-25,日野,未,2026-09-08T15:51:18Z,"Kotani, Miki/小谷 美輝",11:06,False,2.0,457,,
02N,2982,2,07,617426014000,2026090811,1000,N,438,1,,62.19,750,1,Q10-D-23,日野,未,2026-09-08T15:51:20Z,"Kotani, Miki/小谷 美輝",11:06,False,2.0,457,,
02N,2982,2,06,486246006000,2026090911,1000,N,196,1,,72.913,750,1,Q10-A-13,日野,未,2026-09-08T15:51:11Z,"Kotani, Miki/小谷 美輝",11:06,False,2.0,458,,
02N,2982,2,06,486236006000,2026090911,1000,N,195,1,,72.912,750,1,Q10-A-12,日野,未,2026-09-08T15:51:08Z,"Kotani, Miki/小谷 美輝",11:06,False,2.0,458,,
02N,2982,2,06,486226006000,2026090911,1000,N,194,1,,72.911,750,1,Q10-A-11,日野,未,2026-09-08T15:51:07Z,"Kotani, Miki/小谷 美輝",11:06,False,2.0,458,,
02N,2982,2,06,486216006000,2026090911,1000,N,193,1,,72.91,750,1,Q10-A-10,日野,未,2026-09-08T15:51:05Z,"Kotani, Miki/小谷 美輝",11:06,False,3.0,459,,
02N,2982,2,07,631436012000,2026090911,1000,N,445,1,,72.909,515,1,Q10-A-7,日野,未,2026-09-08T15:51:24Z,"Kotani, Miki/小谷 美輝",11:06,False,3.0,459,,
02N,2982,2,07,616236014000,2026090911,1000,N,431,1,,72.908,500,1,Q10-B-7,日野,未,2026-09-08T15:51:15Z,"Kotani, Miki/小谷 美輝",11:06,False,3.0,459,,
02N,2982,2,07,616246010000,2026090911,1000,N,432,1,,72.907,500,1,Q10-B-5,日野,未,2026-09-08T15:51:17Z,"Kotani, Miki/小谷 美輝",11:06,False,3.0,459,,
02N,2982,2,07,617416014000,2026090911,1000,N,437,2,,62.1901,750,1,Q10-D-25,日野,未,2026-09-08T15:51:18Z,"Kotani, Miki/小谷 美輝",11:06,False,4.0,460,,
02N,2982,2,07,617416014000,2026090911,1000,N,437,2,,62.1901,750,1,Q10-D-25,日野,未,2026-09-08T15:51:18Z,"Kotani, Miki/小谷 美輝",11:06,False,4.0,460,,
02N,2982,2,07,617426014000,2026090911,1000,N,438,1,,62.19,750,1,Q10-D-23,日野,未,2026-09-08T15:51:20Z,"Kotani, Miki/小谷 美輝",11:06,False,4.0,460,,
02N,2982,2,07,5831160F1000,2026090711,1000,N,248,1,,72.918,600,5,Q10-B-23,日野,未,2026-09-08T15:51:12Z,"Kotani, Miki/小谷 美輝",11:06,,,461,7.0,
02N,2982,2,07,5831160F1000,2026090911,1000,N,248,1,,72.918,600,5,Q10-B-23,日野,未,2026-09-08T15:51:12Z,"Kotani, Miki/小谷 美輝",11:06,,,461,7.0,
02N,2982,2,07,5831160F4000,2026090711,1000,N,250,1,,72.917,600,5,Q10-A-27,日野,未,2026-09-08T15:51:14Z,"Kotani, Miki/小谷 美輝",11:06,,,462,8.0,
02N,2982,2,07,5831160F4000,2026090811,1000,N,250,1,,72.917,600,5,Q10-A-27,日野,未,2026-09-08T15:51:14Z,"Kotani, Miki/小谷 美輝",11:06,,,462,8.0,
02N,2982,2,07,5831160F4000,2026090911,1000,N,250,1,,72.917,600,5,Q10-A-27,日野,未,2026-09-08T15:51:14Z,"Kotani, Miki/小谷 美輝",11:06,,,463,9.0,
02N,2982,2,W5,671456020000,2026090711,1000,N,477,1,,72.915,500,21,Q10-A-22,日野,未,2026-09-08T15:51:24Z,"Kotani, Miki/小谷 美輝",11:06,False,1.0,464,,
02N,2982,2,W5,671466020000,2026090711,1000,N,478,1,,72.914,500,21,Q10-A-20,日野,未,2026-09-08T15:51:25Z,"Kotani, Miki/小谷 美輝",11:06,False,1.0,464,,
02N,2982,2,07,617756002000,2026090711,1000,N,439,1,,72.906,500,21,Q10-B-3,日野,未,2026-09-08T15:51:21Z,"Kotani, Miki/小谷 美輝",11:06,False,1.0,464,,
02N,2982,2,07,617766003000,2026090711,1000,N,440,1,,72.905,500,21,Q10-B-1,日野,未,2026-09-08T15:51:22Z,"Kotani, Miki/小谷 美輝",11:06,False,1.0,464,,
02N,2982,2,W5,671456020000,2026090911,1000,N,477,2,,72.915,500,21,Q10-A-22,日野,未,2026-09-08T15:51:25Z,"Kotani, Miki/小谷 美輝",11:06,False,1.0,465,,
02N,2982,2,W5,671456020000,2026090911,1000,N,477,2,,72.915,500,21,Q10-A-22,日野,未,2026-09-08T15:51:25Z,"Kotani, Miki/小谷 美輝",11:06,False,1.0,465,,
02N,2982,2,W5,671466020000,2026090911,1000,N,478,1,,72.914,500,21,Q10-A-20,日野,未,2026-09-08T15:51:26Z,"Kotani, Miki/小谷 美輝",11:06,False,1.0,465,,
02N,2982,2,07,617756002000,2026090911,1000,N,439,1,,72.906,500,21,Q10-B-3,日野,未,2026-09-08T15:51:21Z,"Kotani, Miki/小谷 美輝",11:06,False,1.0,465,,
02N,2982,2,07,617766003000,2026090911,1000,N,440,1,,72.905,500,21,Q10-B-1,日野,未,2026-09-08T15:51:22Z,"Kotani, Miki/小谷 美輝",11:06,False,2.0,466,,
02N,2982,2,W5,671456020000,2026090811,1000,N,477,1,,72.915,500,21,Q10-A-22,日野,未,2026-09-08T15:51:24Z,"Kotani, Miki/小谷 美輝",11:06,False,1.0,467,,
02N,2982,2,W5,671466020000,2026090811,1000,N,478,1,,72.914,500,21,Q10-A-20,日野,未,2026-09-08T15:51:25Z,"Kotani, Miki/小谷 美輝",11:06,False,1.0,467,,
02N,2982,2,07,617756002000,2026090811,1000,N,439,1,,72.906,500,21,Q10-B-3,日野,未,2026-09-08T15:51:21Z,"Kotani, Miki/小谷 美輝",11:06,False,1.0,467,,
02N,2982,2,06,486246006000,2026090712,1000,N,196,1,,72.913,750,1,Q10-A-13,日野,未,2026-09-08T15:51:08Z,"Kotani, Miki/小谷 美輝",12:05,False,2.0,468,,
02N,2982,2,06,486226006000,2026090712,1000,N,194,1,,72.911,750,1,Q10-A-11,日野,未,2026-09-08T15:51:06Z,"Kotani, Miki/小谷 美輝",12:05,False,2.0,468,,
02N,2982,2,07,616236014000,2026090712,1000,N,431,1,,72.908,500,1,Q10-B-7,日野,未,2026-09-08T15:51:14Z,"Kotani, Miki/小谷 美輝",12:05,False,2.0,468,,
02N,2982,2,07,617416014000,2026090712,1000,N,437,1,,62.1901,750,1,Q10-D-25,日野,未,2026-09-08T15:51:18Z,"Kotani, Miki/小谷 美輝",12:05,False,3.0,469,,
02N,2982,2,07,617426014000,2026090712,1000,N,438,2,,62.19,750,1,Q10-D-23,日野,未,2026-09-08T15:51:19Z,"Kotani, Miki/小谷 美輝",12:05,False,3.0,469,,
02N,2982,2,07,617426014000,2026090712,1000,N,438,2,,62.19,750,1,Q10-D-23,日野,未,2026-09-08T15:51:19Z,"Kotani, Miki/小谷 美輝",12:05,False,3.0,469,,
02N,2982,2,06,486246006000,2026090812,1000,N,196,1,,72.913,750,1,Q10-A-13,日野,未,2026-09-08T15:51:10Z,"Kotani, Miki/小谷 美輝",12:05,False,2.0,470,,
02N,2982,2,06,486236006000,2026090812,1000,N,195,1,,72.912,750,1,Q10-A-12,日野,未,2026-09-08T15:51:08Z,"Kotani, Miki/小谷 美輝",12:05,False,2.0,470,,
02N,2982,2,06,486226006000,2026090812,1000,N,194,1,,72.911,750,1,Q10-A-11,日野,未,2026-09-08T15:51:06Z,"Kotani, Miki/小谷 美輝",12:05,False,2.0,470,,
02N,2982,2,07,617426014000,2026090812,1000,N,438,1,,62.19,750,1,Q10-D-23,日野,未,2026-09-08T15:51:20Z,"Kotani, Miki/小谷 美輝",12:05,False,4.0,471,,
02N,2982,2,07,5831160F1000,2026090712,1000,N,248,1,,72.918,600,5,Q10-B-23,日野,未,2026-09-08T15:51:12Z,"Kotani, Miki/小谷 美輝",12:05,,,472,10.0,
02N,2982,2,07,5831160F1000,2026090812,1000,N,248,1,,72.918,600,5,Q10-B-23,日野,未,2026-09-08T15:51:12Z,"Kotani, Miki/小谷 美輝",12:05,,,472,10.0,
02N,2982,2,07,5831160F4000,2026090812,1000,N,250,1,,72.917,600,5,Q10-A-27,日野,未,2026-09-08T15:51:14Z,"Kotani, Miki/小谷 美輝",12:05,,,473,11.0,
02N,2982,2,W5,671456020000,2026090712,1000,N,477,1,,72.915,500,21,Q10-A-22,日野,未,2026-09-08T15:51:24Z,"Kotani, Miki/小谷 美輝",12:05,False,1.0,474,,
02N,2982,2,W5,671466020000,2026090712,1000,N,478,1,,72.914,500,21,Q10-A-20,日野,未,2026-09-08T15:51:25Z,"Kotani, Miki/小谷 美輝",12:05,False,1.0,474,,
02N,2982,2,07,617766003000,2026090712,1000,N,440,1,,72.905,500,21,Q10-B-1,日野,未,2026-09-08T15:51:22Z,"Kotani, Miki/小谷 美輝",12:05,False,1.0,474,,
02N,2982,2,W5,671456020000,2026090812,1000,N,477,1,,72.915,500,21,Q10-A-22,日野,未,2026-09-08T15:51:24Z,"Kotani, Miki/小谷 美輝",12:05,False,1.0,475,,
02N,2982,2,W5,671466020000,2026090812,1000,N,478,1,,72.914,500,21,Q10-A-20,日野,未,2026-09-08T15:51:25Z,"Kotani, Miki/小谷 美輝",12:05,False,1.0,475,,
02N,2982,2,07,617766003000,2026090812,1000,N,440,1,,72.905,500,21,Q10-B-1,日野,未,2026-09-08T15:51:22Z,"Kotani, Miki/小谷 美輝",12:05,False,1.0,475,,
02N,2982,2,06,486246006000,2026090713,1000,N,196,1,,72.913,750,1,Q10-A-13,日野,未,2026-09-08T15:51:10Z,"Kotani, Miki/小谷 美輝",13:21,False,2.0,476,,
02N,2982,2,06,486236006000,2026090713,1000,N,195,1,,72.912,750,1,Q10-A-12,日野,未,2026-09-08T15:51:07Z,"Kotani, Miki/小谷 美輝",13:21,False,2.0,476,,
02N,2982,2,06,486226006000,2026090713,1000,N,194,1,,72.911,750,1,Q10-A-11,日野,未,2026-09-08T15:51:06Z,"Kotani, Miki/小谷 美輝",13:21,False,2.0,476,,
02N,2982,2,06,486216006000,2026090713,1000,N,193,1,,72.91,750,1,Q10-A-10,日野,未,2026-09-08T15:51:04Z,"Kotani, Miki/小谷 美輝",13:21,False,3.0,477,,
02N,2982,2,07,616236014000,2026090713,1000,N,431,2,,72.908,500,1,Q10-B-7,日野,未,2026-09-08T15:51:14Z,"Kotani, Miki/小谷 美輝",13:21,False,3.0,477,,
02N,2982,2,07,616236014000,2026090713,1000,N,431,2,,72.908,500,1,Q10-B-7,日野,未,2026-09-08T15:51:14Z,"Kotani, Miki/小谷 美輝",13:21,False,3.0,477,,
02N,2982,2,07,616246010000,2026090713,1000,N,432,1,,72.907,500,1,Q10-B-5,日野,未,2026-09-08T15:51:16Z,"Kotani, Miki/小谷 美輝",13:21,False,3.0,477,,
02N,2982,2,06,486216006000,2026090813,1000,N,193,1,,72.91,750,1,Q10-A-10,日野,未,2026-09-08T15:51:05Z,"Kotani, Miki/小谷 美輝",13:21,False,2.0,478,,
02N,2982,2,07,616246010000,2026090813,1000,N,432,1,,72.907,500,1,Q10-B-5,日野,未,2026-09-08T15:51:17Z,"Kotani, Miki/小谷 美輝",13:21,False,2.0,478,,
02N,2982,2,07,617416014000,2026090813,1000,N,437,1,,62.1901,750,1,Q10-D-25,日野,未,2026-09-08T15:51:18Z,"Kotani, Miki/小谷 美輝",13:21,False,2.0,478,,
02N,2982,2,07,631426010000,2026090813,1000,N,443,1,,72.916,1000,1,Q10-A-24,日野,未,2026-09-08T15:51:23Z,"Kotani, Miki/小谷 美輝",13:21,True,1.0,479,,
02N,2982,2,07,617426014000,2026090813,1000,N,438,2,,62.19,750,1,Q10-D-23,日野,未,2026-09-08T15:51:20Z,"Kotani, Miki/小谷 美輝",13:21,False,3.0,479,,
02N,2982,2,07,617426014000,2026090813,1000,N,438,2,,62.19,750,1,Q10-D-23,日野,未,2026-09-08T15:51:20Z,"Kotani, Miki/小谷 美輝",13:21,False,3.0,479,,
02N,2982,2,07,5831160F1000,2026090813,1000,N,248,1,,72.918,600,5,Q10-B-23,日野,未,2026-09-08T15:51:12Z,"Kotani, Miki/小谷 美輝",13:21,,,480,12.0,
02N,2982,2,07,5831160F4000,2026090713,1000,N,250,1,,72.917,600,5,Q10-A-27,日野,未,2026-09-08T15:51:14Z,"Kotani, Miki/小谷 美輝",13:21,,,480,12.0,
02N,2982,2,W5,671456020000,2026090713,1000,N,477,2,,72.915,500,21,Q10-A-22,日野,未,2026-09-08T15:51:24Z,"Kotani, Miki/小谷 美輝",13:21,False,1.0,481,,
02N,2982,2,W5,671456020000,2026090713,1000,N,477,2,,72.915,500,21,Q10-A-22,日野,未,2026-09-08T15:51:24Z,"Kotani, Miki/小谷 美輝",13:21,False,1.0,481,,
02N,2982,2,W5,671466020000,2026090713,1000,N,478,1,,72.914,500,21,Q10-A-20,日野,未,2026-09-08T15:51:25Z,"Kotani, Miki/小谷 美輝",13:21,False,1.0,481,,
02N,2982,2,07,617756002000,2026090713,1000,N,439,1,,72.906,500,21,Q10-B-3,日野,未,2026-09-08T15:51:21Z,"Kotani, Miki/小谷 美輝",13:21,False,1.0,481,,
02N,2982,2,07,617756003000,2026090713,1000,N,441,1,,72.901,500,21,Q10-B-B,日野,未,2026-09-08T15:51:21Z,"Kotani, Miki/小谷 美輝",13:21,False,2.0,482,,
02N,2982,2,W5,671456020000,2026090813,1000,N,477,1,,72.915,500,21,Q10-A-22,日野,未,2026-09-08T15:51:24Z,"Kotani, Miki/小谷 美輝",13:21,False,1.0,483,,
02N,2982,2,W5,671466020000,2026090813,1000,N,478,1,,72.914,500,21,Q10-A-20,日野,未,2026-09-08T15:51:26Z,"Kotani, Miki/小谷 美輝",13:21,False,1.0,483,,
02N,2982,2,07,617756002000,2026090813,1000,N,439,1,,72.906,500,21,Q10-B-3,日野,未,2026-09-08T15:51:21Z,"Kotani, Miki/小谷 美輝",13:21,False,1.0,483,,
02N,2982,2,07,617766004000,2026090813,1000,N,442,1,,72.9,500,21,Q10-B-A,日野,未,2026-09-08T15:51:22Z,"Kotani, Miki/小谷 美輝",13:21,False,1.0,483,,
02N,2982,2,06,486246006000,2026090714,1000,N,196,1,,72.913,750,1,Q10-A-13,日野,未,2026-09-08T15:51:10Z,"Kotani, Miki/小谷 美輝",14:15,False,2.0,484,,
02N,2982,2,06,486236006000,2026090714,1000,N,195,1,,72.912,750,1,Q10-A-12,日野,未,2026-09-08T15:51:07Z,"Kotani, Miki/小谷 美輝",14:15,False,2.0,484,,
02N,2982,2,06,486216006000,2026090714,1000,N,193,1,,72.91,750,1,Q10-A-10,日野,未,2026-09-08T15:51:04Z,"Kotani, Miki/小谷 美輝",14:15,False,2.0,484,,
02N,2982,2,06,486236006000,2026090814,1000,N,195,1,,72.912,750,1,Q10-A-12,日野,未,2026-09-08T15:51:08Z,"Kotani, Miki/小谷 美輝",14:15,False,2.0,485,,
02N,2982,2,06,486226006000,2026090814,1000,N,194,1,,72.911,750,1,Q10-A-11,日野,未,2026-09-08T15:51:07Z,"Kotani, Miki/小谷 美輝",14:15,False,2.0,485,,
02N,2982,2,06,486216006000,2026090814,1000,N,193,1,,72.91,750,1,Q10-A-10,日野,未,2026-09-08T15:51:05Z,"Kotani, Miki/小谷 美輝",14:15,False,2.0,485,,
02N,2982,2,07,616236014000,2026090814,1000,N,431,1,,72.908,500,1,Q10-B-7,日野,未,2026-09-08T15:51:15Z,"Kotani, Miki/小谷 美輝",14:15,False,3.0,486,,
02N,2982,2,07,617416014000,2026090814,1000,N,437,1,,62.1901,750,1,Q10-D-25,日野,未,2026-09-08T15:51:18Z,"Kotani, Miki/小谷 美輝",14:15,False,3.0,486,,
02N,2982,2,07,617426014000,2026090814,1000,N,438,1,,62.19,750,1,Q10-D-23,日野,未,2026-09-08T15:51:20Z,"Kotani, Miki/小谷 美輝",14:15,False,3.0,486,,
02N,2982,2,07,5831160F1000,2026090714,1000,N,248,1,,72.918,600,5,Q10-B-23,日野,未,2026-09-08T15:51:12Z,"Kotani, Miki/小谷 美輝",14:15,,,487,13.0,
02N,2982,2,07,5831160F4000,2026090814,1000,N,250,1,,72.917,600,5,Q10-A-27,日野,未,2026-09-08T15:51:14Z,"Kotani, Miki/小谷 美輝",14:15,,,487,13.0,
02N,2982,2,07,631486005000,2026090714,1000,N,471,1,,72.904,600,11,Q10-A-3,日野,未,2026-09-08T15:51:24Z,"Kotani, Miki/小谷 美輝",14:15,,,488,3.0,
02N,2982,2,07,631496003000,2026090714,1000,N,472,1,,72.903,600,11,Q10-A-1,日野,未,2026-09-08T15:51:24Z,"Kotani, Miki/小谷 美輝",14:15,,,488,3.0,
